{
"type": "FeatureCollection",
"name": "hanriver_priority_queue",
"crs": { "type": "name", "properties": { "name": "urn:ogc:def:crs:EPSG::5179" } },
"features": [
{ "type": "Feature", "properties": { "rank": 1, "site_id": "HANRIVER_4167035039103690005", "pnu": "4167035039103690005", "jibun": "369-5전", "addr": "경기도 여주시 대신면 양촌리 369-5", "inspection_priority_score": 67, "priority_tier": "2순위", "weight_coverage": 0.75, "anomaly_score": 0.54, "change_type_hint": "moisture_increase", "sar_vv_delta": -3.305, "recent_rainfall_mm": 126.9, "adjacent_to_water": false, "changed_area_ratio_source": "pixel_diff", "evidence_confidence_json": { "level": "높음", "score": 6, "factors": [ { "label": "유효 광학 장면 충분", "effect": 1, "detail": "현재기간 4장" }, { "label": "기준기간 관측 충분", "effect": 1, "detail": "기준기간 7장" }, { "label": "영상 품질 양호", "effect": 1, "detail": "현재기간 평균 구름 0%" }, { "label": "NDVI·NDMI 방향 일치", "effect": 1, "detail": "둘 다 증가" }, { "label": "광학·SAR 센서 일치", "effect": 2, "detail": "서로 다른 센서가 같은 변화를 가리킴" }, { "label": "변화면적 픽셀 실측", "effect": 1, "detail": "NDVI 픽셀 단위 차분으로 직접 측정" }, { "label": "강우 교란 가능성", "effect": -1, "detail": "최근 14일 127mm 강우 + 습윤 신호 — 기상에 의한 변화일 수 있음" } ] }, "contributing_factors_json": [ { "factor": "anomaly_score_mean", "value": 0.54, "weight": 0.3 }, { "factor": "changed_area_ratio", "value": 0.9184, "weight": 0.15 }, { "factor": "sar_anomaly_mean", "value": 1.0, "weight": 0.1 }, { "factor": "recent_rainfall_mm", "value": 126.9, "weight": 0.1 }, { "factor": "adjacent_to_water", "value": false, "weight": 0.1 } ], "baseline_scenes_json": [ { "source": "sentinel2", "acquisition_date": "2024-06-20", "cloud_cover_pct": 0, "indices": { "ndvi_mean": 0.2655, "ndmi_mean": -0.0427 } }, { "source": "sentinel2", "acquisition_date": "2024-07-10", "cloud_cover_pct": 0, "indices": { "ndvi_mean": 0.4193, "ndmi_mean": 0.0555 } }, { "source": "sentinel2", "acquisition_date": "2024-08-04", "cloud_cover_pct": 0, "indices": { "ndvi_mean": 0.4368, "ndmi_mean": -0.063 } }, { "source": "sentinel2", "acquisition_date": "2024-08-09", "cloud_cover_pct": 0, "indices": { "ndvi_mean": 0.5042, "ndmi_mean": 0.0292 } }, { "source": "sentinel2", "acquisition_date": "2024-08-14", "cloud_cover_pct": 0, "indices": { "ndvi_mean": 0.4859, "ndmi_mean": -0.072 } }, { "source": "sentinel2", "acquisition_date": "2024-08-19", "cloud_cover_pct": 0, "indices": { "ndvi_mean": 0.4884, "ndmi_mean": -0.054 } }, { "source": "sentinel2", "acquisition_date": "2024-08-29", "cloud_cover_pct": 0, "indices": { "ndvi_mean": 0.5369, "ndmi_mean": -0.0142 } } ], "current_scenes_json": [ { "source": "sentinel2", "acquisition_date": "2026-06-05", "cloud_cover_pct": 0, "indices": { "ndvi_mean": 0.6819, "ndmi_mean": 0.1774 } }, { "source": "sentinel2", "acquisition_date": "2026-06-15", "cloud_cover_pct": 0, "indices": { "ndvi_mean": 0.6131, "ndmi_mean": 0.1092 } }, { "source": "sentinel2", "acquisition_date": "2026-08-04", "cloud_cover_pct": 0, "indices": { "ndvi_mean": 0.7503, "ndmi_mean": 0.1199 } }, { "source": "sentinel2", "acquisition_date": "2026-08-24", "cloud_cover_pct": 0, "indices": { "ndvi_mean": 0.8265, "ndmi_mean": 0.2747 } } ] }, "geometry": { "type": "MultiPolygon", "coordinates": [ [ [ [ 1004714.092320295865647, 1931082.121897084172815 ], [ 1004718.633602832793258, 1931070.048012450104579 ], [ 1004736.473299191100523, 1931043.409027714282274 ], [ 1004748.9786640657112, 1931020.443673969479278 ], [ 1004750.838994673569687, 1931016.491517487214878 ], [ 1004729.415383602376096, 1931007.278613016940653 ], [ 1004690.235263851704076, 1931068.655651668552309 ], [ 1004714.092320295865647, 1931082.121897084172815 ] ] ] ] } },
{ "type": "Feature", "properties": { "rank": 2, "site_id": "HANRIVER_4167035039102780001", "pnu": "4167035039102780001", "jibun": "278-1전", "addr": "경기도 여주시 대신면 양촌리 278-1", "inspection_priority_score": 65, "priority_tier": "2순위", "weight_coverage": 0.75, "anomaly_score": 0.479, "change_type_hint": "vegetation_decline", "sar_vv_delta": -5.417, "recent_rainfall_mm": 126.9, "adjacent_to_water": false, "changed_area_ratio_source": "pixel_diff", "evidence_confidence_json": { "level": "높음", "score": 3, "factors": [ { "label": "유효 광학 장면 충분", "effect": 1, "detail": "현재기간 4장" }, { "label": "기준기간 관측 충분", "effect": 1, "detail": "기준기간 8장" }, { "label": "영상 품질 양호", "effect": 1, "detail": "현재기간 평균 구름 0%" }, { "label": "NDVI·NDMI 방향 일치", "effect": 1, "detail": "둘 다 감소" }, { "label": "광학·SAR 센서 불일치", "effect": -1, "detail": "두 센서가 다른 방향을 가리킴" }, { "label": "변화면적 픽셀 실측", "effect": 1, "detail": "NDVI 픽셀 단위 차분으로 직접 측정" }, { "label": "강우 교란 가능성", "effect": -1, "detail": "최근 14일 127mm 강우 + 습윤 신호 — 기상에 의한 변화일 수 있음" } ] }, "contributing_factors_json": [ { "factor": "anomaly_score_mean", "value": 0.479, "weight": 0.3 }, { "factor": "changed_area_ratio", "value": 0.9562, "weight": 0.15 }, { "factor": "sar_anomaly_mean", "value": 1.0, "weight": 0.1 }, { "factor": "recent_rainfall_mm", "value": 126.9, "weight": 0.1 }, { "factor": "adjacent_to_water", "value": false, "weight": 0.1 } ], "baseline_scenes_json": [ { "source": "sentinel2", "acquisition_date": "2024-06-20", "cloud_cover_pct": 0, "indices": { "ndvi_mean": 0.2777, "ndmi_mean": 0.0342 } }, { "source": "sentinel2", "acquisition_date": "2024-07-10", "cloud_cover_pct": 0, "indices": { "ndvi_mean": 0.7008, "ndmi_mean": 0.2971 } }, { "source": "sentinel2", "acquisition_date": "2024-08-04", "cloud_cover_pct": 0, "indices": { "ndvi_mean": 0.7644, "ndmi_mean": 0.2506 } }, { "source": "sentinel2", "acquisition_date": "2024-08-09", "cloud_cover_pct": 0, "indices": { "ndvi_mean": 0.8084, "ndmi_mean": 0.3219 } }, { "source": "sentinel2", "acquisition_date": "2024-08-14", "cloud_cover_pct": 0, "indices": { "ndvi_mean": 0.7981, "ndmi_mean": 0.2509 } }, { "source": "sentinel2", "acquisition_date": "2024-08-19", "cloud_cover_pct": 0, "indices": { "ndvi_mean": 0.8118, "ndmi_mean": 0.2731 } }, { "source": "sentinel2", "acquisition_date": "2024-08-24", "cloud_cover_pct": 0, "indices": { "ndvi_mean": 0.6276, "ndmi_mean": 0.251 } }, { "source": "sentinel2", "acquisition_date": "2024-08-29", "cloud_cover_pct": 0, "indices": { "ndvi_mean": 0.8376, "ndmi_mean": 0.3091 } } ], "current_scenes_json": [ { "source": "sentinel2", "acquisition_date": "2026-06-05", "cloud_cover_pct": 0, "indices": { "ndvi_mean": 0.3382, "ndmi_mean": -0.0214 } }, { "source": "sentinel2", "acquisition_date": "2026-06-15", "cloud_cover_pct": 0, "indices": { "ndvi_mean": 0.3217, "ndmi_mean": -0.0481 } }, { "source": "sentinel2", "acquisition_date": "2026-08-04", "cloud_cover_pct": 0, "indices": { "ndvi_mean": 0.5515, "ndmi_mean": 0.005 } }, { "source": "sentinel2", "acquisition_date": "2026-08-24", "cloud_cover_pct": 0, "indices": { "ndvi_mean": 0.6446, "ndmi_mean": 0.127 } } ] }, "geometry": { "type": "MultiPolygon", "coordinates": [ [ [ [ 1004621.850621188641526, 1930908.240860674297437 ], [ 1004649.521484527969733, 1930918.001528790220618 ], [ 1004653.558922398486175, 1930902.130912997527048 ], [ 1004664.583132112631574, 1930875.609889664920047 ], [ 1004671.219710152596235, 1930863.569920493289828 ], [ 1004645.006952504743822, 1930854.324329070979729 ], [ 1004637.559763887547888, 1930867.698017002781853 ], [ 1004625.687314217328094, 1930895.619929937180132 ], [ 1004621.850621188641526, 1930908.240860674297437 ] ] ] ] } },
{ "type": "Feature", "properties": { "rank": 3, "site_id": "HANRIVER_4167035039102780000", "pnu": "4167035039102780000", "jibun": "278 전", "addr": "경기도 여주시 대신면 양촌리 278", "inspection_priority_score": 64, "priority_tier": "2순위", "weight_coverage": 0.75, "anomaly_score": 0.46, "change_type_hint": "bare_ground_increase", "sar_vv_delta": -4.153, "recent_rainfall_mm": 126.9, "adjacent_to_water": false, "changed_area_ratio_source": "pixel_diff", "evidence_confidence_json": { "level": "높음", "score": 3, "factors": [ { "label": "유효 광학 장면 충분", "effect": 1, "detail": "현재기간 4장" }, { "label": "기준기간 관측 충분", "effect": 1, "detail": "기준기간 8장" }, { "label": "영상 품질 양호", "effect": 1, "detail": "현재기간 평균 구름 0%" }, { "label": "NDVI·NDMI 방향 일치", "effect": 1, "detail": "둘 다 감소" }, { "label": "광학·SAR 센서 불일치", "effect": -1, "detail": "두 센서가 다른 방향을 가리킴" }, { "label": "변화면적 픽셀 실측", "effect": 1, "detail": "NDVI 픽셀 단위 차분으로 직접 측정" }, { "label": "강우 교란 가능성", "effect": -1, "detail": "최근 14일 127mm 강우 + 습윤 신호 — 기상에 의한 변화일 수 있음" } ] }, "contributing_factors_json": [ { "factor": "anomaly_score_mean", "value": 0.46, "weight": 0.3 }, { "factor": "changed_area_ratio", "value": 0.9384, "weight": 0.15 }, { "factor": "sar_anomaly_mean", "value": 1.0, "weight": 0.1 }, { "factor": "recent_rainfall_mm", "value": 126.9, "weight": 0.1 }, { "factor": "adjacent_to_water", "value": false, "weight": 0.1 } ], "baseline_scenes_json": [ { "source": "sentinel2", "acquisition_date": "2024-06-20", "cloud_cover_pct": 0, "indices": { "ndvi_mean": 0.2342, "ndmi_mean": 0.0105 } }, { "source": "sentinel2", "acquisition_date": "2024-07-10", "cloud_cover_pct": 0, "indices": { "ndvi_mean": 0.6614, "ndmi_mean": 0.2707 } }, { "source": "sentinel2", "acquisition_date": "2024-08-04", "cloud_cover_pct": 0, "indices": { "ndvi_mean": 0.7497, "ndmi_mean": 0.2349 } }, { "source": "sentinel2", "acquisition_date": "2024-08-09", "cloud_cover_pct": 0, "indices": { "ndvi_mean": 0.7871, "ndmi_mean": 0.3081 } }, { "source": "sentinel2", "acquisition_date": "2024-08-14", "cloud_cover_pct": 0, "indices": { "ndvi_mean": 0.7763, "ndmi_mean": 0.2382 } }, { "source": "sentinel2", "acquisition_date": "2024-08-19", "cloud_cover_pct": 0, "indices": { "ndvi_mean": 0.7214, "ndmi_mean": 0.2277 } }, { "source": "sentinel2", "acquisition_date": "2024-08-24", "cloud_cover_pct": 0, "indices": { "ndvi_mean": 0.6146, "ndmi_mean": 0.242 } }, { "source": "sentinel2", "acquisition_date": "2024-08-29", "cloud_cover_pct": 0, "indices": { "ndvi_mean": 0.8207, "ndmi_mean": 0.2986 } } ], "current_scenes_json": [ { "source": "sentinel2", "acquisition_date": "2026-06-05", "cloud_cover_pct": 0, "indices": { "ndvi_mean": 0.3352, "ndmi_mean": -0.0275 } }, { "source": "sentinel2", "acquisition_date": "2026-06-15", "cloud_cover_pct": 0, "indices": { "ndvi_mean": 0.3079, "ndmi_mean": -0.059 } }, { "source": "sentinel2", "acquisition_date": "2026-08-04", "cloud_cover_pct": 0, "indices": { "ndvi_mean": 0.5252, "ndmi_mean": -0.0265 } }, { "source": "sentinel2", "acquisition_date": "2026-08-24", "cloud_cover_pct": 0, "indices": { "ndvi_mean": 0.6135, "ndmi_mean": 0.1093 } } ] }, "geometry": { "type": "MultiPolygon", "coordinates": [ [ [ [ 1004613.430439341696911, 1930966.582661930238828 ], [ 1004633.71762749471236, 1930967.107249652734026 ], [ 1004644.876388792064972, 1930966.441572423325852 ], [ 1004644.837114530149847, 1930965.44020369858481 ], [ 1004645.021084366482683, 1930965.449227849720046 ], [ 1004642.863670681603253, 1930957.249097019666806 ], [ 1004644.897432255325839, 1930936.16927205491811 ], [ 1004649.518485879525542, 1930918.001544627361 ], [ 1004621.848622086574323, 1930908.24087123433128 ], [ 1004619.964163556112908, 1930914.438205463113263 ], [ 1004614.88768063520547, 1930934.759428503224626 ], [ 1004611.924375150236301, 1930955.851160475984216 ], [ 1004613.017096441006288, 1930964.402768312487751 ], [ 1004613.390875049983151, 1930964.390798466280103 ], [ 1004613.430439341696911, 1930966.582661930238828 ] ] ] ] } },
{ "type": "Feature", "properties": { "rank": 4, "site_id": "HANRIVER_4183033027100470016", "pnu": "4183033027100470016", "jibun": "47-16대", "addr": "경기도 양평군 양서면 대심리 47-16", "inspection_priority_score": 60, "priority_tier": "2순위", "weight_coverage": 0.75, "anomaly_score": 0.35, "change_type_hint": "vegetation_decline", "sar_vv_delta": -0.548, "recent_rainfall_mm": 148.5, "adjacent_to_water": true, "changed_area_ratio_source": "pixel_diff", "evidence_confidence_json": { "level": "높음", "score": 3, "factors": [ { "label": "유효 광학 장면 충분", "effect": 1, "detail": "현재기간 3장" }, { "label": "기준기간 관측 충분", "effect": 1, "detail": "기준기간 8장" }, { "label": "영상 품질 양호", "effect": 1, "detail": "현재기간 평균 구름 0%" }, { "label": "NDVI·NDMI 방향 일치", "effect": 1, "detail": "둘 다 감소" }, { "label": "광학·SAR 센서 불일치", "effect": -1, "detail": "두 센서가 다른 방향을 가리킴" }, { "label": "변화면적 픽셀 실측", "effect": 1, "detail": "NDVI 픽셀 단위 차분으로 직접 측정" }, { "label": "강우 교란 가능성", "effect": -1, "detail": "최근 14일 148mm 강우 + 습윤 신호 — 기상에 의한 변화일 수 있음" } ] }, "contributing_factors_json": [ { "factor": "anomaly_score_mean", "value": 0.35, "weight": 0.3 }, { "factor": "changed_area_ratio", "value": 0.8611, "weight": 0.15 }, { "factor": "sar_anomaly_mean", "value": 0.183, "weight": 0.1 }, { "factor": "recent_rainfall_mm", "value": 148.5, "weight": 0.1 }, { "factor": "adjacent_to_water", "value": true, "weight": 0.1 } ], "baseline_scenes_json": [ { "source": "sentinel2", "acquisition_date": "2024-06-10", "cloud_cover_pct": 0, "indices": { "ndvi_mean": 0.5055, "ndmi_mean": 0.1463 } }, { "source": "sentinel2", "acquisition_date": "2024-07-15", "cloud_cover_pct": 37.8, "indices": { "ndvi_mean": 0.5485, "ndmi_mean": 0.1895 } }, { "source": "sentinel2", "acquisition_date": "2024-08-04", "cloud_cover_pct": 0, "indices": { "ndvi_mean": 0.7422, "ndmi_mean": 0.2541 } }, { "source": "sentinel2", "acquisition_date": "2024-08-09", "cloud_cover_pct": 0, "indices": { "ndvi_mean": 0.7717, "ndmi_mean": 0.3056 } }, { "source": "sentinel2", "acquisition_date": "2024-08-14", "cloud_cover_pct": 0, "indices": { "ndvi_mean": 0.752, "ndmi_mean": 0.2707 } }, { "source": "sentinel2", "acquisition_date": "2024-08-19", "cloud_cover_pct": 0, "indices": { "ndvi_mean": 0.7309, "ndmi_mean": 0.2312 } }, { "source": "sentinel2", "acquisition_date": "2024-08-24", "cloud_cover_pct": 0, "indices": { "ndvi_mean": 0.6626, "ndmi_mean": 0.231 } }, { "source": "sentinel2", "acquisition_date": "2024-08-29", "cloud_cover_pct": 0, "indices": { "ndvi_mean": 0.7774, "ndmi_mean": 0.2853 } } ], "current_scenes_json": [ { "source": "sentinel2", "acquisition_date": "2026-06-05", "cloud_cover_pct": 0, "indices": { "ndvi_mean": 0.4305, "ndmi_mean": 0.0876 } }, { "source": "sentinel2", "acquisition_date": "2026-06-15", "cloud_cover_pct": 0, "indices": { "ndvi_mean": 0.465, "ndmi_mean": 0.1073 } }, { "source": "sentinel2", "acquisition_date": "2026-08-04", "cloud_cover_pct": 0, "indices": { "ndvi_mean": 0.6386, "ndmi_mean": 0.1556 } } ] }, "geometry": { "type": "MultiPolygon", "coordinates": [ [ [ [ 991769.355984015855938, 1944817.879958131117746 ], [ 991777.762221351033077, 1944822.159665453713387 ], [ 991781.493977088364772, 1944825.232634835643694 ], [ 991798.897679478279315, 1944811.422070579370484 ], [ 991795.931887782062404, 1944807.835252928780392 ], [ 991794.608041137107648, 1944805.497224220307544 ], [ 991782.251019425224513, 1944796.612334884004667 ], [ 991780.870036482927389, 1944795.754003381589428 ], [ 991776.5944192254683, 1944803.611442956607789 ], [ 991769.355984015855938, 1944817.879958131117746 ] ] ] ] } },
{ "type": "Feature", "properties": { "rank": 5, "site_id": "HANRIVER_4183041022101130007", "pnu": "4183041022101130007", "jibun": "113-7전", "addr": "경기도 양평군 개군면 구미리 113-7", "inspection_priority_score": 55, "priority_tier": "2순위", "weight_coverage": 0.75, "anomaly_score": 0.269, "change_type_hint": "no_significant_change", "sar_vv_delta": -3.42, "recent_rainfall_mm": 126.9, "adjacent_to_water": true, "changed_area_ratio_source": "pixel_diff", "evidence_confidence_json": { "level": "높음", "score": 6, "factors": [ { "label": "유효 광학 장면 충분", "effect": 1, "detail": "현재기간 3장" }, { "label": "기준기간 관측 충분", "effect": 1, "detail": "기준기간 7장" }, { "label": "영상 품질 양호", "effect": 1, "detail": "현재기간 평균 구름 0%" }, { "label": "NDVI·NDMI 방향 일치", "effect": 1, "detail": "둘 다 증가" }, { "label": "광학·SAR 센서 일치", "effect": 2, "detail": "서로 다른 센서가 같은 변화를 가리킴" }, { "label": "변화면적 픽셀 실측", "effect": 1, "detail": "NDVI 픽셀 단위 차분으로 직접 측정" }, { "label": "강우 교란 가능성", "effect": -1, "detail": "최근 14일 127mm 강우 + 습윤 신호 — 기상에 의한 변화일 수 있음" } ] }, "contributing_factors_json": [ { "factor": "anomaly_score_mean", "value": 0.269, "weight": 0.3 }, { "factor": "changed_area_ratio", "value": 0.2221, "weight": 0.15 }, { "factor": "sar_anomaly_mean", "value": 1.0, "weight": 0.1 }, { "factor": "recent_rainfall_mm", "value": 126.9, "weight": 0.1 }, { "factor": "adjacent_to_water", "value": true, "weight": 0.1 } ], "baseline_scenes_json": [ { "source": "sentinel2", "acquisition_date": "2024-06-10", "cloud_cover_pct": 0, "indices": { "ndvi_mean": 0.5825, "ndmi_mean": 0.2569 } }, { "source": "sentinel2", "acquisition_date": "2024-08-04", "cloud_cover_pct": 0, "indices": { "ndvi_mean": 0.7698, "ndmi_mean": 0.271 } }, { "source": "sentinel2", "acquisition_date": "2024-08-09", "cloud_cover_pct": 0, "indices": { "ndvi_mean": 0.7263, "ndmi_mean": 0.2511 } }, { "source": "sentinel2", "acquisition_date": "2024-08-14", "cloud_cover_pct": 0, "indices": { "ndvi_mean": 0.7017, "ndmi_mean": 0.2254 } }, { "source": "sentinel2", "acquisition_date": "2024-08-19", "cloud_cover_pct": 0, "indices": { "ndvi_mean": 0.7318, "ndmi_mean": 0.2451 } }, { "source": "sentinel2", "acquisition_date": "2024-08-24", "cloud_cover_pct": 0, "indices": { "ndvi_mean": 0.3887, "ndmi_mean": 0.3722 } }, { "source": "sentinel2", "acquisition_date": "2024-08-29", "cloud_cover_pct": 0, "indices": { "ndvi_mean": 0.7399, "ndmi_mean": 0.2424 } } ], "current_scenes_json": [ { "source": "sentinel2", "acquisition_date": "2026-06-05", "cloud_cover_pct": 0, "indices": { "ndvi_mean": 0.7897, "ndmi_mean": 0.3437 } }, { "source": "sentinel2", "acquisition_date": "2026-06-15", "cloud_cover_pct": 0, "indices": { "ndvi_mean": 0.7935, "ndmi_mean": 0.3205 } }, { "source": "sentinel2", "acquisition_date": "2026-08-04", "cloud_cover_pct": 0, "indices": { "ndvi_mean": 0.8099, "ndmi_mean": 0.2585 } } ] }, "geometry": { "type": "MultiPolygon", "coordinates": [ [ [ [ 1002264.455959787010215, 1937703.62026221351698 ], [ 1002263.73061268532183, 1937706.143038959475234 ], [ 1002251.524614786962047, 1937702.149299846030772 ], [ 1002231.735768082668073, 1937700.794571181293577 ], [ 1002229.479208987788297, 1937702.966597075341269 ], [ 1002232.165188023936935, 1937708.279151557711884 ], [ 1002241.004768644925207, 1937731.582581489114091 ], [ 1002242.272974955965765, 1937735.124381924513727 ], [ 1002263.613285550498404, 1937740.659143049269915 ], [ 1002284.6164680570364, 1937712.689779485343024 ], [ 1002275.741726439562626, 1937709.198203841457143 ], [ 1002280.058225396554917, 1937699.429474146105349 ], [ 1002265.428647668566555, 1937700.236538900528103 ], [ 1002265.017394979135133, 1937701.668112722458318 ], [ 1002266.319037310779095, 1937702.270972257945687 ], [ 1002265.468779686954804, 1937704.04472491866909 ], [ 1002264.455959787010215, 1937703.62026221351698 ] ] ] ] } },
{ "type": "Feature", "properties": { "rank": 6, "site_id": "HANRIVER_4136036024103330000", "pnu": "4136036024103330000", "jibun": "333전", "addr": "경기도 남양주시 조안면 송촌리 333", "inspection_priority_score": 53, "priority_tier": "2순위", "weight_coverage": 0.75, "anomaly_score": 0.175, "change_type_hint": "no_significant_change", "sar_vv_delta": -2.082, "recent_rainfall_mm": 138.6, "adjacent_to_water": true, "changed_area_ratio_source": "pixel_diff", "evidence_confidence_json": { "level": "보통", "score": 2, "factors": [ { "label": "유효 광학 장면 충분", "effect": 1, "detail": "현재기간 4장" }, { "label": "기준기간 관측 충분", "effect": 1, "detail": "기준기간 7장" }, { "label": "영상 품질 양호", "effect": 1, "detail": "현재기간 평균 구름 5%" }, { "label": "광학·SAR 센서 불일치", "effect": -1, "detail": "두 센서가 다른 방향을 가리킴" }, { "label": "변화면적 픽셀 실측", "effect": 1, "detail": "NDVI 픽셀 단위 차분으로 직접 측정" }, { "label": "강우 교란 가능성", "effect": -1, "detail": "최근 14일 139mm 강우 + 습윤 신호 — 기상에 의한 변화일 수 있음" } ] }, "contributing_factors_json": [ { "factor": "anomaly_score_mean", "value": 0.175, "weight": 0.3 }, { "factor": "changed_area_ratio", "value": 0.5096, "weight": 0.15 }, { "factor": "sar_anomaly_mean", "value": 0.694, "weight": 0.1 }, { "factor": "recent_rainfall_mm", "value": 138.6, "weight": 0.1 }, { "factor": "adjacent_to_water", "value": true, "weight": 0.1 } ], "baseline_scenes_json": [ { "source": "sentinel2", "acquisition_date": "2024-06-10", "cloud_cover_pct": 0, "indices": { "ndvi_mean": 0.3672, "ndmi_mean": 0.0569 } }, { "source": "sentinel2", "acquisition_date": "2024-07-10", "cloud_cover_pct": 0, "indices": { "ndvi_mean": 0.4877, "ndmi_mean": 0.0164 } }, { "source": "sentinel2", "acquisition_date": "2024-08-04", "cloud_cover_pct": 0, "indices": { "ndvi_mean": 0.7874, "ndmi_mean": 0.3025 } }, { "source": "sentinel2", "acquisition_date": "2024-08-09", "cloud_cover_pct": 0, "indices": { "ndvi_mean": 0.8215, "ndmi_mean": 0.3815 } }, { "source": "sentinel2", "acquisition_date": "2024-08-14", "cloud_cover_pct": 0, "indices": { "ndvi_mean": 0.7713, "ndmi_mean": 0.302 } }, { "source": "sentinel2", "acquisition_date": "2024-08-19", "cloud_cover_pct": 0, "indices": { "ndvi_mean": 0.7164, "ndmi_mean": 0.2697 } }, { "source": "sentinel2", "acquisition_date": "2024-08-29", "cloud_cover_pct": 0, "indices": { "ndvi_mean": 0.7911, "ndmi_mean": 0.3165 } } ], "current_scenes_json": [ { "source": "sentinel2", "acquisition_date": "2026-06-05", "cloud_cover_pct": 18.4, "indices": { "ndvi_mean": 0.3495, "ndmi_mean": 0.166 } }, { "source": "sentinel2", "acquisition_date": "2026-06-10", "cloud_cover_pct": 0, "indices": { "ndvi_mean": 0.6134, "ndmi_mean": 0.2664 } }, { "source": "sentinel2", "acquisition_date": "2026-06-15", "cloud_cover_pct": 0, "indices": { "ndvi_mean": 0.6567, "ndmi_mean": 0.2242 } }, { "source": "sentinel2", "acquisition_date": "2026-08-04", "cloud_cover_pct": 0, "indices": { "ndvi_mean": 0.7401, "ndmi_mean": 0.2187 } } ] }, "geometry": { "type": "MultiPolygon", "coordinates": [ [ [ [ 984130.911293527344242, 1951599.463347117882222 ], [ 984141.865582861821167, 1951608.826470441650599 ], [ 984158.279787632869557, 1951595.781607427634299 ], [ 984165.572597235208377, 1951587.627181595889851 ], [ 984153.254368461552076, 1951578.172331996960565 ], [ 984151.793002099380828, 1951577.050535653019324 ], [ 984149.720033205696382, 1951578.219066181685776 ], [ 984144.551796374726109, 1951582.872622779803351 ], [ 984130.911293527344242, 1951599.463347117882222 ] ] ] ] } },
{ "type": "Feature", "properties": { "rank": 7, "site_id": "HANRIVER_4183025022101500071", "pnu": "4183025022101500071", "jibun": "150-71전", "addr": "경기도 양평군 양평읍 오빈리 150-71", "inspection_priority_score": 50, "priority_tier": "2순위", "weight_coverage": 0.75, "anomaly_score": 0.187, "change_type_hint": "no_significant_change", "sar_vv_delta": -2.813, "recent_rainfall_mm": 145.4, "adjacent_to_water": true, "changed_area_ratio_source": "pixel_diff", "evidence_confidence_json": { "level": "높음", "score": 6, "factors": [ { "label": "유효 광학 장면 충분", "effect": 1, "detail": "현재기간 4장" }, { "label": "기준기간 관측 충분", "effect": 1, "detail": "기준기간 8장" }, { "label": "영상 품질 양호", "effect": 1, "detail": "현재기간 평균 구름 0%" }, { "label": "NDVI·NDMI 방향 일치", "effect": 1, "detail": "둘 다 증가" }, { "label": "광학·SAR 센서 일치", "effect": 2, "detail": "서로 다른 센서가 같은 변화를 가리킴" }, { "label": "변화면적 픽셀 실측", "effect": 1, "detail": "NDVI 픽셀 단위 차분으로 직접 측정" }, { "label": "강우 교란 가능성", "effect": -1, "detail": "최근 14일 145mm 강우 + 습윤 신호 — 기상에 의한 변화일 수 있음" } ] }, "contributing_factors_json": [ { "factor": "anomaly_score_mean", "value": 0.187, "weight": 0.3 }, { "factor": "changed_area_ratio", "value": 0.1611, "weight": 0.15 }, { "factor": "sar_anomaly_mean", "value": 0.938, "weight": 0.1 }, { "factor": "recent_rainfall_mm", "value": 145.4, "weight": 0.1 }, { "factor": "adjacent_to_water", "value": true, "weight": 0.1 } ], "baseline_scenes_json": [ { "source": "sentinel2", "acquisition_date": "2024-07-10", "cloud_cover_pct": 0, "indices": { "ndvi_mean": 0.7469, "ndmi_mean": 0.2929 } }, { "source": "sentinel2", "acquisition_date": "2024-07-15", "cloud_cover_pct": 9.8, "indices": { "ndvi_mean": 0.4802, "ndmi_mean": 0.2013 } }, { "source": "sentinel2", "acquisition_date": "2024-08-04", "cloud_cover_pct": 0, "indices": { "ndvi_mean": 0.7638, "ndmi_mean": 0.2713 } }, { "source": "sentinel2", "acquisition_date": "2024-08-09", "cloud_cover_pct": 0, "indices": { "ndvi_mean": 0.7829, "ndmi_mean": 0.2818 } }, { "source": "sentinel2", "acquisition_date": "2024-08-14", "cloud_cover_pct": 0, "indices": { "ndvi_mean": 0.677, "ndmi_mean": 0.1782 } }, { "source": "sentinel2", "acquisition_date": "2024-08-19", "cloud_cover_pct": 0, "indices": { "ndvi_mean": 0.7288, "ndmi_mean": 0.1557 } }, { "source": "sentinel2", "acquisition_date": "2024-08-24", "cloud_cover_pct": 0, "indices": { "ndvi_mean": 0.6158, "ndmi_mean": 0.1814 } }, { "source": "sentinel2", "acquisition_date": "2024-08-29", "cloud_cover_pct": 0, "indices": { "ndvi_mean": 0.757, "ndmi_mean": 0.1776 } } ], "current_scenes_json": [ { "source": "sentinel2", "acquisition_date": "2026-06-05", "cloud_cover_pct": 0, "indices": { "ndvi_mean": 0.8247, "ndmi_mean": 0.3978 } }, { "source": "sentinel2", "acquisition_date": "2026-06-15", "cloud_cover_pct": 0, "indices": { "ndvi_mean": 0.8244, "ndmi_mean": 0.3543 } }, { "source": "sentinel2", "acquisition_date": "2026-08-04", "cloud_cover_pct": 0, "indices": { "ndvi_mean": 0.7756, "ndmi_mean": 0.2605 } }, { "source": "sentinel2", "acquisition_date": "2026-08-24", "cloud_cover_pct": 0, "indices": { "ndvi_mean": 0.6479, "ndmi_mean": 0.2318 } } ] }, "geometry": { "type": "MultiPolygon", "coordinates": [ [ [ [ 997959.271962195984088, 1944517.258920240681618 ], [ 997973.333646235521883, 1944525.47499995934777 ], [ 997981.789262101403438, 1944530.407148055266589 ], [ 997992.605666772229597, 1944513.779754960909486 ], [ 997999.318105303682387, 1944503.442489995388314 ], [ 998014.435119879897684, 1944475.377069340553135 ], [ 998005.68544162705075, 1944469.843728996347636 ], [ 998000.515265161870047, 1944466.57348214299418 ], [ 997995.240835622651502, 1944460.604909921530634 ], [ 997978.266198010300286, 1944494.446770649868995 ], [ 997974.844039677176625, 1944497.545613396679983 ], [ 997969.115908826701343, 1944499.336217986652628 ], [ 997959.271962195984088, 1944517.258920240681618 ] ] ] ] } },
{ "type": "Feature", "properties": { "rank": 8, "site_id": "HANRIVER_4167035039103510000", "pnu": "4167035039103510000", "jibun": "351 전", "addr": "경기도 여주시 대신면 양촌리 351", "inspection_priority_score": 50, "priority_tier": "2순위", "weight_coverage": 0.75, "anomaly_score": 0.438, "change_type_hint": "bare_ground_increase", "sar_vv_delta": -0.683, "recent_rainfall_mm": 126.9, "adjacent_to_water": false, "changed_area_ratio_source": "pixel_diff", "evidence_confidence_json": { "level": "높음", "score": 6, "factors": [ { "label": "유효 광학 장면 충분", "effect": 1, "detail": "현재기간 4장" }, { "label": "기준기간 관측 충분", "effect": 1, "detail": "기준기간 8장" }, { "label": "영상 품질 양호", "effect": 1, "detail": "현재기간 평균 구름 0%" }, { "label": "NDVI·NDMI 방향 일치", "effect": 1, "detail": "둘 다 증가" }, { "label": "광학·SAR 센서 일치", "effect": 2, "detail": "서로 다른 센서가 같은 변화를 가리킴" }, { "label": "변화면적 픽셀 실측", "effect": 1, "detail": "NDVI 픽셀 단위 차분으로 직접 측정" }, { "label": "강우 교란 가능성", "effect": -1, "detail": "최근 14일 127mm 강우 + 습윤 신호 — 기상에 의한 변화일 수 있음" } ] }, "contributing_factors_json": [ { "factor": "anomaly_score_mean", "value": 0.438, "weight": 0.3 }, { "factor": "changed_area_ratio", "value": 0.8149, "weight": 0.15 }, { "factor": "sar_anomaly_mean", "value": 0.228, "weight": 0.1 }, { "factor": "recent_rainfall_mm", "value": 126.9, "weight": 0.1 }, { "factor": "adjacent_to_water", "value": false, "weight": 0.1 } ], "baseline_scenes_json": [ { "source": "sentinel2", "acquisition_date": "2024-06-20", "cloud_cover_pct": 0, "indices": { "ndvi_mean": 0.544, "ndmi_mean": 0.1756 } }, { "source": "sentinel2", "acquisition_date": "2024-07-10", "cloud_cover_pct": 0, "indices": { "ndvi_mean": 0.6438, "ndmi_mean": 0.1914 } }, { "source": "sentinel2", "acquisition_date": "2024-08-04", "cloud_cover_pct": 0, "indices": { "ndvi_mean": 0.2736, "ndmi_mean": -0.055 } }, { "source": "sentinel2", "acquisition_date": "2024-08-09", "cloud_cover_pct": 0, "indices": { "ndvi_mean": 0.2543, "ndmi_mean": -0.0638 } }, { "source": "sentinel2", "acquisition_date": "2024-08-14", "cloud_cover_pct": 0, "indices": { "ndvi_mean": 0.2207, "ndmi_mean": -0.0782 } }, { "source": "sentinel2", "acquisition_date": "2024-08-19", "cloud_cover_pct": 0, "indices": { "ndvi_mean": 0.35, "ndmi_mean": -0.0146 } }, { "source": "sentinel2", "acquisition_date": "2024-08-24", "cloud_cover_pct": 0, "indices": { "ndvi_mean": 0.3658, "ndmi_mean": 0.1386 } }, { "source": "sentinel2", "acquisition_date": "2024-08-29", "cloud_cover_pct": 0, "indices": { "ndvi_mean": 0.5008, "ndmi_mean": 0.09 } } ], "current_scenes_json": [ { "source": "sentinel2", "acquisition_date": "2026-06-05", "cloud_cover_pct": 0, "indices": { "ndvi_mean": 0.554, "ndmi_mean": 0.0992 } }, { "source": "sentinel2", "acquisition_date": "2026-06-15", "cloud_cover_pct": 0, "indices": { "ndvi_mean": 0.5158, "ndmi_mean": 0.0728 } }, { "source": "sentinel2", "acquisition_date": "2026-08-04", "cloud_cover_pct": 0, "indices": { "ndvi_mean": 0.6687, "ndmi_mean": 0.0757 } }, { "source": "sentinel2", "acquisition_date": "2026-08-24", "cloud_cover_pct": 0, "indices": { "ndvi_mean": 0.7136, "ndmi_mean": 0.1475 } } ] }, "geometry": { "type": "MultiPolygon", "coordinates": [ [ [ [ 1004896.93648691335693, 1930955.234522118000314 ], [ 1004908.04220102285035, 1930946.228657320374623 ], [ 1004936.600399051094428, 1930920.543644232442603 ], [ 1004963.939234042540193, 1930893.556626760168001 ], [ 1004990.087422075681388, 1930865.40539483120665 ], [ 1005028.731018257210962, 1930817.51350714545697 ], [ 1005024.761776472092606, 1930810.146599183091894 ], [ 1005007.266206375090405, 1930830.023617110447958 ], [ 1004984.349275333457626, 1930854.697248023701832 ], [ 1004962.622419508406892, 1930875.695149129256606 ], [ 1004933.757947127334774, 1930901.871570215560496 ], [ 1004909.623467169119976, 1930931.832398945465684 ], [ 1004899.019109533866867, 1930946.2453248873353 ], [ 1004896.93648691335693, 1930955.234522118000314 ] ] ] ] } },
{ "type": "Feature", "properties": { "rank": 9, "site_id": "HANRIVER_4167035039103450001", "pnu": "4167035039103450001", "jibun": "345-1전", "addr": "경기도 여주시 대신면 양촌리 345-1", "inspection_priority_score": 47, "priority_tier": "3순위", "weight_coverage": 0.75, "anomaly_score": 0.346, "change_type_hint": "bare_ground_increase", "sar_vv_delta": -1.257, "recent_rainfall_mm": 126.9, "adjacent_to_water": false, "changed_area_ratio_source": "pixel_diff", "evidence_confidence_json": { "level": "높음", "score": 6, "factors": [ { "label": "유효 광학 장면 충분", "effect": 1, "detail": "현재기간 4장" }, { "label": "기준기간 관측 충분", "effect": 1, "detail": "기준기간 8장" }, { "label": "영상 품질 양호", "effect": 1, "detail": "현재기간 평균 구름 0%" }, { "label": "NDVI·NDMI 방향 일치", "effect": 1, "detail": "둘 다 증가" }, { "label": "광학·SAR 센서 일치", "effect": 2, "detail": "서로 다른 센서가 같은 변화를 가리킴" }, { "label": "변화면적 픽셀 실측", "effect": 1, "detail": "NDVI 픽셀 단위 차분으로 직접 측정" }, { "label": "강우 교란 가능성", "effect": -1, "detail": "최근 14일 127mm 강우 + 습윤 신호 — 기상에 의한 변화일 수 있음" } ] }, "contributing_factors_json": [ { "factor": "anomaly_score_mean", "value": 0.346, "weight": 0.3 }, { "factor": "changed_area_ratio", "value": 0.7233, "weight": 0.15 }, { "factor": "sar_anomaly_mean", "value": 0.419, "weight": 0.1 }, { "factor": "recent_rainfall_mm", "value": 126.9, "weight": 0.1 }, { "factor": "adjacent_to_water", "value": false, "weight": 0.1 } ], "baseline_scenes_json": [ { "source": "sentinel2", "acquisition_date": "2024-06-20", "cloud_cover_pct": 0, "indices": { "ndvi_mean": 0.4794, "ndmi_mean": 0.1449 } }, { "source": "sentinel2", "acquisition_date": "2024-07-10", "cloud_cover_pct": 0, "indices": { "ndvi_mean": 0.5667, "ndmi_mean": 0.1663 } }, { "source": "sentinel2", "acquisition_date": "2024-08-04", "cloud_cover_pct": 0, "indices": { "ndvi_mean": 0.2413, "ndmi_mean": -0.063 } }, { "source": "sentinel2", "acquisition_date": "2024-08-09", "cloud_cover_pct": 0, "indices": { "ndvi_mean": 0.215, "ndmi_mean": -0.0881 } }, { "source": "sentinel2", "acquisition_date": "2024-08-14", "cloud_cover_pct": 0, "indices": { "ndvi_mean": 0.1885, "ndmi_mean": -0.1156 } }, { "source": "sentinel2", "acquisition_date": "2024-08-19", "cloud_cover_pct": 0, "indices": { "ndvi_mean": 0.1899, "ndmi_mean": -0.0848 } }, { "source": "sentinel2", "acquisition_date": "2024-08-24", "cloud_cover_pct": 0, "indices": { "ndvi_mean": 0.3278, "ndmi_mean": 0.1114 } }, { "source": "sentinel2", "acquisition_date": "2024-08-29", "cloud_cover_pct": 0, "indices": { "ndvi_mean": 0.3361, "ndmi_mean": -0.0111 } } ], "current_scenes_json": [ { "source": "sentinel2", "acquisition_date": "2026-06-05", "cloud_cover_pct": 0, "indices": { "ndvi_mean": 0.4254, "ndmi_mean": 0.08 } }, { "source": "sentinel2", "acquisition_date": "2026-06-15", "cloud_cover_pct": 0, "indices": { "ndvi_mean": 0.4377, "ndmi_mean": 0.0745 } }, { "source": "sentinel2", "acquisition_date": "2026-08-04", "cloud_cover_pct": 0, "indices": { "ndvi_mean": 0.5298, "ndmi_mean": 0.0637 } }, { "source": "sentinel2", "acquisition_date": "2026-08-24", "cloud_cover_pct": 0, "indices": { "ndvi_mean": 0.5705, "ndmi_mean": 0.1206 } } ] }, "geometry": { "type": "MultiPolygon", "coordinates": [ [ [ [ 1004894.168310045963153, 1930921.479441963136196 ], [ 1004909.624477274017408, 1930931.834392762742937 ], [ 1004933.758957232232206, 1930901.873564038658515 ], [ 1004962.623424337245524, 1930875.696143397828564 ], [ 1004984.350280159967951, 1930854.698242291342467 ], [ 1005007.267211204161867, 1930830.024611377622932 ], [ 1005024.762776018236764, 1930810.146593904821202 ], [ 1005019.769115532864816, 1930797.129491752712056 ], [ 1005016.700878284755163, 1930787.753674174891785 ], [ 1004964.227321655023843, 1930844.954689152538776 ], [ 1004948.734561266493984, 1930862.117276734206825 ], [ 1004909.6385768459877, 1930904.410931374644861 ], [ 1004894.168310045963153, 1930921.479441963136196 ] ] ] ] } },
{ "type": "Feature", "properties": { "rank": 10, "site_id": "HANRIVER_4161025330106300030", "pnu": "4161025330106300030", "jibun": "630-30도", "addr": "경기도 광주시 초월읍 무갑리 630-30", "inspection_priority_score": 45, "priority_tier": "3순위", "weight_coverage": 0.75, "anomaly_score": 0.124, "change_type_hint": "no_significant_change", "sar_vv_delta": -2.921, "recent_rainfall_mm": 169.8, "adjacent_to_water": true, "changed_area_ratio_source": "pixel_diff", "evidence_confidence_json": { "level": "높음", "score": 6, "factors": [ { "label": "유효 광학 장면 충분", "effect": 1, "detail": "현재기간 5장" }, { "label": "기준기간 관측 충분", "effect": 1, "detail": "기준기간 4장" }, { "label": "영상 품질 양호", "effect": 1, "detail": "현재기간 평균 구름 0%" }, { "label": "NDVI·NDMI 방향 일치", "effect": 1, "detail": "둘 다 증가" }, { "label": "광학·SAR 센서 일치", "effect": 2, "detail": "서로 다른 센서가 같은 변화를 가리킴" }, { "label": "변화면적 픽셀 실측", "effect": 1, "detail": "NDVI 픽셀 단위 차분으로 직접 측정" }, { "label": "강우 교란 가능성", "effect": -1, "detail": "최근 14일 170mm 강우 + 습윤 신호 — 기상에 의한 변화일 수 있음" } ] }, "contributing_factors_json": [ { "factor": "anomaly_score_mean", "value": 0.124, "weight": 0.3 }, { "factor": "changed_area_ratio", "value": 0.0, "weight": 0.15 }, { "factor": "sar_anomaly_mean", "value": 0.974, "weight": 0.1 }, { "factor": "recent_rainfall_mm", "value": 169.8, "weight": 0.1 }, { "factor": "adjacent_to_water", "value": true, "weight": 0.1 } ], "baseline_scenes_json": [ { "source": "sentinel2", "acquisition_date": "2024-08-04", "cloud_cover_pct": 0, "indices": { "ndvi_mean": 0.4048, "ndmi_mean": 0.0741 } }, { "source": "sentinel2", "acquisition_date": "2024-08-09", "cloud_cover_pct": 0, "indices": { "ndvi_mean": 0.4033, "ndmi_mean": 0.114 } }, { "source": "sentinel2", "acquisition_date": "2024-08-19", "cloud_cover_pct": 0, "indices": { "ndvi_mean": 0.3366, "ndmi_mean": 0.067 } }, { "source": "sentinel2", "acquisition_date": "2024-08-29", "cloud_cover_pct": 0, "indices": { "ndvi_mean": 0.3826, "ndmi_mean": 0.0534 } } ], "current_scenes_json": [ { "source": "sentinel2", "acquisition_date": "2026-06-05", "cloud_cover_pct": 0, "indices": { "ndvi_mean": 0.423, "ndmi_mean": 0.1464 } }, { "source": "sentinel2", "acquisition_date": "2026-06-10", "cloud_cover_pct": 0, "indices": { "ndvi_mean": 0.4287, "ndmi_mean": 0.1156 } }, { "source": "sentinel2", "acquisition_date": "2026-06-15", "cloud_cover_pct": 0, "indices": { "ndvi_mean": 0.4182, "ndmi_mean": 0.0958 } }, { "source": "sentinel2", "acquisition_date": "2026-08-04", "cloud_cover_pct": 0, "indices": { "ndvi_mean": 0.4993, "ndmi_mean": 0.0481 } }, { "source": "sentinel2", "acquisition_date": "2026-08-24", "cloud_cover_pct": 0, "indices": { "ndvi_mean": 0.4494, "ndmi_mean": 0.0898 } } ] }, "geometry": { "type": "MultiPolygon", "coordinates": [ [ [ [ 983370.423925046925433, 1936659.676653819158673 ], [ 983373.554753613774665, 1936664.607119804481044 ], [ 983376.664672738988884, 1936662.558488715207204 ], [ 983376.735166046419181, 1936662.657076374161988 ], [ 983405.096738334163092, 1936642.791998949367553 ], [ 983401.656021482194774, 1936637.859173235949129 ], [ 983389.418141100904904, 1936646.40848771808669 ], [ 983387.330691080307588, 1936647.866946258582175 ], [ 983383.385846537421457, 1936650.622710892697796 ], [ 983370.423925046925433, 1936659.676653819158673 ] ] ] ] } },
{ "type": "Feature", "properties": { "rank": 11, "site_id": "HANRIVER_4161025330106300031", "pnu": "4161025330106300031", "jibun": "630-31대", "addr": "경기도 광주시 초월읍 무갑리 630-31", "inspection_priority_score": 44, "priority_tier": "3순위", "weight_coverage": 0.75, "anomaly_score": 0.07, "change_type_hint": "no_significant_change", "sar_vv_delta": -5.993, "recent_rainfall_mm": 169.8, "adjacent_to_water": true, "changed_area_ratio_source": "pixel_diff", "evidence_confidence_json": { "level": "높음", "score": 4, "factors": [ { "label": "유효 광학 장면 충분", "effect": 1, "detail": "현재기간 5장" }, { "label": "기준기간 관측 충분", "effect": 1, "detail": "기준기간 4장" }, { "label": "영상 품질 양호", "effect": 1, "detail": "현재기간 평균 구름 0%" }, { "label": "NDVI·NDMI 방향 불일치", "effect": -1, "detail": "식생과 수분 지표가 반대로 움직임" }, { "label": "광학·SAR 센서 일치", "effect": 2, "detail": "서로 다른 센서가 같은 변화를 가리킴" }, { "label": "변화면적 픽셀 실측", "effect": 1, "detail": "NDVI 픽셀 단위 차분으로 직접 측정" }, { "label": "강우 교란 가능성", "effect": -1, "detail": "최근 14일 170mm 강우 + 습윤 신호 — 기상에 의한 변화일 수 있음" } ] }, "contributing_factors_json": [ { "factor": "anomaly_score_mean", "value": 0.07, "weight": 0.3 }, { "factor": "changed_area_ratio", "value": 0.0568, "weight": 0.15 }, { "factor": "sar_anomaly_mean", "value": 1.0, "weight": 0.1 }, { "factor": "recent_rainfall_mm", "value": 169.8, "weight": 0.1 }, { "factor": "adjacent_to_water", "value": true, "weight": 0.1 } ], "baseline_scenes_json": [ { "source": "sentinel2", "acquisition_date": "2024-08-04", "cloud_cover_pct": 28.7, "indices": { "ndvi_mean": 0.3373, "ndmi_mean": 0.0611 } }, { "source": "sentinel2", "acquisition_date": "2024-08-09", "cloud_cover_pct": 0, "indices": { "ndvi_mean": 0.3125, "ndmi_mean": 0.1063 } }, { "source": "sentinel2", "acquisition_date": "2024-08-19", "cloud_cover_pct": 0, "indices": { "ndvi_mean": 0.4039, "ndmi_mean": 0.1173 } }, { "source": "sentinel2", "acquisition_date": "2024-08-29", "cloud_cover_pct": 0, "indices": { "ndvi_mean": 0.3207, "ndmi_mean": 0.0946 } } ], "current_scenes_json": [ { "source": "sentinel2", "acquisition_date": "2026-06-05", "cloud_cover_pct": 0, "indices": { "ndvi_mean": 0.3447, "ndmi_mean": 0.1017 } }, { "source": "sentinel2", "acquisition_date": "2026-06-10", "cloud_cover_pct": 0, "indices": { "ndvi_mean": 0.3679, "ndmi_mean": 0.0788 } }, { "source": "sentinel2", "acquisition_date": "2026-06-15", "cloud_cover_pct": 0, "indices": { "ndvi_mean": 0.3357, "ndmi_mean": 0.0642 } }, { "source": "sentinel2", "acquisition_date": "2026-08-04", "cloud_cover_pct": 0, "indices": { "ndvi_mean": 0.4443, "ndmi_mean": 0.0176 } }, { "source": "sentinel2", "acquisition_date": "2026-08-24", "cloud_cover_pct": 0, "indices": { "ndvi_mean": 0.3767, "ndmi_mean": 0.0375 } } ] }, "geometry": { "type": "MultiPolygon", "coordinates": [ [ [ [ 983376.735166046419181, 1936662.657076374161988 ], [ 983400.270251794252545, 1936695.645381726324558 ], [ 983412.732464469852857, 1936686.986923691118136 ], [ 983428.348842054838315, 1936676.140656506177038 ], [ 983405.096738334163092, 1936642.791998949367553 ], [ 983376.735166046419181, 1936662.657076374161988 ] ] ] ] } },
{ "type": "Feature", "properties": { "rank": 12, "site_id": "HANRIVER_4136036024103320000", "pnu": "4136036024103320000", "jibun": "332전", "addr": "경기도 남양주시 조안면 송촌리 332", "inspection_priority_score": 44, "priority_tier": "3순위", "weight_coverage": 0.75, "anomaly_score": 0.206, "change_type_hint": "no_significant_change", "sar_vv_delta": -0.07, "recent_rainfall_mm": 138.6, "adjacent_to_water": true, "changed_area_ratio_source": "pixel_diff", "evidence_confidence_json": { "level": "높음", "score": 3, "factors": [ { "label": "유효 광학 장면 충분", "effect": 1, "detail": "현재기간 4장" }, { "label": "기준기간 관측 충분", "effect": 1, "detail": "기준기간 7장" }, { "label": "영상 품질 양호", "effect": 1, "detail": "현재기간 평균 구름 0%" }, { "label": "변화면적 픽셀 실측", "effect": 1, "detail": "NDVI 픽셀 단위 차분으로 직접 측정" }, { "label": "강우 교란 가능성", "effect": -1, "detail": "최근 14일 139mm 강우 + 습윤 신호 — 기상에 의한 변화일 수 있음" } ] }, "contributing_factors_json": [ { "factor": "anomaly_score_mean", "value": 0.206, "weight": 0.3 }, { "factor": "changed_area_ratio", "value": 0.4354, "weight": 0.15 }, { "factor": "sar_anomaly_mean", "value": 0.023, "weight": 0.1 }, { "factor": "recent_rainfall_mm", "value": 138.6, "weight": 0.1 }, { "factor": "adjacent_to_water", "value": true, "weight": 0.1 } ], "baseline_scenes_json": [ { "source": "sentinel2", "acquisition_date": "2024-06-10", "cloud_cover_pct": 0, "indices": { "ndvi_mean": 0.3467, "ndmi_mean": 0.0404 } }, { "source": "sentinel2", "acquisition_date": "2024-07-10", "cloud_cover_pct": 0, "indices": { "ndvi_mean": 0.4277, "ndmi_mean": 0.0333 } }, { "source": "sentinel2", "acquisition_date": "2024-08-04", "cloud_cover_pct": 0, "indices": { "ndvi_mean": 0.6799, "ndmi_mean": 0.2439 } }, { "source": "sentinel2", "acquisition_date": "2024-08-09", "cloud_cover_pct": 0, "indices": { "ndvi_mean": 0.7008, "ndmi_mean": 0.2964 } }, { "source": "sentinel2", "acquisition_date": "2024-08-14", "cloud_cover_pct": 0, "indices": { "ndvi_mean": 0.6898, "ndmi_mean": 0.2323 } }, { "source": "sentinel2", "acquisition_date": "2024-08-19", "cloud_cover_pct": 0, "indices": { "ndvi_mean": 0.7319, "ndmi_mean": 0.2843 } }, { "source": "sentinel2", "acquisition_date": "2024-08-29", "cloud_cover_pct": 0, "indices": { "ndvi_mean": 0.6977, "ndmi_mean": 0.2643 } } ], "current_scenes_json": [ { "source": "sentinel2", "acquisition_date": "2026-06-05", "cloud_cover_pct": 1.7, "indices": { "ndvi_mean": 0.2937, "ndmi_mean": 0.1951 } }, { "source": "sentinel2", "acquisition_date": "2026-06-10", "cloud_cover_pct": 0, "indices": { "ndvi_mean": 0.5353, "ndmi_mean": 0.1966 } }, { "source": "sentinel2", "acquisition_date": "2026-06-15", "cloud_cover_pct": 0, "indices": { "ndvi_mean": 0.5695, "ndmi_mean": 0.1693 } }, { "source": "sentinel2", "acquisition_date": "2026-08-04", "cloud_cover_pct": 0, "indices": { "ndvi_mean": 0.6312, "ndmi_mean": 0.1678 } } ] }, "geometry": { "type": "MultiPolygon", "coordinates": [ [ [ [ 984113.221858743112534, 1951570.905654565431178 ], [ 984116.381528614205308, 1951576.170778912957758 ], [ 984122.544476045062765, 1951576.437971672276035 ], [ 984127.653963634860702, 1951578.235140645410866 ], [ 984129.779345471295528, 1951576.771450321888551 ], [ 984144.551796374726109, 1951582.872622779803351 ], [ 984149.720033205696382, 1951578.219066181685776 ], [ 984135.264664989663288, 1951560.660804463550448 ], [ 984119.269531677942723, 1951550.38079426297918 ], [ 984118.978966351598501, 1951550.629236374981701 ], [ 984117.693698996445164, 1951551.98951055528596 ], [ 984116.023646367248148, 1951553.926595135824755 ], [ 984115.07755946344696, 1951555.534970209468156 ], [ 984114.243652497301809, 1951557.185733075486496 ], [ 984113.145333928405307, 1951560.81210690154694 ], [ 984113.093980478588492, 1951566.207216585753486 ], [ 984113.221858743112534, 1951570.905654565431178 ] ] ] ] } },
{ "type": "Feature", "properties": { "rank": 13, "site_id": "HANRIVER_4161025330106300011", "pnu": "4161025330106300011", "jibun": "630-11임", "addr": "경기도 광주시 초월읍 무갑리 630-11", "inspection_priority_score": 43, "priority_tier": "3순위", "weight_coverage": 0.75, "anomaly_score": 0.078, "change_type_hint": "no_significant_change", "sar_vv_delta": -2.964, "recent_rainfall_mm": 169.8, "adjacent_to_water": true, "changed_area_ratio_source": "pixel_diff", "evidence_confidence_json": { "level": "높음", "score": 3, "factors": [ { "label": "유효 광학 장면 충분", "effect": 1, "detail": "현재기간 5장" }, { "label": "기준기간 관측 충분", "effect": 1, "detail": "기준기간 4장" }, { "label": "영상 품질 양호", "effect": 1, "detail": "현재기간 평균 구름 0%" }, { "label": "변화면적 픽셀 실측", "effect": 1, "detail": "NDVI 픽셀 단위 차분으로 직접 측정" }, { "label": "강우 교란 가능성", "effect": -1, "detail": "최근 14일 170mm 강우 + 습윤 신호 — 기상에 의한 변화일 수 있음" } ] }, "contributing_factors_json": [ { "factor": "anomaly_score_mean", "value": 0.078, "weight": 0.3 }, { "factor": "changed_area_ratio", "value": 0.0, "weight": 0.15 }, { "factor": "sar_anomaly_mean", "value": 0.988, "weight": 0.1 }, { "factor": "recent_rainfall_mm", "value": 169.8, "weight": 0.1 }, { "factor": "adjacent_to_water", "value": true, "weight": 0.1 } ], "baseline_scenes_json": [ { "source": "sentinel2", "acquisition_date": "2024-08-04", "cloud_cover_pct": 0, "indices": { "ndvi_mean": 0.4811, "ndmi_mean": 0.0484 } }, { "source": "sentinel2", "acquisition_date": "2024-08-09", "cloud_cover_pct": 0, "indices": { "ndvi_mean": 0.5455, "ndmi_mean": 0.0901 } }, { "source": "sentinel2", "acquisition_date": "2024-08-19", "cloud_cover_pct": 0, "indices": { "ndvi_mean": 0.5398, "ndmi_mean": 0.0175 } }, { "source": "sentinel2", "acquisition_date": "2024-08-29", "cloud_cover_pct": 0, "indices": { "ndvi_mean": 0.5367, "ndmi_mean": 0.0372 } } ], "current_scenes_json": [ { "source": "sentinel2", "acquisition_date": "2026-06-05", "cloud_cover_pct": 0, "indices": { "ndvi_mean": 0.5007, "ndmi_mean": 0.1256 } }, { "source": "sentinel2", "acquisition_date": "2026-06-10", "cloud_cover_pct": 0, "indices": { "ndvi_mean": 0.5005, "ndmi_mean": 0.1203 } }, { "source": "sentinel2", "acquisition_date": "2026-06-15", "cloud_cover_pct": 0, "indices": { "ndvi_mean": 0.5005, "ndmi_mean": 0.0818 } }, { "source": "sentinel2", "acquisition_date": "2026-08-04", "cloud_cover_pct": 0, "indices": { "ndvi_mean": 0.5359, "ndmi_mean": 0.0291 } }, { "source": "sentinel2", "acquisition_date": "2026-08-24", "cloud_cover_pct": 0, "indices": { "ndvi_mean": 0.5089, "ndmi_mean": 0.0788 } } ] }, "geometry": { "type": "MultiPolygon", "coordinates": [ [ [ [ 983376.735166046419181, 1936662.657076374161988 ], [ 983373.735178088420071, 1936664.890052202856168 ], [ 983386.69997321779374, 1936685.303303819615394 ], [ 983395.281582070863806, 1936699.111383978743106 ], [ 983400.270251794252545, 1936695.645381726324558 ], [ 983376.735166046419181, 1936662.657076374161988 ] ] ] ] } },
{ "type": "Feature", "properties": { "rank": 14, "site_id": "HANRIVER_4183034021108690002", "pnu": "4183034021108690002", "jibun": "869-2 주", "addr": "경기도 양평군 옥천면 옥천리 869-2", "inspection_priority_score": 41, "priority_tier": "3순위", "weight_coverage": 0.75, "anomaly_score": 0.208, "change_type_hint": "no_significant_change", "sar_vv_delta": -1.329, "recent_rainfall_mm": 157.1, "adjacent_to_water": true, "changed_area_ratio_source": "pixel_diff", "evidence_confidence_json": { "level": "높음", "score": 3, "factors": [ { "label": "유효 광학 장면 충분", "effect": 1, "detail": "현재기간 4장" }, { "label": "기준기간 관측 충분", "effect": 1, "detail": "기준기간 9장" }, { "label": "영상 품질 양호", "effect": 1, "detail": "현재기간 평균 구름 0%" }, { "label": "NDVI·NDMI 방향 일치", "effect": 1, "detail": "둘 다 감소" }, { "label": "광학·SAR 센서 불일치", "effect": -1, "detail": "두 센서가 다른 방향을 가리킴" }, { "label": "변화면적 픽셀 실측", "effect": 1, "detail": "NDVI 픽셀 단위 차분으로 직접 측정" }, { "label": "강우 교란 가능성", "effect": -1, "detail": "최근 14일 157mm 강우 + 습윤 신호 — 기상에 의한 변화일 수 있음" } ] }, "contributing_factors_json": [ { "factor": "anomaly_score_mean", "value": 0.208, "weight": 0.3 }, { "factor": "changed_area_ratio", "value": 0.0249, "weight": 0.15 }, { "factor": "sar_anomaly_mean", "value": 0.443, "weight": 0.1 }, { "factor": "recent_rainfall_mm", "value": 157.1, "weight": 0.1 }, { "factor": "adjacent_to_water", "value": true, "weight": 0.1 } ], "baseline_scenes_json": [ { "source": "sentinel2", "acquisition_date": "2024-06-10", "cloud_cover_pct": 0, "indices": { "ndvi_mean": 0.2881, "ndmi_mean": 0.0592 } }, { "source": "sentinel2", "acquisition_date": "2024-06-20", "cloud_cover_pct": 0, "indices": { "ndvi_mean": 0.1917, "ndmi_mean": 0.0856 } }, { "source": "sentinel2", "acquisition_date": "2024-07-15", "cloud_cover_pct": 0, "indices": { "ndvi_mean": 0.1912, "ndmi_mean": 0.0557 } }, { "source": "sentinel2", "acquisition_date": "2024-08-04", "cloud_cover_pct": 0, "indices": { "ndvi_mean": 0.2484, "ndmi_mean": 0.0541 } }, { "source": "sentinel2", "acquisition_date": "2024-08-09", "cloud_cover_pct": 0, "indices": { "ndvi_mean": 0.266, "ndmi_mean": 0.0735 } }, { "source": "sentinel2", "acquisition_date": "2024-08-14", "cloud_cover_pct": 0, "indices": { "ndvi_mean": 0.2891, "ndmi_mean": 0.0553 } }, { "source": "sentinel2", "acquisition_date": "2024-08-19", "cloud_cover_pct": 0, "indices": { "ndvi_mean": 0.3828, "ndmi_mean": 0.1211 } }, { "source": "sentinel2", "acquisition_date": "2024-08-24", "cloud_cover_pct": 0, "indices": { "ndvi_mean": 0.278, "ndmi_mean": 0.0566 } }, { "source": "sentinel2", "acquisition_date": "2024-08-29", "cloud_cover_pct": 0, "indices": { "ndvi_mean": 0.2605, "ndmi_mean": 0.0733 } } ], "current_scenes_json": [ { "source": "sentinel2", "acquisition_date": "2026-06-05", "cloud_cover_pct": 0, "indices": { "ndvi_mean": 0.2817, "ndmi_mean": 0.1051 } }, { "source": "sentinel2", "acquisition_date": "2026-06-15", "cloud_cover_pct": 0, "indices": { "ndvi_mean": 0.2059, "ndmi_mean": 0.0326 } }, { "source": "sentinel2", "acquisition_date": "2026-08-04", "cloud_cover_pct": 0, "indices": { "ndvi_mean": 0.0863, "ndmi_mean": -0.1572 } }, { "source": "sentinel2", "acquisition_date": "2026-08-24", "cloud_cover_pct": 1.6, "indices": { "ndvi_mean": 0.0997, "ndmi_mean": -0.1143 } } ] }, "geometry": { "type": "MultiPolygon", "coordinates": [ [ [ [ 995660.702487391186878, 1945481.54281671019271 ], [ 995671.801772535545751, 1945485.670291396556422 ], [ 995673.723845393513329, 1945483.192130148177966 ], [ 995681.907145073986612, 1945479.169427032815292 ], [ 995688.951830274192616, 1945481.923956009559333 ], [ 995694.488247027271427, 1945486.774611182045192 ], [ 995696.179398550768383, 1945488.256036701146513 ], [ 995697.987671487266198, 1945488.637296390719712 ], [ 995700.695461355033331, 1945481.07207460468635 ], [ 995706.162325337063521, 1945465.055725671583787 ], [ 995708.460705484845676, 1945460.40047049918212 ], [ 995678.253668752964586, 1945449.168191032717004 ], [ 995675.543446151888929, 1945448.159970162902027 ], [ 995665.284632773022167, 1945470.982899801572785 ], [ 995660.702487391186878, 1945481.54281671019271 ] ] ] ] } },
{ "type": "Feature", "properties": { "rank": 15, "site_id": "HANRIVER_4183034021108690026", "pnu": "4183034021108690026", "jibun": "869-26 대", "addr": "경기도 양평군 옥천면 옥천리 869-26", "inspection_priority_score": 41, "priority_tier": "3순위", "weight_coverage": 0.75, "anomaly_score": 0.139, "change_type_hint": "no_significant_change", "sar_vv_delta": -1.185, "recent_rainfall_mm": 157.1, "adjacent_to_water": true, "changed_area_ratio_source": "pixel_diff", "evidence_confidence_json": { "level": "높음", "score": 3, "factors": [ { "label": "유효 광학 장면 충분", "effect": 1, "detail": "현재기간 4장" }, { "label": "기준기간 관측 충분", "effect": 1, "detail": "기준기간 9장" }, { "label": "영상 품질 양호", "effect": 1, "detail": "현재기간 평균 구름 5%" }, { "label": "NDVI·NDMI 방향 일치", "effect": 1, "detail": "둘 다 감소" }, { "label": "광학·SAR 센서 불일치", "effect": -1, "detail": "두 센서가 다른 방향을 가리킴" }, { "label": "변화면적 픽셀 실측", "effect": 1, "detail": "NDVI 픽셀 단위 차분으로 직접 측정" }, { "label": "강우 교란 가능성", "effect": -1, "detail": "최근 14일 157mm 강우 + 습윤 신호 — 기상에 의한 변화일 수 있음" } ] }, "contributing_factors_json": [ { "factor": "anomaly_score_mean", "value": 0.139, "weight": 0.3 }, { "factor": "changed_area_ratio", "value": 0.1966, "weight": 0.15 }, { "factor": "sar_anomaly_mean", "value": 0.395, "weight": 0.1 }, { "factor": "recent_rainfall_mm", "value": 157.1, "weight": 0.1 }, { "factor": "adjacent_to_water", "value": true, "weight": 0.1 } ], "baseline_scenes_json": [ { "source": "sentinel2", "acquisition_date": "2024-06-10", "cloud_cover_pct": 0, "indices": { "ndvi_mean": 0.3231, "ndmi_mean": 0.051 } }, { "source": "sentinel2", "acquisition_date": "2024-06-20", "cloud_cover_pct": 0, "indices": { "ndvi_mean": 0.2582, "ndmi_mean": 0.0732 } }, { "source": "sentinel2", "acquisition_date": "2024-07-15", "cloud_cover_pct": 0, "indices": { "ndvi_mean": 0.3155, "ndmi_mean": 0.0649 } }, { "source": "sentinel2", "acquisition_date": "2024-08-04", "cloud_cover_pct": 0, "indices": { "ndvi_mean": 0.4021, "ndmi_mean": 0.0927 } }, { "source": "sentinel2", "acquisition_date": "2024-08-09", "cloud_cover_pct": 0, "indices": { "ndvi_mean": 0.4112, "ndmi_mean": 0.1187 } }, { "source": "sentinel2", "acquisition_date": "2024-08-14", "cloud_cover_pct": 0, "indices": { "ndvi_mean": 0.4091, "ndmi_mean": 0.0908 } }, { "source": "sentinel2", "acquisition_date": "2024-08-19", "cloud_cover_pct": 0, "indices": { "ndvi_mean": 0.3594, "ndmi_mean": 0.089 } }, { "source": "sentinel2", "acquisition_date": "2024-08-24", "cloud_cover_pct": 0, "indices": { "ndvi_mean": 0.3209, "ndmi_mean": 0.0552 } }, { "source": "sentinel2", "acquisition_date": "2024-08-29", "cloud_cover_pct": 0, "indices": { "ndvi_mean": 0.3222, "ndmi_mean": 0.0587 } } ], "current_scenes_json": [ { "source": "sentinel2", "acquisition_date": "2026-06-05", "cloud_cover_pct": 0, "indices": { "ndvi_mean": 0.4135, "ndmi_mean": 0.1143 } }, { "source": "sentinel2", "acquisition_date": "2026-06-15", "cloud_cover_pct": 0, "indices": { "ndvi_mean": 0.3578, "ndmi_mean": 0.0671 } }, { "source": "sentinel2", "acquisition_date": "2026-08-04", "cloud_cover_pct": 0, "indices": { "ndvi_mean": 0.186, "ndmi_mean": -0.0871 } }, { "source": "sentinel2", "acquisition_date": "2026-08-24", "cloud_cover_pct": 19.2, "indices": { "ndvi_mean": 0.2248, "ndmi_mean": -0.0636 } } ] }, "geometry": { "type": "MultiPolygon", "coordinates": [ [ [ [ 995675.543446151888929, 1945448.159970162902027 ], [ 995678.253668752964586, 1945449.168191032717004 ], [ 995708.460705484845676, 1945460.40047049918212 ], [ 995713.52228132809978, 1945450.14788651955314 ], [ 995712.282342903781682, 1945446.85481886821799 ], [ 995710.929264226695523, 1945444.46997527172789 ], [ 995710.501390224439092, 1945443.705558754969388 ], [ 995707.217671619495377, 1945437.841384715167806 ], [ 995703.865534140379168, 1945432.081530074356124 ], [ 995697.467689156997949, 1945423.874827091582119 ], [ 995691.101095915772021, 1945423.64366106223315 ], [ 995689.720715658040717, 1945429.691475762985647 ], [ 995687.607264232472517, 1945430.007544886320829 ], [ 995686.000202570226975, 1945430.247961784945801 ], [ 995685.71664532343857, 1945427.667531250277534 ], [ 995679.066433920175768, 1945440.884308623382822 ], [ 995675.543446151888929, 1945448.159970162902027 ] ] ] ] } },
{ "type": "Feature", "properties": { "rank": 16, "site_id": "HANRIVER_4182032527200380010", "pnu": "4182032527200380010", "jibun": "산 38-10임", "addr": "경기도 가평군 청평면 삼회리 산 38-10", "inspection_priority_score": 40, "priority_tier": "3순위", "weight_coverage": 0.75, "anomaly_score": 0.086, "change_type_hint": "no_significant_change", "sar_vv_delta": -2.207, "recent_rainfall_mm": 127.5, "adjacent_to_water": true, "changed_area_ratio_source": "pixel_diff", "evidence_confidence_json": { "level": "높음", "score": 3, "factors": [ { "label": "유효 광학 장면 충분", "effect": 1, "detail": "현재기간 3장" }, { "label": "기준기간 관측 충분", "effect": 1, "detail": "기준기간 7장" }, { "label": "영상 품질 양호", "effect": 1, "detail": "현재기간 평균 구름 0%" }, { "label": "변화면적 픽셀 실측", "effect": 1, "detail": "NDVI 픽셀 단위 차분으로 직접 측정" }, { "label": "강우 교란 가능성", "effect": -1, "detail": "최근 14일 128mm 강우 + 습윤 신호 — 기상에 의한 변화일 수 있음" } ] }, "contributing_factors_json": [ { "factor": "anomaly_score_mean", "value": 0.086, "weight": 0.3 }, { "factor": "changed_area_ratio", "value": 0.0, "weight": 0.15 }, { "factor": "sar_anomaly_mean", "value": 0.736, "weight": 0.1 }, { "factor": "recent_rainfall_mm", "value": 127.5, "weight": 0.1 }, { "factor": "adjacent_to_water", "value": true, "weight": 0.1 } ], "baseline_scenes_json": [ { "source": "sentinel2", "acquisition_date": "2024-06-05", "cloud_cover_pct": 0, "indices": { "ndvi_mean": 0.8553, "ndmi_mean": 0.3722 } }, { "source": "sentinel2", "acquisition_date": "2024-06-10", "cloud_cover_pct": 0, "indices": { "ndvi_mean": 0.7086, "ndmi_mean": 0.3018 } }, { "source": "sentinel2", "acquisition_date": "2024-08-04", "cloud_cover_pct": 0, "indices": { "ndvi_mean": 0.8388, "ndmi_mean": 0.2588 } }, { "source": "sentinel2", "acquisition_date": "2024-08-09", "cloud_cover_pct": 0, "indices": { "ndvi_mean": 0.8565, "ndmi_mean": 0.2734 } }, { "source": "sentinel2", "acquisition_date": "2024-08-14", "cloud_cover_pct": 0, "indices": { "ndvi_mean": 0.8533, "ndmi_mean": 0.2525 } }, { "source": "sentinel2", "acquisition_date": "2024-08-19", "cloud_cover_pct": 0, "indices": { "ndvi_mean": 0.8581, "ndmi_mean": 0.2589 } }, { "source": "sentinel2", "acquisition_date": "2024-08-29", "cloud_cover_pct": 0, "indices": { "ndvi_mean": 0.7371, "ndmi_mean": 0.204 } } ], "current_scenes_json": [ { "source": "sentinel2", "acquisition_date": "2026-06-15", "cloud_cover_pct": 0, "indices": { "ndvi_mean": 0.8641, "ndmi_mean": 0.3286 } }, { "source": "sentinel2", "acquisition_date": "2026-08-04", "cloud_cover_pct": 0, "indices": { "ndvi_mean": 0.836, "ndmi_mean": 0.1858 } }, { "source": "sentinel2", "acquisition_date": "2026-08-24", "cloud_cover_pct": 0, "indices": { "ndvi_mean": 0.7998, "ndmi_mean": 0.1805 } } ] }, "geometry": { "type": "MultiPolygon", "coordinates": [ [ [ [ 990374.881782895536162, 1965227.337835682556033 ], [ 990352.253499111044221, 1965231.941357504110783 ], [ 990306.005894724861719, 1965248.395721172681078 ], [ 990207.228786549763754, 1965249.08100717398338 ], [ 990207.522593270987272, 1965251.510454036761075 ], [ 990209.404663120745681, 1965267.07909665396437 ], [ 990172.935841631493531, 1965271.274428519187495 ], [ 990177.521714154980145, 1965284.193764754803851 ], [ 990177.314224133850075, 1965294.986471665790305 ], [ 990169.378414025413804, 1965327.868300075409934 ], [ 990168.141749090282246, 1965341.556303591933101 ], [ 990171.047401839517988, 1965355.809036483988166 ], [ 990195.84864644811023, 1965352.303501433692873 ], [ 990221.427341603441164, 1965354.204626886872575 ], [ 990240.123206481919624, 1965364.819823818281293 ], [ 990266.016821277327836, 1965367.669886495918036 ], [ 990333.408453996060416, 1965365.244294504635036 ], [ 990349.3896530874772, 1965366.69367025513202 ], [ 990386.590193410287611, 1965379.793391914572567 ], [ 990398.789512193179689, 1965328.728297842200845 ], [ 990304.070729370228946, 1965321.326294776517898 ], [ 990306.952207701164298, 1965291.378168468130752 ], [ 990403.194119669729844, 1965296.853855623397976 ], [ 990404.050298984977417, 1965216.51305168052204 ], [ 990374.881782895536162, 1965227.337835682556033 ] ] ] ] } },
{ "type": "Feature", "properties": { "rank": 17, "site_id": "HANRIVER_4182032526105780008", "pnu": "4182032526105780008", "jibun": "578-8대", "addr": "경기도 가평군 청평면 고성리 578-8", "inspection_priority_score": 39, "priority_tier": "3순위", "weight_coverage": 0.75, "anomaly_score": 0.253, "change_type_hint": "no_significant_change", "sar_vv_delta": 3.214, "recent_rainfall_mm": 114.8, "adjacent_to_water": false, "changed_area_ratio_source": "pixel_diff", "evidence_confidence_json": { "level": "높음", "score": 3, "factors": [ { "label": "유효 광학 장면 충분", "effect": 1, "detail": "현재기간 3장" }, { "label": "기준기간 관측 충분", "effect": 1, "detail": "기준기간 8장" }, { "label": "영상 품질 양호", "effect": 1, "detail": "현재기간 평균 구름 0%" }, { "label": "NDVI·NDMI 방향 일치", "effect": 1, "detail": "둘 다 증가" }, { "label": "광학·SAR 센서 불일치", "effect": -1, "detail": "두 센서가 다른 방향을 가리킴" }, { "label": "변화면적 픽셀 실측", "effect": 1, "detail": "NDVI 픽셀 단위 차분으로 직접 측정" }, { "label": "강우 교란 가능성", "effect": -1, "detail": "최근 14일 115mm 강우 + 습윤 신호 — 기상에 의한 변화일 수 있음" } ] }, "contributing_factors_json": [ { "factor": "anomaly_score_mean", "value": 0.253, "weight": 0.3 }, { "factor": "changed_area_ratio", "value": 0.1136, "weight": 0.15 }, { "factor": "sar_anomaly_mean", "value": 1.0, "weight": 0.1 }, { "factor": "recent_rainfall_mm", "value": 114.8, "weight": 0.1 }, { "factor": "adjacent_to_water", "value": false, "weight": 0.1 } ], "baseline_scenes_json": [ { "source": "sentinel2", "acquisition_date": "2024-06-05", "cloud_cover_pct": 0, "indices": { "ndvi_mean": 0.3286, "ndmi_mean": 0.069 } }, { "source": "sentinel2", "acquisition_date": "2024-06-10", "cloud_cover_pct": 0, "indices": { "ndvi_mean": 0.3636, "ndmi_mean": 0.0119 } }, { "source": "sentinel2", "acquisition_date": "2024-06-20", "cloud_cover_pct": 0, "indices": { "ndvi_mean": 0.286, "ndmi_mean": -0.0198 } }, { "source": "sentinel2", "acquisition_date": "2024-07-15", "cloud_cover_pct": 0, "indices": { "ndvi_mean": 0.318, "ndmi_mean": -0.0178 } }, { "source": "sentinel2", "acquisition_date": "2024-08-04", "cloud_cover_pct": 0, "indices": { "ndvi_mean": 0.4001, "ndmi_mean": 0.0154 } }, { "source": "sentinel2", "acquisition_date": "2024-08-09", "cloud_cover_pct": 0, "indices": { "ndvi_mean": 0.4165, "ndmi_mean": 0.0376 } }, { "source": "sentinel2", "acquisition_date": "2024-08-14", "cloud_cover_pct": 0, "indices": { "ndvi_mean": 0.4051, "ndmi_mean": 0.0157 } }, { "source": "sentinel2", "acquisition_date": "2024-08-19", "cloud_cover_pct": 0, "indices": { "ndvi_mean": 0.3182, "ndmi_mean": -0.0347 } } ], "current_scenes_json": [ { "source": "sentinel2", "acquisition_date": "2026-06-15", "cloud_cover_pct": 0, "indices": { "ndvi_mean": 0.4617, "ndmi_mean": 0.0988 } }, { "source": "sentinel2", "acquisition_date": "2026-06-30", "cloud_cover_pct": 0, "indices": { "ndvi_mean": 0.4464, "ndmi_mean": 0.1183 } }, { "source": "sentinel2", "acquisition_date": "2026-08-04", "cloud_cover_pct": 0, "indices": { "ndvi_mean": 0.5354, "ndmi_mean": 0.0691 } } ] }, "geometry": { "type": "MultiPolygon", "coordinates": [ [ [ [ 998971.273468947620131, 1968134.770809922600165 ], [ 998980.659460835740902, 1968147.525522564537823 ], [ 998992.819923496921547, 1968159.646728099323809 ], [ 998999.778076668852009, 1968162.098661367315799 ], [ 999024.287284983554855, 1968140.014385320013389 ], [ 999020.281381416483782, 1968135.398636792553589 ], [ 998982.410585869918577, 1968134.91345797968097 ], [ 998971.273468947620131, 1968134.770809922600165 ] ] ] ] } },
{ "type": "Feature", "properties": { "rank": 18, "site_id": "HANRIVER_4161025330106300023", "pnu": "4161025330106300023", "jibun": "630-23창", "addr": "경기도 광주시 초월읍 무갑리 630-23", "inspection_priority_score": 38, "priority_tier": "3순위", "weight_coverage": 0.75, "anomaly_score": 0.229, "change_type_hint": "no_significant_change", "sar_vv_delta": -17.158, "recent_rainfall_mm": 169.8, "adjacent_to_water": false, "changed_area_ratio_source": "pixel_diff", "evidence_confidence_json": { "level": "높음", "score": 6, "factors": [ { "label": "유효 광학 장면 충분", "effect": 1, "detail": "현재기간 4장" }, { "label": "기준기간 관측 충분", "effect": 1, "detail": "기준기간 4장" }, { "label": "영상 품질 양호", "effect": 1, "detail": "현재기간 평균 구름 1%" }, { "label": "NDVI·NDMI 방향 일치", "effect": 1, "detail": "둘 다 증가" }, { "label": "광학·SAR 센서 일치", "effect": 2, "detail": "서로 다른 센서가 같은 변화를 가리킴" }, { "label": "변화면적 픽셀 실측", "effect": 1, "detail": "NDVI 픽셀 단위 차분으로 직접 측정" }, { "label": "강우 교란 가능성", "effect": -1, "detail": "최근 14일 170mm 강우 + 습윤 신호 — 기상에 의한 변화일 수 있음" } ] }, "contributing_factors_json": [ { "factor": "anomaly_score_mean", "value": 0.229, "weight": 0.3 }, { "factor": "changed_area_ratio", "value": 0.0878, "weight": 0.15 }, { "factor": "sar_anomaly_mean", "value": 1.0, "weight": 0.1 }, { "factor": "recent_rainfall_mm", "value": 169.8, "weight": 0.1 }, { "factor": "adjacent_to_water", "value": false, "weight": 0.1 } ], "baseline_scenes_json": [ { "source": "sentinel2", "acquisition_date": "2024-08-04", "cloud_cover_pct": 0, "indices": { "ndvi_mean": 0.187, "ndmi_mean": -0.0656 } }, { "source": "sentinel2", "acquisition_date": "2024-08-09", "cloud_cover_pct": 0, "indices": { "ndvi_mean": 0.1517, "ndmi_mean": -0.0641 } }, { "source": "sentinel2", "acquisition_date": "2024-08-19", "cloud_cover_pct": 0, "indices": { "ndvi_mean": 0.1084, "ndmi_mean": -0.1154 } }, { "source": "sentinel2", "acquisition_date": "2024-08-29", "cloud_cover_pct": 0, "indices": { "ndvi_mean": 0.161, "ndmi_mean": -0.0674 } } ], "current_scenes_json": [ { "source": "sentinel2", "acquisition_date": "2026-06-10", "cloud_cover_pct": 3.3, "indices": { "ndvi_mean": 0.2541, "ndmi_mean": 0.1306 } }, { "source": "sentinel2", "acquisition_date": "2026-06-15", "cloud_cover_pct": 0, "indices": { "ndvi_mean": 0.208, "ndmi_mean": 0.0039 } }, { "source": "sentinel2", "acquisition_date": "2026-08-04", "cloud_cover_pct": 0, "indices": { "ndvi_mean": 0.2959, "ndmi_mean": -0.015 } }, { "source": "sentinel2", "acquisition_date": "2026-08-24", "cloud_cover_pct": 0, "indices": { "ndvi_mean": 0.3087, "ndmi_mean": 0.0007 } } ] }, "geometry": { "type": "MultiPolygon", "coordinates": [ [ [ [ 983381.159063382772729, 1936518.540337131824344 ], [ 983376.898787591606379, 1936495.669023204827681 ], [ 983371.722687654662877, 1936498.094432224519551 ], [ 983372.810009342967533, 1936501.451337650418282 ], [ 983352.697767120203935, 1936510.093265774194151 ], [ 983347.823015981353819, 1936512.040272318292409 ], [ 983346.897139975219034, 1936509.725096074398607 ], [ 983342.234556428156793, 1936511.908885619603097 ], [ 983352.890484208473936, 1936537.088446236215532 ], [ 983358.31285548012238, 1936534.354857558384538 ], [ 983356.431945999735035, 1936529.881596534047276 ], [ 983381.159063382772729, 1936518.540337131824344 ] ] ] ] } },
{ "type": "Feature", "properties": { "rank": 19, "site_id": "HANRIVER_4183034021108690033", "pnu": "4183034021108690033", "jibun": "869-33 주", "addr": "경기도 양평군 옥천면 옥천리 869-33", "inspection_priority_score": 37, "priority_tier": "3순위", "weight_coverage": 0.75, "anomaly_score": 0.182, "change_type_hint": "no_significant_change", "sar_vv_delta": 0.28, "recent_rainfall_mm": 157.1, "adjacent_to_water": true, "changed_area_ratio_source": "pixel_diff", "evidence_confidence_json": { "level": "높음", "score": 5, "factors": [ { "label": "유효 광학 장면 충분", "effect": 1, "detail": "현재기간 4장" }, { "label": "기준기간 관측 충분", "effect": 1, "detail": "기준기간 9장" }, { "label": "영상 품질 양호", "effect": 1, "detail": "현재기간 평균 구름 0%" }, { "label": "NDVI·NDMI 방향 일치", "effect": 1, "detail": "둘 다 감소" }, { "label": "변화면적 픽셀 실측", "effect": 1, "detail": "NDVI 픽셀 단위 차분으로 직접 측정" } ] }, "contributing_factors_json": [ { "factor": "anomaly_score_mean", "value": 0.182, "weight": 0.3 }, { "factor": "changed_area_ratio", "value": 0.0882, "weight": 0.15 }, { "factor": "sar_anomaly_mean", "value": 0.093, "weight": 0.1 }, { "factor": "recent_rainfall_mm", "value": 157.1, "weight": 0.1 }, { "factor": "adjacent_to_water", "value": true, "weight": 0.1 } ], "baseline_scenes_json": [ { "source": "sentinel2", "acquisition_date": "2024-06-10", "cloud_cover_pct": 0, "indices": { "ndvi_mean": 0.2552, "ndmi_mean": 0.0642 } }, { "source": "sentinel2", "acquisition_date": "2024-06-20", "cloud_cover_pct": 0, "indices": { "ndvi_mean": 0.1239, "ndmi_mean": 0.0723 } }, { "source": "sentinel2", "acquisition_date": "2024-07-15", "cloud_cover_pct": 0, "indices": { "ndvi_mean": 0.0865, "ndmi_mean": 0.0224 } }, { "source": "sentinel2", "acquisition_date": "2024-08-04", "cloud_cover_pct": 0, "indices": { "ndvi_mean": 0.1488, "ndmi_mean": 0.0127 } }, { "source": "sentinel2", "acquisition_date": "2024-08-09", "cloud_cover_pct": 0, "indices": { "ndvi_mean": 0.1724, "ndmi_mean": 0.0316 } }, { "source": "sentinel2", "acquisition_date": "2024-08-14", "cloud_cover_pct": 0, "indices": { "ndvi_mean": 0.1987, "ndmi_mean": 0.022 } }, { "source": "sentinel2", "acquisition_date": "2024-08-19", "cloud_cover_pct": 0, "indices": { "ndvi_mean": 0.3989, "ndmi_mean": 0.137 } }, { "source": "sentinel2", "acquisition_date": "2024-08-24", "cloud_cover_pct": 0, "indices": { "ndvi_mean": 0.2231, "ndmi_mean": 0.039 } }, { "source": "sentinel2", "acquisition_date": "2024-08-29", "cloud_cover_pct": 0, "indices": { "ndvi_mean": 0.1925, "ndmi_mean": 0.045 } } ], "current_scenes_json": [ { "source": "sentinel2", "acquisition_date": "2026-06-05", "cloud_cover_pct": 0, "indices": { "ndvi_mean": 0.1685, "ndmi_mean": 0.0668 } }, { "source": "sentinel2", "acquisition_date": "2026-06-15", "cloud_cover_pct": 0, "indices": { "ndvi_mean": 0.1427, "ndmi_mean": 0.0376 } }, { "source": "sentinel2", "acquisition_date": "2026-08-04", "cloud_cover_pct": 0, "indices": { "ndvi_mean": 0.0584, "ndmi_mean": -0.1507 } }, { "source": "sentinel2", "acquisition_date": "2026-08-24", "cloud_cover_pct": 0, "indices": { "ndvi_mean": 0.0766, "ndmi_mean": -0.1199 } } ] }, "geometry": { "type": "MultiPolygon", "coordinates": [ [ [ [ 995671.801772535545751, 1945485.670291396556422 ], [ 995660.702487391186878, 1945481.54281671019271 ], [ 995659.145143952569924, 1945485.130586455110461 ], [ 995657.730499484809116, 1945493.012824692996219 ], [ 995655.587624824838713, 1945504.946247400715947 ], [ 995656.463518407195807, 1945504.05097580794245 ], [ 995660.640188262797892, 1945499.785605361917987 ], [ 995665.872954172198661, 1945493.167610893258825 ], [ 995671.801772535545751, 1945485.670291396556422 ] ] ] ] } },
{ "type": "Feature", "properties": { "rank": 20, "site_id": "HANRIVER_4161025330106300026", "pnu": "4161025330106300026", "jibun": "630-26임", "addr": "경기도 광주시 초월읍 무갑리 630-26", "inspection_priority_score": 37, "priority_tier": "3순위", "weight_coverage": 0.75, "anomaly_score": 0.122, "change_type_hint": "no_significant_change", "sar_vv_delta": -3.19, "recent_rainfall_mm": 169.8, "adjacent_to_water": false, "changed_area_ratio_source": "pixel_diff", "evidence_confidence_json": { "level": "높음", "score": 6, "factors": [ { "label": "유효 광학 장면 충분", "effect": 1, "detail": "현재기간 5장" }, { "label": "기준기간 관측 충분", "effect": 1, "detail": "기준기간 4장" }, { "label": "영상 품질 양호", "effect": 1, "detail": "현재기간 평균 구름 2%" }, { "label": "NDVI·NDMI 방향 일치", "effect": 1, "detail": "둘 다 증가" }, { "label": "광학·SAR 센서 일치", "effect": 2, "detail": "서로 다른 센서가 같은 변화를 가리킴" }, { "label": "변화면적 픽셀 실측", "effect": 1, "detail": "NDVI 픽셀 단위 차분으로 직접 측정" }, { "label": "강우 교란 가능성", "effect": -1, "detail": "최근 14일 170mm 강우 + 습윤 신호 — 기상에 의한 변화일 수 있음" } ] }, "contributing_factors_json": [ { "factor": "anomaly_score_mean", "value": 0.122, "weight": 0.3 }, { "factor": "changed_area_ratio", "value": 0.2783, "weight": 0.15 }, { "factor": "sar_anomaly_mean", "value": 1.0, "weight": 0.1 }, { "factor": "recent_rainfall_mm", "value": 169.8, "weight": 0.1 }, { "factor": "adjacent_to_water", "value": false, "weight": 0.1 } ], "baseline_scenes_json": [ { "source": "sentinel2", "acquisition_date": "2024-08-04", "cloud_cover_pct": 0, "indices": { "ndvi_mean": 0.4794, "ndmi_mean": 0.1187 } }, { "source": "sentinel2", "acquisition_date": "2024-08-09", "cloud_cover_pct": 4.1, "indices": { "ndvi_mean": 0.5331, "ndmi_mean": 0.1654 } }, { "source": "sentinel2", "acquisition_date": "2024-08-19", "cloud_cover_pct": 0, "indices": { "ndvi_mean": 0.6564, "ndmi_mean": 0.1297 } }, { "source": "sentinel2", "acquisition_date": "2024-08-29", "cloud_cover_pct": 0, "indices": { "ndvi_mean": 0.4874, "ndmi_mean": 0.1312 } } ], "current_scenes_json": [ { "source": "sentinel2", "acquisition_date": "2026-06-05", "cloud_cover_pct": 0.4, "indices": { "ndvi_mean": 0.6137, "ndmi_mean": 0.2293 } }, { "source": "sentinel2", "acquisition_date": "2026-06-10", "cloud_cover_pct": 10.3, "indices": { "ndvi_mean": 0.5692, "ndmi_mean": 0.247 } }, { "source": "sentinel2", "acquisition_date": "2026-06-15", "cloud_cover_pct": 0, "indices": { "ndvi_mean": 0.5981, "ndmi_mean": 0.1844 } }, { "source": "sentinel2", "acquisition_date": "2026-08-04", "cloud_cover_pct": 0, "indices": { "ndvi_mean": 0.6735, "ndmi_mean": 0.1837 } }, { "source": "sentinel2", "acquisition_date": "2026-08-24", "cloud_cover_pct": 0, "indices": { "ndvi_mean": 0.5327, "ndmi_mean": 0.1431 } } ] }, "geometry": { "type": "MultiPolygon", "coordinates": [ [ [ [ 983342.020506863016635, 1936612.267867763992399 ], [ 983342.715287785045803, 1936607.930927632143721 ], [ 983349.50660152034834, 1936610.01616932079196 ], [ 983356.656697697471827, 1936613.788838020293042 ], [ 983363.662441858439706, 1936624.100654006004333 ], [ 983365.609942566719837, 1936628.501591491978616 ], [ 983372.828091491130181, 1936637.771700477227569 ], [ 983379.207225037156604, 1936643.572635538177565 ], [ 983383.282790495199151, 1936642.664440211607143 ], [ 983387.330691080307588, 1936647.866946258582175 ], [ 983389.418141100904904, 1936646.40848771808669 ], [ 983363.1372931470396, 1936601.725383964600042 ], [ 983349.616111599025317, 1936578.739103154744953 ], [ 983336.862058203434572, 1936556.969277180731297 ], [ 983325.210995672619902, 1936561.936919955303892 ], [ 983321.051425167359412, 1936551.684024248505011 ], [ 983299.02147540228907, 1936500.874879469862208 ], [ 983291.583223411580548, 1936504.234880750300363 ], [ 983293.129175174748525, 1936505.855055200401694 ], [ 983294.748862041393295, 1936509.132176815299317 ], [ 983296.73199021210894, 1936512.709255974274129 ], [ 983295.298924574861303, 1936519.205237838206813 ], [ 983302.934304852853529, 1936529.117884366307408 ], [ 983310.320542911067605, 1936554.297741253627464 ], [ 983315.361136355786584, 1936565.188721500104293 ], [ 983315.983392874943092, 1936565.473316124407575 ], [ 983320.561132511124015, 1936566.904528889106587 ], [ 983322.363911039195955, 1936570.023744978010654 ], [ 983326.37553323910106, 1936568.365188338328153 ], [ 983329.622803178150207, 1936568.850817093392834 ], [ 983335.256013829028234, 1936572.71947161341086 ], [ 983345.58320084400475, 1936585.445752824191004 ], [ 983341.853151024784893, 1936588.746163226198405 ], [ 983347.596257455530576, 1936596.951501278905198 ], [ 983338.734249235712923, 1936606.866412032395601 ], [ 983342.020506863016635, 1936612.267867763992399 ] ] ] ] } },
{ "type": "Feature", "properties": { "rank": 21, "site_id": "HANRIVER_4136036024103310000", "pnu": "4136036024103310000", "jibun": "331전", "addr": "경기도 남양주시 조안면 송촌리 331", "inspection_priority_score": 36, "priority_tier": "3순위", "weight_coverage": 0.75, "anomaly_score": 0.096, "change_type_hint": "no_significant_change", "sar_vv_delta": -0.388, "recent_rainfall_mm": 138.6, "adjacent_to_water": true, "changed_area_ratio_source": "pixel_diff", "evidence_confidence_json": { "level": "보통", "score": 2, "factors": [ { "label": "유효 광학 장면 충분", "effect": 1, "detail": "현재기간 4장" }, { "label": "기준기간 관측 충분", "effect": 1, "detail": "기준기간 7장" }, { "label": "영상 품질 양호", "effect": 1, "detail": "현재기간 평균 구름 10%" }, { "label": "NDVI·NDMI 방향 불일치", "effect": -1, "detail": "식생과 수분 지표가 반대로 움직임" }, { "label": "변화면적 픽셀 실측", "effect": 1, "detail": "NDVI 픽셀 단위 차분으로 직접 측정" }, { "label": "강우 교란 가능성", "effect": -1, "detail": "최근 14일 139mm 강우 + 습윤 신호 — 기상에 의한 변화일 수 있음" } ] }, "contributing_factors_json": [ { "factor": "anomaly_score_mean", "value": 0.096, "weight": 0.3 }, { "factor": "changed_area_ratio", "value": 0.1809, "weight": 0.15 }, { "factor": "sar_anomaly_mean", "value": 0.129, "weight": 0.1 }, { "factor": "recent_rainfall_mm", "value": 138.6, "weight": 0.1 }, { "factor": "adjacent_to_water", "value": true, "weight": 0.1 } ], "baseline_scenes_json": [ { "source": "sentinel2", "acquisition_date": "2024-06-10", "cloud_cover_pct": 0, "indices": { "ndvi_mean": 0.3365, "ndmi_mean": 0.0291 } }, { "source": "sentinel2", "acquisition_date": "2024-07-10", "cloud_cover_pct": 0, "indices": { "ndvi_mean": 0.4153, "ndmi_mean": -0.0102 } }, { "source": "sentinel2", "acquisition_date": "2024-08-04", "cloud_cover_pct": 0, "indices": { "ndvi_mean": 0.7108, "ndmi_mean": 0.2493 } }, { "source": "sentinel2", "acquisition_date": "2024-08-09", "cloud_cover_pct": 0, "indices": { "ndvi_mean": 0.7293, "ndmi_mean": 0.3183 } }, { "source": "sentinel2", "acquisition_date": "2024-08-14", "cloud_cover_pct": 0, "indices": { "ndvi_mean": 0.6955, "ndmi_mean": 0.2509 } }, { "source": "sentinel2", "acquisition_date": "2024-08-19", "cloud_cover_pct": 0, "indices": { "ndvi_mean": 0.6751, "ndmi_mean": 0.2437 } }, { "source": "sentinel2", "acquisition_date": "2024-08-29", "cloud_cover_pct": 0, "indices": { "ndvi_mean": 0.7119, "ndmi_mean": 0.2858 } } ], "current_scenes_json": [ { "source": "sentinel2", "acquisition_date": "2026-06-05", "cloud_cover_pct": 39.0, "indices": { "ndvi_mean": 0.343, "ndmi_mean": 0.2739 } }, { "source": "sentinel2", "acquisition_date": "2026-06-10", "cloud_cover_pct": 0, "indices": { "ndvi_mean": 0.5849, "ndmi_mean": 0.246 } }, { "source": "sentinel2", "acquisition_date": "2026-06-15", "cloud_cover_pct": 0, "indices": { "ndvi_mean": 0.631, "ndmi_mean": 0.2238 } }, { "source": "sentinel2", "acquisition_date": "2026-08-04", "cloud_cover_pct": 0, "indices": { "ndvi_mean": 0.6913, "ndmi_mean": 0.2237 } } ] }, "geometry": { "type": "MultiPolygon", "coordinates": [ [ [ [ 984109.941596035612747, 1951591.339867760660127 ], [ 984120.733015255536884, 1951601.657472935738042 ], [ 984127.605249673943035, 1951604.293952245032415 ], [ 984130.911293527344242, 1951599.463347117882222 ], [ 984144.551796374726109, 1951582.872622779803351 ], [ 984129.779345471295528, 1951576.771450321888551 ], [ 984127.653963634860702, 1951578.235140645410866 ], [ 984122.544476045062765, 1951576.437971672276035 ], [ 984116.381528614205308, 1951576.170778912957758 ], [ 984111.691293111303821, 1951585.383971565635875 ], [ 984111.470487212296575, 1951586.534681853372604 ], [ 984109.941596035612747, 1951591.339867760660127 ] ] ] ] } },
{ "type": "Feature", "properties": { "rank": 22, "site_id": "HANRIVER_4182032527102770015", "pnu": "4182032527102770015", "jibun": "277-15대", "addr": "경기도 가평군 청평면 삼회리 277-15", "inspection_priority_score": 36, "priority_tier": "3순위", "weight_coverage": 0.75, "anomaly_score": 0.08, "change_type_hint": "no_significant_change", "sar_vv_delta": -1.344, "recent_rainfall_mm": 134.2, "adjacent_to_water": true, "changed_area_ratio_source": "pixel_diff", "evidence_confidence_json": { "level": "높음", "score": 4, "factors": [ { "label": "유효 광학 장면 부족", "effect": -1, "detail": "현재기간 2장(기준 3장)" }, { "label": "기준기간 관측 충분", "effect": 1, "detail": "기준기간 7장" }, { "label": "영상 품질 양호", "effect": 1, "detail": "현재기간 평균 구름 0%" }, { "label": "NDVI·NDMI 방향 일치", "effect": 1, "detail": "둘 다 증가" }, { "label": "광학·SAR 센서 일치", "effect": 2, "detail": "서로 다른 센서가 같은 변화를 가리킴" }, { "label": "변화면적 픽셀 실측", "effect": 1, "detail": "NDVI 픽셀 단위 차분으로 직접 측정" }, { "label": "강우 교란 가능성", "effect": -1, "detail": "최근 14일 134mm 강우 + 습윤 신호 — 기상에 의한 변화일 수 있음" } ] }, "contributing_factors_json": [ { "factor": "anomaly_score_mean", "value": 0.08, "weight": 0.3 }, { "factor": "changed_area_ratio", "value": 0.0, "weight": 0.15 }, { "factor": "sar_anomaly_mean", "value": 0.448, "weight": 0.1 }, { "factor": "recent_rainfall_mm", "value": 134.2, "weight": 0.1 }, { "factor": "adjacent_to_water", "value": true, "weight": 0.1 } ], "baseline_scenes_json": [ { "source": "sentinel2", "acquisition_date": "2024-06-05", "cloud_cover_pct": 0, "indices": { "ndvi_mean": 0.8362, "ndmi_mean": 0.3901 } }, { "source": "sentinel2", "acquisition_date": "2024-06-10", "cloud_cover_pct": 0, "indices": { "ndvi_mean": 0.7073, "ndmi_mean": 0.2979 } }, { "source": "sentinel2", "acquisition_date": "2024-08-04", "cloud_cover_pct": 0, "indices": { "ndvi_mean": 0.8292, "ndmi_mean": 0.2665 } }, { "source": "sentinel2", "acquisition_date": "2024-08-09", "cloud_cover_pct": 0, "indices": { "ndvi_mean": 0.8451, "ndmi_mean": 0.283 } }, { "source": "sentinel2", "acquisition_date": "2024-08-14", "cloud_cover_pct": 0, "indices": { "ndvi_mean": 0.8475, "ndmi_mean": 0.2783 } }, { "source": "sentinel2", "acquisition_date": "2024-08-19", "cloud_cover_pct": 0, "indices": { "ndvi_mean": 0.8535, "ndmi_mean": 0.2609 } }, { "source": "sentinel2", "acquisition_date": "2024-08-29", "cloud_cover_pct": 0, "indices": { "ndvi_mean": 0.8514, "ndmi_mean": 0.264 } } ], "current_scenes_json": [ { "source": "sentinel2", "acquisition_date": "2026-06-15", "cloud_cover_pct": 0, "indices": { "ndvi_mean": 0.8731, "ndmi_mean": 0.3774 } }, { "source": "sentinel2", "acquisition_date": "2026-08-04", "cloud_cover_pct": 0, "indices": { "ndvi_mean": 0.8555, "ndmi_mean": 0.26 } } ] }, "geometry": { "type": "MultiPolygon", "coordinates": [ [ [ [ 990020.855273159686476, 1965302.565866905264556 ], [ 990043.409846152877435, 1965299.137255423236638 ], [ 990043.001871015643701, 1965296.479508580872789 ], [ 990039.708346825791523, 1965279.214064268860966 ], [ 990033.203817776055075, 1965260.762187918182462 ], [ 990029.640058172051795, 1965256.963696675375104 ], [ 990013.787188231479377, 1965261.037386521697044 ], [ 990020.855273159686476, 1965302.565866905264556 ] ] ] ] } },
{ "type": "Feature", "properties": { "rank": 23, "site_id": "HANRIVER_4136036024103280000", "pnu": "4136036024103280000", "jibun": "328전", "addr": "경기도 남양주시 조안면 송촌리 328", "inspection_priority_score": 36, "priority_tier": "3순위", "weight_coverage": 0.75, "anomaly_score": 0.033, "change_type_hint": "no_significant_change", "sar_vv_delta": -1.721, "recent_rainfall_mm": 138.6, "adjacent_to_water": true, "changed_area_ratio_source": "pixel_diff", "evidence_confidence_json": { "level": "높음", "score": 3, "factors": [ { "label": "유효 광학 장면 충분", "effect": 1, "detail": "현재기간 3장" }, { "label": "기준기간 관측 충분", "effect": 1, "detail": "기준기간 7장" }, { "label": "영상 품질 양호", "effect": 1, "detail": "현재기간 평균 구름 0%" }, { "label": "변화면적 픽셀 실측", "effect": 1, "detail": "NDVI 픽셀 단위 차분으로 직접 측정" }, { "label": "강우 교란 가능성", "effect": -1, "detail": "최근 14일 139mm 강우 + 습윤 신호 — 기상에 의한 변화일 수 있음" } ] }, "contributing_factors_json": [ { "factor": "anomaly_score_mean", "value": 0.033, "weight": 0.3 }, { "factor": "changed_area_ratio", "value": 0.0, "weight": 0.15 }, { "factor": "sar_anomaly_mean", "value": 0.574, "weight": 0.1 }, { "factor": "recent_rainfall_mm", "value": 138.6, "weight": 0.1 }, { "factor": "adjacent_to_water", "value": true, "weight": 0.1 } ], "baseline_scenes_json": [ { "source": "sentinel2", "acquisition_date": "2024-06-10", "cloud_cover_pct": 0, "indices": { "ndvi_mean": 0.4189, "ndmi_mean": 0.0786 } }, { "source": "sentinel2", "acquisition_date": "2024-07-10", "cloud_cover_pct": 0, "indices": { "ndvi_mean": 0.602, "ndmi_mean": 0.1358 } }, { "source": "sentinel2", "acquisition_date": "2024-08-04", "cloud_cover_pct": 0, "indices": { "ndvi_mean": 0.7083, "ndmi_mean": 0.2398 } }, { "source": "sentinel2", "acquisition_date": "2024-08-09", "cloud_cover_pct": 0, "indices": { "ndvi_mean": 0.6989, "ndmi_mean": 0.2891 } }, { "source": "sentinel2", "acquisition_date": "2024-08-14", "cloud_cover_pct": 0, "indices": { "ndvi_mean": 0.6801, "ndmi_mean": 0.2144 } }, { "source": "sentinel2", "acquisition_date": "2024-08-19", "cloud_cover_pct": 0, "indices": { "ndvi_mean": 0.5342, "ndmi_mean": 0.1987 } }, { "source": "sentinel2", "acquisition_date": "2024-08-29", "cloud_cover_pct": 0, "indices": { "ndvi_mean": 0.7043, "ndmi_mean": 0.1971 } } ], "current_scenes_json": [ { "source": "sentinel2", "acquisition_date": "2026-06-10", "cloud_cover_pct": 0, "indices": { "ndvi_mean": 0.5658, "ndmi_mean": 0.2171 } }, { "source": "sentinel2", "acquisition_date": "2026-06-15", "cloud_cover_pct": 0, "indices": { "ndvi_mean": 0.6029, "ndmi_mean": 0.1908 } }, { "source": "sentinel2", "acquisition_date": "2026-08-04", "cloud_cover_pct": 0, "indices": { "ndvi_mean": 0.6443, "ndmi_mean": 0.1602 } } ] }, "geometry": { "type": "MultiPolygon", "coordinates": [ [ [ [ 984139.011814400553703, 1951627.124276677379385 ], [ 984147.67397154122591, 1951615.557952607050538 ], [ 984141.865582861821167, 1951608.826470441650599 ], [ 984130.911293527344242, 1951599.463347117882222 ], [ 984127.605249673943035, 1951604.293952245032415 ], [ 984124.647749790921807, 1951616.980558631941676 ], [ 984136.824750648229383, 1951626.570103361038491 ], [ 984139.011814400553703, 1951627.124276677379385 ] ] ] ] } },
{ "type": "Feature", "properties": { "rank": 24, "site_id": "HANRIVER_4183025022104850007", "pnu": "4183025022104850007", "jibun": "485-7도", "addr": "경기도 양평군 양평읍 오빈리 485-7", "inspection_priority_score": 35, "priority_tier": "3순위", "weight_coverage": 0.75, "anomaly_score": 0.114, "change_type_hint": "no_significant_change", "sar_vv_delta": 0.746, "recent_rainfall_mm": 157.1, "adjacent_to_water": true, "changed_area_ratio_source": "pixel_diff", "evidence_confidence_json": { "level": "높음", "score": 6, "factors": [ { "label": "유효 광학 장면 충분", "effect": 1, "detail": "현재기간 4장" }, { "label": "기준기간 관측 충분", "effect": 1, "detail": "기준기간 7장" }, { "label": "영상 품질 양호", "effect": 1, "detail": "현재기간 평균 구름 0%" }, { "label": "광학·SAR 센서 일치", "effect": 2, "detail": "서로 다른 센서가 같은 변화를 가리킴" }, { "label": "변화면적 픽셀 실측", "effect": 1, "detail": "NDVI 픽셀 단위 차분으로 직접 측정" } ] }, "contributing_factors_json": [ { "factor": "anomaly_score_mean", "value": 0.114, "weight": 0.3 }, { "factor": "changed_area_ratio", "value": 0.0, "weight": 0.15 }, { "factor": "sar_anomaly_mean", "value": 0.249, "weight": 0.1 }, { "factor": "recent_rainfall_mm", "value": 157.1, "weight": 0.1 }, { "factor": "adjacent_to_water", "value": true, "weight": 0.1 } ], "baseline_scenes_json": [ { "source": "sentinel2", "acquisition_date": "2024-06-10", "cloud_cover_pct": 0, "indices": { "ndvi_mean": 0.4967, "ndmi_mean": 0.1338 } }, { "source": "sentinel2", "acquisition_date": "2024-08-04", "cloud_cover_pct": 0, "indices": { "ndvi_mean": 0.5657, "ndmi_mean": 0.0725 } }, { "source": "sentinel2", "acquisition_date": "2024-08-09", "cloud_cover_pct": 0, "indices": { "ndvi_mean": 0.5875, "ndmi_mean": 0.056 } }, { "source": "sentinel2", "acquisition_date": "2024-08-14", "cloud_cover_pct": 0, "indices": { "ndvi_mean": 0.5537, "ndmi_mean": 0.0457 } }, { "source": "sentinel2", "acquisition_date": "2024-08-19", "cloud_cover_pct": 0, "indices": { "ndvi_mean": 0.3196, "ndmi_mean": -0.0626 } }, { "source": "sentinel2", "acquisition_date": "2024-08-24", "cloud_cover_pct": 0, "indices": { "ndvi_mean": 0.5464, "ndmi_mean": 0.0746 } }, { "source": "sentinel2", "acquisition_date": "2024-08-29", "cloud_cover_pct": 0, "indices": { "ndvi_mean": 0.6062, "ndmi_mean": 0.0629 } } ], "current_scenes_json": [ { "source": "sentinel2", "acquisition_date": "2026-06-05", "cloud_cover_pct": 0, "indices": { "ndvi_mean": 0.5339, "ndmi_mean": 0.1043 } }, { "source": "sentinel2", "acquisition_date": "2026-06-15", "cloud_cover_pct": 0, "indices": { "ndvi_mean": 0.5129, "ndmi_mean": 0.0999 } }, { "source": "sentinel2", "acquisition_date": "2026-08-04", "cloud_cover_pct": 0, "indices": { "ndvi_mean": 0.4018, "ndmi_mean": -0.0379 } }, { "source": "sentinel2", "acquisition_date": "2026-08-24", "cloud_cover_pct": 0, "indices": { "ndvi_mean": 0.4242, "ndmi_mean": -0.005 } } ] }, "geometry": { "type": "MultiPolygon", "coordinates": [ [ [ [ 996315.757441378198564, 1945070.332735877018422 ], [ 996316.305108269210905, 1945060.876749634509906 ], [ 996315.465247873449698, 1945063.856965840328485 ], [ 996315.519927748246118, 1945070.405964113771915 ], [ 996315.757441378198564, 1945070.332735877018422 ] ] ] ] } },
{ "type": "Feature", "properties": { "rank": 25, "site_id": "HANRIVER_4161025329105370014", "pnu": "4161025329105370014", "jibun": "537-14과", "addr": "경기도 광주시 초월읍 지월리 537-14", "inspection_priority_score": 35, "priority_tier": "3순위", "weight_coverage": 0.75, "anomaly_score": 0.019, "change_type_hint": "no_significant_change", "sar_vv_delta": -1.084, "recent_rainfall_mm": 169.8, "adjacent_to_water": true, "changed_area_ratio_source": "pixel_diff", "evidence_confidence_json": { "level": "높음", "score": 3, "factors": [ { "label": "유효 광학 장면 충분", "effect": 1, "detail": "현재기간 4장" }, { "label": "기준기간 관측 충분", "effect": 1, "detail": "기준기간 7장" }, { "label": "영상 품질 양호", "effect": 1, "detail": "현재기간 평균 구름 6%" }, { "label": "변화면적 픽셀 실측", "effect": 1, "detail": "NDVI 픽셀 단위 차분으로 직접 측정" }, { "label": "강우 교란 가능성", "effect": -1, "detail": "최근 14일 170mm 강우 + 습윤 신호 — 기상에 의한 변화일 수 있음" } ] }, "contributing_factors_json": [ { "factor": "anomaly_score_mean", "value": 0.019, "weight": 0.3 }, { "factor": "changed_area_ratio", "value": 0.1296, "weight": 0.15 }, { "factor": "sar_anomaly_mean", "value": 0.361, "weight": 0.1 }, { "factor": "recent_rainfall_mm", "value": 169.8, "weight": 0.1 }, { "factor": "adjacent_to_water", "value": true, "weight": 0.1 } ], "baseline_scenes_json": [ { "source": "sentinel2", "acquisition_date": "2024-06-10", "cloud_cover_pct": 34.8, "indices": { "ndvi_mean": 0.5197, "ndmi_mean": 0.1274 } }, { "source": "sentinel2", "acquisition_date": "2024-08-04", "cloud_cover_pct": 0, "indices": { "ndvi_mean": 0.7399, "ndmi_mean": 0.2536 } }, { "source": "sentinel2", "acquisition_date": "2024-08-09", "cloud_cover_pct": 0, "indices": { "ndvi_mean": 0.7863, "ndmi_mean": 0.2958 } }, { "source": "sentinel2", "acquisition_date": "2024-08-14", "cloud_cover_pct": 0, "indices": { "ndvi_mean": 0.7162, "ndmi_mean": 0.2535 } }, { "source": "sentinel2", "acquisition_date": "2024-08-19", "cloud_cover_pct": 0, "indices": { "ndvi_mean": 0.7721, "ndmi_mean": 0.2658 } }, { "source": "sentinel2", "acquisition_date": "2024-08-24", "cloud_cover_pct": 0, "indices": { "ndvi_mean": 0.709, "ndmi_mean": 0.2597 } }, { "source": "sentinel2", "acquisition_date": "2024-08-29", "cloud_cover_pct": 0, "indices": { "ndvi_mean": 0.8014, "ndmi_mean": 0.2728 } } ], "current_scenes_json": [ { "source": "sentinel2", "acquisition_date": "2026-06-10", "cloud_cover_pct": 24.7, "indices": { "ndvi_mean": 0.5461, "ndmi_mean": 0.2158 } }, { "source": "sentinel2", "acquisition_date": "2026-06-15", "cloud_cover_pct": 0, "indices": { "ndvi_mean": 0.728, "ndmi_mean": 0.2244 } }, { "source": "sentinel2", "acquisition_date": "2026-08-04", "cloud_cover_pct": 0, "indices": { "ndvi_mean": 0.7991, "ndmi_mean": 0.2223 } }, { "source": "sentinel2", "acquisition_date": "2026-08-24", "cloud_cover_pct": 0.8, "indices": { "ndvi_mean": 0.7983, "ndmi_mean": 0.2866 } } ] }, "geometry": { "type": "MultiPolygon", "coordinates": [ [ [ [ 981635.962237611413002, 1936779.736734337639064 ], [ 981643.974125512409955, 1936779.562421727459878 ], [ 981652.908590864157304, 1936773.706491404911503 ], [ 981657.219292199821211, 1936772.462183820549399 ], [ 981700.18884046736639, 1936741.773102886974812 ], [ 981739.211406967486255, 1936745.574165275786072 ], [ 981777.090782563202083, 1936747.552000978030264 ], [ 981791.508870708639733, 1936743.739250290207565 ], [ 981783.818940850556828, 1936736.178940725279972 ], [ 981779.669899262138642, 1936736.425790173001587 ], [ 981765.174401752883568, 1936734.673167273635045 ], [ 981762.824726164224558, 1936733.04524517362006 ], [ 981764.39622604555916, 1936729.66627821396105 ], [ 981767.953484807396308, 1936728.8487865452189 ], [ 981768.783016392029822, 1936726.743237223476171 ], [ 981774.692073547514156, 1936725.308550819754601 ], [ 981775.850454672938213, 1936721.497941199224442 ], [ 981774.823972459067591, 1936706.773236920591444 ], [ 981754.559641937608831, 1936698.94654914480634 ], [ 981729.450502036721446, 1936689.845996476477012 ], [ 981679.813071631244384, 1936669.013864923268557 ], [ 981646.127704215585254, 1936663.762144193751737 ], [ 981585.672189941746183, 1936621.494768901495263 ], [ 981559.776045636273921, 1936683.982873723376542 ], [ 981535.972889215685427, 1936673.277049424126744 ], [ 981534.14089414733462, 1936675.786741147516295 ], [ 981526.665610912721604, 1936684.433841363992542 ], [ 981515.500854260870256, 1936695.54947560490109 ], [ 981506.268273608991876, 1936705.331420172238722 ], [ 981502.59858238697052, 1936711.919209740124643 ], [ 981569.099717947770841, 1936758.348945197882131 ], [ 981635.962237611413002, 1936779.736734337639064 ] ] ] ] } },
{ "type": "Feature", "properties": { "rank": 26, "site_id": "HANRIVER_4161025330106300002", "pnu": "4161025330106300002", "jibun": "630-2대", "addr": "경기도 광주시 초월읍 무갑리 630-2", "inspection_priority_score": 34, "priority_tier": "3순위", "weight_coverage": 0.75, "anomaly_score": 0.132, "change_type_hint": "no_significant_change", "sar_vv_delta": -7.781, "recent_rainfall_mm": 169.8, "adjacent_to_water": false, "changed_area_ratio_source": "pixel_diff", "evidence_confidence_json": { "level": "높음", "score": 6, "factors": [ { "label": "유효 광학 장면 충분", "effect": 1, "detail": "현재기간 5장" }, { "label": "기준기간 관측 충분", "effect": 1, "detail": "기준기간 4장" }, { "label": "영상 품질 양호", "effect": 1, "detail": "현재기간 평균 구름 7%" }, { "label": "NDVI·NDMI 방향 일치", "effect": 1, "detail": "둘 다 증가" }, { "label": "광학·SAR 센서 일치", "effect": 2, "detail": "서로 다른 센서가 같은 변화를 가리킴" }, { "label": "변화면적 픽셀 실측", "effect": 1, "detail": "NDVI 픽셀 단위 차분으로 직접 측정" }, { "label": "강우 교란 가능성", "effect": -1, "detail": "최근 14일 170mm 강우 + 습윤 신호 — 기상에 의한 변화일 수 있음" } ] }, "contributing_factors_json": [ { "factor": "anomaly_score_mean", "value": 0.132, "weight": 0.3 }, { "factor": "changed_area_ratio", "value": 0.1023, "weight": 0.15 }, { "factor": "sar_anomaly_mean", "value": 1.0, "weight": 0.1 }, { "factor": "recent_rainfall_mm", "value": 169.8, "weight": 0.1 }, { "factor": "adjacent_to_water", "value": false, "weight": 0.1 } ], "baseline_scenes_json": [ { "source": "sentinel2", "acquisition_date": "2024-08-04", "cloud_cover_pct": 0, "indices": { "ndvi_mean": 0.2282, "ndmi_mean": -0.0666 } }, { "source": "sentinel2", "acquisition_date": "2024-08-09", "cloud_cover_pct": 8.4, "indices": { "ndvi_mean": 0.206, "ndmi_mean": -0.0675 } }, { "source": "sentinel2", "acquisition_date": "2024-08-19", "cloud_cover_pct": 0, "indices": { "ndvi_mean": 0.2476, "ndmi_mean": -0.0266 } }, { "source": "sentinel2", "acquisition_date": "2024-08-29", "cloud_cover_pct": 0, "indices": { "ndvi_mean": 0.2073, "ndmi_mean": -0.0757 } } ], "current_scenes_json": [ { "source": "sentinel2", "acquisition_date": "2026-06-05", "cloud_cover_pct": 15.8, "indices": { "ndvi_mean": 0.2872, "ndmi_mean": 0.0231 } }, { "source": "sentinel2", "acquisition_date": "2026-06-10", "cloud_cover_pct": 20.8, "indices": { "ndvi_mean": 0.286, "ndmi_mean": 0.0575 } }, { "source": "sentinel2", "acquisition_date": "2026-06-15", "cloud_cover_pct": 0, "indices": { "ndvi_mean": 0.2572, "ndmi_mean": -0.0237 } }, { "source": "sentinel2", "acquisition_date": "2026-08-04", "cloud_cover_pct": 0, "indices": { "ndvi_mean": 0.3372, "ndmi_mean": -0.015 } }, { "source": "sentinel2", "acquisition_date": "2026-08-24", "cloud_cover_pct": 0, "indices": { "ndvi_mean": 0.2153, "ndmi_mean": -0.0075 } } ] }, "geometry": { "type": "MultiPolygon", "coordinates": [ [ [ [ 983389.418141100904904, 1936646.40848771808669 ], [ 983401.656021482194774, 1936637.859173235949129 ], [ 983397.331946317804977, 1936631.65752789680846 ], [ 983397.48796559474431, 1936620.330234927590936 ], [ 983366.572222604765557, 1936562.460923585807905 ], [ 983355.013166663586162, 1936542.104211329249665 ], [ 983352.890484208473936, 1936537.088446236215532 ], [ 983342.234556428156793, 1936511.908885619603097 ], [ 983327.876905845943838, 1936477.994399366900325 ], [ 983295.155859588761814, 1936491.958893518894911 ], [ 983299.02147540228907, 1936500.874879469862208 ], [ 983321.051425167359412, 1936551.684024248505011 ], [ 983325.210995672619902, 1936561.936919955303892 ], [ 983336.862058203434572, 1936556.969277180731297 ], [ 983349.616111599025317, 1936578.739103154744953 ], [ 983363.1372931470396, 1936601.725383964600042 ], [ 983389.418141100904904, 1936646.40848771808669 ] ] ] ] } },
{ "type": "Feature", "properties": { "rank": 27, "site_id": "HANRIVER_4182025034101300014", "pnu": "4182025034101300014", "jibun": "130-14 대", "addr": "경기도 가평군 가평읍 금대리 130-14", "inspection_priority_score": 33, "priority_tier": "3순위", "weight_coverage": 0.75, "anomaly_score": 0.046, "change_type_hint": "no_significant_change", "sar_vv_delta": -0.89, "recent_rainfall_mm": 114.8, "adjacent_to_water": true, "changed_area_ratio_source": "pixel_diff", "evidence_confidence_json": { "level": "보통", "score": 2, "factors": [ { "label": "유효 광학 장면 충분", "effect": 1, "detail": "현재기간 4장" }, { "label": "기준기간 관측 충분", "effect": 1, "detail": "기준기간 9장" }, { "label": "영상 품질 양호", "effect": 1, "detail": "현재기간 평균 구름 0%" }, { "label": "광학·SAR 센서 불일치", "effect": -1, "detail": "두 센서가 다른 방향을 가리킴" }, { "label": "변화면적 픽셀 실측", "effect": 1, "detail": "NDVI 픽셀 단위 차분으로 직접 측정" }, { "label": "강우 교란 가능성", "effect": -1, "detail": "최근 14일 115mm 강우 + 습윤 신호 — 기상에 의한 변화일 수 있음" } ] }, "contributing_factors_json": [ { "factor": "anomaly_score_mean", "value": 0.046, "weight": 0.3 }, { "factor": "changed_area_ratio", "value": 0.0063, "weight": 0.15 }, { "factor": "sar_anomaly_mean", "value": 0.297, "weight": 0.1 }, { "factor": "recent_rainfall_mm", "value": 114.8, "weight": 0.1 }, { "factor": "adjacent_to_water", "value": true, "weight": 0.1 } ], "baseline_scenes_json": [ { "source": "sentinel2", "acquisition_date": "2024-06-05", "cloud_cover_pct": 0, "indices": { "ndvi_mean": 0.3504, "ndmi_mean": 0.0292 } }, { "source": "sentinel2", "acquisition_date": "2024-06-10", "cloud_cover_pct": 0, "indices": { "ndvi_mean": 0.4081, "ndmi_mean": 0.045 } }, { "source": "sentinel2", "acquisition_date": "2024-06-20", "cloud_cover_pct": 0, "indices": { "ndvi_mean": 0.3668, "ndmi_mean": 0.0085 } }, { "source": "sentinel2", "acquisition_date": "2024-08-04", "cloud_cover_pct": 0, "indices": { "ndvi_mean": 0.46, "ndmi_mean": 0.0393 } }, { "source": "sentinel2", "acquisition_date": "2024-08-09", "cloud_cover_pct": 0, "indices": { "ndvi_mean": 0.4762, "ndmi_mean": 0.0645 } }, { "source": "sentinel2", "acquisition_date": "2024-08-14", "cloud_cover_pct": 0, "indices": { "ndvi_mean": 0.4659, "ndmi_mean": 0.0463 } }, { "source": "sentinel2", "acquisition_date": "2024-08-19", "cloud_cover_pct": 0, "indices": { "ndvi_mean": 0.4986, "ndmi_mean": 0.0518 } }, { "source": "sentinel2", "acquisition_date": "2024-08-24", "cloud_cover_pct": 0, "indices": { "ndvi_mean": 0.4785, "ndmi_mean": 0.0813 } }, { "source": "sentinel2", "acquisition_date": "2024-08-29", "cloud_cover_pct": 0, "indices": { "ndvi_mean": 0.5182, "ndmi_mean": 0.0761 } } ], "current_scenes_json": [ { "source": "sentinel2", "acquisition_date": "2026-06-15", "cloud_cover_pct": 0, "indices": { "ndvi_mean": 0.2946, "ndmi_mean": 0.013 } }, { "source": "sentinel2", "acquisition_date": "2026-06-30", "cloud_cover_pct": 0, "indices": { "ndvi_mean": 0.3476, "ndmi_mean": 0.0426 } }, { "source": "sentinel2", "acquisition_date": "2026-08-04", "cloud_cover_pct": 0, "indices": { "ndvi_mean": 0.4877, "ndmi_mean": 0.0661 } }, { "source": "sentinel2", "acquisition_date": "2026-08-24", "cloud_cover_pct": 0, "indices": { "ndvi_mean": 0.5669, "ndmi_mean": 0.1363 } } ] }, "geometry": { "type": "MultiPolygon", "coordinates": [ [ [ [ 1003417.053632827242836, 1972954.844442569417879 ], [ 1003435.146348169539124, 1972936.894594568526372 ], [ 1003423.623541675857268, 1972913.688786109443754 ], [ 1003401.501539042568766, 1972924.885953595861793 ], [ 1003417.053632827242836, 1972954.844442569417879 ] ] ] ] } },
{ "type": "Feature", "properties": { "rank": 28, "site_id": "HANRIVER_4183025031105220000", "pnu": "4183025031105220000", "jibun": "522답", "addr": "경기도 양평군 양평읍 회현리 522", "inspection_priority_score": 33, "priority_tier": "3순위", "weight_coverage": 0.75, "anomaly_score": 0.247, "change_type_hint": "no_significant_change", "sar_vv_delta": -0.04, "recent_rainfall_mm": 157.1, "adjacent_to_water": false, "changed_area_ratio_source": "pixel_diff", "evidence_confidence_json": { "level": "높음", "score": 4, "factors": [ { "label": "유효 광학 장면 충분", "effect": 1, "detail": "현재기간 4장" }, { "label": "기준기간 관측 충분", "effect": 1, "detail": "기준기간 8장" }, { "label": "영상 품질 양호", "effect": 1, "detail": "현재기간 평균 구름 0%" }, { "label": "NDVI·NDMI 방향 일치", "effect": 1, "detail": "둘 다 감소" }, { "label": "변화면적 픽셀 실측", "effect": 1, "detail": "NDVI 픽셀 단위 차분으로 직접 측정" }, { "label": "강우 교란 가능성", "effect": -1, "detail": "최근 14일 157mm 강우 + 습윤 신호 — 기상에 의한 변화일 수 있음" } ] }, "contributing_factors_json": [ { "factor": "anomaly_score_mean", "value": 0.247, "weight": 0.3 }, { "factor": "changed_area_ratio", "value": 0.475, "weight": 0.15 }, { "factor": "sar_anomaly_mean", "value": 0.013, "weight": 0.1 }, { "factor": "recent_rainfall_mm", "value": 157.1, "weight": 0.1 }, { "factor": "adjacent_to_water", "value": false, "weight": 0.1 } ], "baseline_scenes_json": [ { "source": "sentinel2", "acquisition_date": "2024-06-20", "cloud_cover_pct": 0, "indices": { "ndvi_mean": 0.5995, "ndmi_mean": 0.2164 } }, { "source": "sentinel2", "acquisition_date": "2024-07-10", "cloud_cover_pct": 0, "indices": { "ndvi_mean": 0.8602, "ndmi_mean": 0.3537 } }, { "source": "sentinel2", "acquisition_date": "2024-08-04", "cloud_cover_pct": 0, "indices": { "ndvi_mean": 0.8599, "ndmi_mean": 0.3468 } }, { "source": "sentinel2", "acquisition_date": "2024-08-09", "cloud_cover_pct": 0, "indices": { "ndvi_mean": 0.8941, "ndmi_mean": 0.3878 } }, { "source": "sentinel2", "acquisition_date": "2024-08-14", "cloud_cover_pct": 0, "indices": { "ndvi_mean": 0.8728, "ndmi_mean": 0.3685 } }, { "source": "sentinel2", "acquisition_date": "2024-08-19", "cloud_cover_pct": 0, "indices": { "ndvi_mean": 0.8814, "ndmi_mean": 0.3756 } }, { "source": "sentinel2", "acquisition_date": "2024-08-24", "cloud_cover_pct": 0, "indices": { "ndvi_mean": 0.7209, "ndmi_mean": 0.3506 } }, { "source": "sentinel2", "acquisition_date": "2024-08-29", "cloud_cover_pct": 0, "indices": { "ndvi_mean": 0.8641, "ndmi_mean": 0.3838 } } ], "current_scenes_json": [ { "source": "sentinel2", "acquisition_date": "2026-06-05", "cloud_cover_pct": 0, "indices": { "ndvi_mean": 0.6839, "ndmi_mean": 0.2471 } }, { "source": "sentinel2", "acquisition_date": "2026-06-15", "cloud_cover_pct": 0, "indices": { "ndvi_mean": 0.6948, "ndmi_mean": 0.2042 } }, { "source": "sentinel2", "acquisition_date": "2026-08-04", "cloud_cover_pct": 0, "indices": { "ndvi_mean": 0.7866, "ndmi_mean": 0.2105 } }, { "source": "sentinel2", "acquisition_date": "2026-08-24", "cloud_cover_pct": 0, "indices": { "ndvi_mean": 0.7556, "ndmi_mean": 0.2361 } } ] }, "geometry": { "type": "MultiPolygon", "coordinates": [ [ [ [ 999965.475866510416381, 1940878.964475834509358 ], [ 999963.223837528494187, 1940872.92592347227037 ], [ 999962.413424893980846, 1940866.928721354808658 ], [ 999959.044544704607688, 1940851.386055315611884 ], [ 999959.935773542849347, 1940848.477552796481177 ], [ 999955.298179870587774, 1940847.810384723823518 ], [ 999942.038124532089569, 1940846.753030020976439 ], [ 999942.651412368169986, 1940861.210739023284987 ], [ 999939.958315960480832, 1940864.757514520082623 ], [ 999937.103607650031336, 1940867.042673076037318 ], [ 999936.936534775421023, 1940872.304358009248972 ], [ 999937.543514061137103, 1940878.014757234370336 ], [ 999940.875050429953262, 1940888.011939534451813 ], [ 999945.232849797001109, 1940898.89531783782877 ], [ 999949.926274203811772, 1940898.212754333158955 ], [ 999956.443665621802211, 1940895.401423993287608 ], [ 999961.653806583723053, 1940894.706130136270076 ], [ 999961.27057879162021, 1940888.58871660195291 ], [ 999965.475866510416381, 1940878.964475834509358 ] ] ] ] } },
{ "type": "Feature", "properties": { "rank": 29, "site_id": "HANRIVER_4182032526105780026", "pnu": "4182032526105780026", "jibun": "578-26대", "addr": "경기도 가평군 청평면 고성리 578-26", "inspection_priority_score": 33, "priority_tier": "3순위", "weight_coverage": 0.75, "anomaly_score": 0.147, "change_type_hint": "no_significant_change", "sar_vv_delta": 3.079, "recent_rainfall_mm": 114.8, "adjacent_to_water": false, "changed_area_ratio_source": "pixel_diff", "evidence_confidence_json": { "level": "높음", "score": 3, "factors": [ { "label": "유효 광학 장면 충분", "effect": 1, "detail": "현재기간 3장" }, { "label": "기준기간 관측 충분", "effect": 1, "detail": "기준기간 8장" }, { "label": "영상 품질 양호", "effect": 1, "detail": "현재기간 평균 구름 0%" }, { "label": "변화면적 픽셀 실측", "effect": 1, "detail": "NDVI 픽셀 단위 차분으로 직접 측정" }, { "label": "강우 교란 가능성", "effect": -1, "detail": "최근 14일 115mm 강우 + 습윤 신호 — 기상에 의한 변화일 수 있음" } ] }, "contributing_factors_json": [ { "factor": "anomaly_score_mean", "value": 0.147, "weight": 0.3 }, { "factor": "changed_area_ratio", "value": 0.0, "weight": 0.15 }, { "factor": "sar_anomaly_mean", "value": 1.0, "weight": 0.1 }, { "factor": "recent_rainfall_mm", "value": 114.8, "weight": 0.1 }, { "factor": "adjacent_to_water", "value": false, "weight": 0.1 } ], "baseline_scenes_json": [ { "source": "sentinel2", "acquisition_date": "2024-06-05", "cloud_cover_pct": 0, "indices": { "ndvi_mean": 0.3481, "ndmi_mean": 0.0703 } }, { "source": "sentinel2", "acquisition_date": "2024-06-10", "cloud_cover_pct": 0, "indices": { "ndvi_mean": 0.3743, "ndmi_mean": -0.0124 } }, { "source": "sentinel2", "acquisition_date": "2024-06-20", "cloud_cover_pct": 0, "indices": { "ndvi_mean": 0.2779, "ndmi_mean": -0.0381 } }, { "source": "sentinel2", "acquisition_date": "2024-07-15", "cloud_cover_pct": 0, "indices": { "ndvi_mean": 0.3298, "ndmi_mean": -0.0117 } }, { "source": "sentinel2", "acquisition_date": "2024-08-04", "cloud_cover_pct": 0, "indices": { "ndvi_mean": 0.4014, "ndmi_mean": -0.0032 } }, { "source": "sentinel2", "acquisition_date": "2024-08-09", "cloud_cover_pct": 0, "indices": { "ndvi_mean": 0.4304, "ndmi_mean": 0.0306 } }, { "source": "sentinel2", "acquisition_date": "2024-08-14", "cloud_cover_pct": 0, "indices": { "ndvi_mean": 0.4101, "ndmi_mean": 0.0268 } }, { "source": "sentinel2", "acquisition_date": "2024-08-19", "cloud_cover_pct": 0, "indices": { "ndvi_mean": 0.5465, "ndmi_mean": 0.105 } } ], "current_scenes_json": [ { "source": "sentinel2", "acquisition_date": "2026-06-15", "cloud_cover_pct": 0, "indices": { "ndvi_mean": 0.3616, "ndmi_mean": 0.0873 } }, { "source": "sentinel2", "acquisition_date": "2026-06-30", "cloud_cover_pct": 0, "indices": { "ndvi_mean": 0.3939, "ndmi_mean": 0.1044 } }, { "source": "sentinel2", "acquisition_date": "2026-08-04", "cloud_cover_pct": 0, "indices": { "ndvi_mean": 0.4406, "ndmi_mean": 0.0909 } } ] }, "geometry": { "type": "MultiPolygon", "coordinates": [ [ [ [ 999009.628864285885356, 1968186.309122378705069 ], [ 999018.469259769190103, 1968184.821677043335512 ], [ 999011.830771400360391, 1968179.702154376078397 ], [ 999012.621079625329003, 1968173.623481346294284 ], [ 999002.794828707817942, 1968166.044955146498978 ], [ 998993.726205422426574, 1968174.045899720629677 ], [ 999009.628864285885356, 1968186.309122378705069 ] ] ] ] } },
{ "type": "Feature", "properties": { "rank": 30, "site_id": "HANRIVER_4161025330106300020", "pnu": "4161025330106300020", "jibun": "630-20창", "addr": "경기도 광주시 초월읍 무갑리 630-20", "inspection_priority_score": 31, "priority_tier": "3순위", "weight_coverage": 0.75, "anomaly_score": 0.078, "change_type_hint": "no_significant_change", "sar_vv_delta": -12.839, "recent_rainfall_mm": 169.8, "adjacent_to_water": false, "changed_area_ratio_source": "pixel_diff", "evidence_confidence_json": { "level": "높음", "score": 6, "factors": [ { "label": "유효 광학 장면 충분", "effect": 1, "detail": "현재기간 5장" }, { "label": "기준기간 관측 충분", "effect": 1, "detail": "기준기간 4장" }, { "label": "영상 품질 양호", "effect": 1, "detail": "현재기간 평균 구름 3%" }, { "label": "NDVI·NDMI 방향 일치", "effect": 1, "detail": "둘 다 증가" }, { "label": "광학·SAR 센서 일치", "effect": 2, "detail": "서로 다른 센서가 같은 변화를 가리킴" }, { "label": "변화면적 픽셀 실측", "effect": 1, "detail": "NDVI 픽셀 단위 차분으로 직접 측정" }, { "label": "강우 교란 가능성", "effect": -1, "detail": "최근 14일 170mm 강우 + 습윤 신호 — 기상에 의한 변화일 수 있음" } ] }, "contributing_factors_json": [ { "factor": "anomaly_score_mean", "value": 0.078, "weight": 0.3 }, { "factor": "changed_area_ratio", "value": 0.0701, "weight": 0.15 }, { "factor": "sar_anomaly_mean", "value": 1.0, "weight": 0.1 }, { "factor": "recent_rainfall_mm", "value": 169.8, "weight": 0.1 }, { "factor": "adjacent_to_water", "value": false, "weight": 0.1 } ], "baseline_scenes_json": [ { "source": "sentinel2", "acquisition_date": "2024-08-04", "cloud_cover_pct": 3.7, "indices": { "ndvi_mean": 0.2307, "ndmi_mean": 0.0198 } }, { "source": "sentinel2", "acquisition_date": "2024-08-09", "cloud_cover_pct": 0, "indices": { "ndvi_mean": 0.1895, "ndmi_mean": 0.0016 } }, { "source": "sentinel2", "acquisition_date": "2024-08-19", "cloud_cover_pct": 0, "indices": { "ndvi_mean": 0.2122, "ndmi_mean": -0.0107 } }, { "source": "sentinel2", "acquisition_date": "2024-08-29", "cloud_cover_pct": 0, "indices": { "ndvi_mean": 0.2028, "ndmi_mean": -0.017 } } ], "current_scenes_json": [ { "source": "sentinel2", "acquisition_date": "2026-06-05", "cloud_cover_pct": 8.1, "indices": { "ndvi_mean": 0.2211, "ndmi_mean": 0.0724 } }, { "source": "sentinel2", "acquisition_date": "2026-06-10", "cloud_cover_pct": 7.6, "indices": { "ndvi_mean": 0.2625, "ndmi_mean": 0.0758 } }, { "source": "sentinel2", "acquisition_date": "2026-06-15", "cloud_cover_pct": 0, "indices": { "ndvi_mean": 0.225, "ndmi_mean": 0.0404 } }, { "source": "sentinel2", "acquisition_date": "2026-08-04", "cloud_cover_pct": 0, "indices": { "ndvi_mean": 0.2669, "ndmi_mean": -0.0101 } }, { "source": "sentinel2", "acquisition_date": "2026-08-24", "cloud_cover_pct": 0, "indices": { "ndvi_mean": 0.2474, "ndmi_mean": 0.0096 } } ] }, "geometry": { "type": "MultiPolygon", "coordinates": [ [ [ [ 983428.348842054838315, 1936676.140656506177038 ], [ 983430.19173716835212, 1936675.693087094696239 ], [ 983433.563256369438022, 1936680.583295615855604 ], [ 983450.03004271700047, 1936672.714338847436011 ], [ 983450.686741937883198, 1936673.841414017369971 ], [ 983452.743358316482045, 1936672.412106957752258 ], [ 983450.928900240105577, 1936666.705988524248824 ], [ 983438.340259998338297, 1936640.867919150041416 ], [ 983426.473200527136214, 1936616.517436842201278 ], [ 983414.024082617484964, 1936590.977508765878156 ], [ 983401.846857479191385, 1936566.004914771765471 ], [ 983389.970803356845863, 1936541.654478104319423 ], [ 983381.159063382772729, 1936518.540337131824344 ], [ 983356.431945999735035, 1936529.881596534047276 ], [ 983358.31285548012238, 1936534.354857558384538 ], [ 983352.890484208473936, 1936537.088446236215532 ], [ 983355.013166663586162, 1936542.104211329249665 ], [ 983366.572222604765557, 1936562.460923585807905 ], [ 983397.48796559474431, 1936620.330234927590936 ], [ 983397.331946317804977, 1936631.65752789680846 ], [ 983401.656021482194774, 1936637.859173235949129 ], [ 983405.096738334163092, 1936642.791998949367553 ], [ 983428.348842054838315, 1936676.140656506177038 ] ] ] ] } },
{ "type": "Feature", "properties": { "rank": 31, "site_id": "HANRIVER_4182032527104790016", "pnu": "4182032527104790016", "jibun": "479-16대", "addr": "경기도 가평군 청평면 삼회리 479-16", "inspection_priority_score": 31, "priority_tier": "3순위", "weight_coverage": 0.75, "anomaly_score": 0.077, "change_type_hint": "no_significant_change", "sar_vv_delta": -0.341, "recent_rainfall_mm": 134.2, "adjacent_to_water": true, "changed_area_ratio_source": "pixel_diff", "evidence_confidence_json": { "level": "높음", "score": 3, "factors": [ { "label": "유효 광학 장면 충분", "effect": 1, "detail": "현재기간 6장" }, { "label": "기준기간 관측 충분", "effect": 1, "detail": "기준기간 8장" }, { "label": "영상 품질 양호", "effect": 1, "detail": "현재기간 평균 구름 0%" }, { "label": "변화면적 픽셀 실측", "effect": 1, "detail": "NDVI 픽셀 단위 차분으로 직접 측정" }, { "label": "강우 교란 가능성", "effect": -1, "detail": "최근 14일 134mm 강우 + 습윤 신호 — 기상에 의한 변화일 수 있음" } ] }, "contributing_factors_json": [ { "factor": "anomaly_score_mean", "value": 0.077, "weight": 0.3 }, { "factor": "changed_area_ratio", "value": 0.0, "weight": 0.15 }, { "factor": "sar_anomaly_mean", "value": 0.114, "weight": 0.1 }, { "factor": "recent_rainfall_mm", "value": 134.2, "weight": 0.1 }, { "factor": "adjacent_to_water", "value": true, "weight": 0.1 } ], "baseline_scenes_json": [ { "source": "sentinel2", "acquisition_date": "2024-06-05", "cloud_cover_pct": 0, "indices": { "ndvi_mean": 0.8232, "ndmi_mean": 0.3614 } }, { "source": "sentinel2", "acquisition_date": "2024-07-10", "cloud_cover_pct": 0, "indices": { "ndvi_mean": 0.8969, "ndmi_mean": 0.3388 } }, { "source": "sentinel2", "acquisition_date": "2024-07-15", "cloud_cover_pct": 0, "indices": { "ndvi_mean": 0.6334, "ndmi_mean": 0.2879 } }, { "source": "sentinel2", "acquisition_date": "2024-08-04", "cloud_cover_pct": 0, "indices": { "ndvi_mean": 0.84, "ndmi_mean": 0.2698 } }, { "source": "sentinel2", "acquisition_date": "2024-08-09", "cloud_cover_pct": 0, "indices": { "ndvi_mean": 0.8508, "ndmi_mean": 0.3054 } }, { "source": "sentinel2", "acquisition_date": "2024-08-14", "cloud_cover_pct": 0, "indices": { "ndvi_mean": 0.8512, "ndmi_mean": 0.2637 } }, { "source": "sentinel2", "acquisition_date": "2024-08-19", "cloud_cover_pct": 0, "indices": { "ndvi_mean": 0.8444, "ndmi_mean": 0.2471 } }, { "source": "sentinel2", "acquisition_date": "2024-08-29", "cloud_cover_pct": 0, "indices": { "ndvi_mean": 0.875, "ndmi_mean": 0.2865 } } ], "current_scenes_json": [ { "source": "sentinel2", "acquisition_date": "2026-06-05", "cloud_cover_pct": 0, "indices": { "ndvi_mean": 0.8665, "ndmi_mean": 0.4204 } }, { "source": "sentinel2", "acquisition_date": "2026-06-10", "cloud_cover_pct": 0, "indices": { "ndvi_mean": 0.804, "ndmi_mean": 0.3824 } }, { "source": "sentinel2", "acquisition_date": "2026-06-15", "cloud_cover_pct": 0, "indices": { "ndvi_mean": 0.8679, "ndmi_mean": 0.3683 } }, { "source": "sentinel2", "acquisition_date": "2026-07-25", "cloud_cover_pct": 0, "indices": { "ndvi_mean": 0.7298, "ndmi_mean": 0.3041 } }, { "source": "sentinel2", "acquisition_date": "2026-08-04", "cloud_cover_pct": 0, "indices": { "ndvi_mean": 0.8578, "ndmi_mean": 0.2521 } }, { "source": "sentinel2", "acquisition_date": "2026-08-24", "cloud_cover_pct": 0, "indices": { "ndvi_mean": 0.8331, "ndmi_mean": 0.2752 } } ] }, "geometry": { "type": "MultiPolygon", "coordinates": [ [ [ [ 989458.969592985115014, 1962789.829313276801258 ], [ 989458.003895724774338, 1962767.059707979205996 ], [ 989426.882949926774018, 1962770.331879783654585 ], [ 989426.676302079111338, 1962774.707199706463143 ], [ 989423.368518395232968, 1962788.973989713471383 ], [ 989458.969592985115014, 1962789.829313276801258 ] ] ] ] } },
{ "type": "Feature", "properties": { "rank": 32, "site_id": "HANRIVER_4136036024103260000", "pnu": "4136036024103260000", "jibun": "326전", "addr": "경기도 남양주시 조안면 송촌리 326", "inspection_priority_score": 30, "priority_tier": "3순위", "weight_coverage": 0.75, "anomaly_score": 0.03, "change_type_hint": "no_significant_change", "sar_vv_delta": -0.456, "recent_rainfall_mm": 138.6, "adjacent_to_water": true, "changed_area_ratio_source": "pixel_diff", "evidence_confidence_json": { "level": "높음", "score": 3, "factors": [ { "label": "유효 광학 장면 충분", "effect": 1, "detail": "현재기간 3장" }, { "label": "기준기간 관측 충분", "effect": 1, "detail": "기준기간 7장" }, { "label": "영상 품질 양호", "effect": 1, "detail": "현재기간 평균 구름 0%" }, { "label": "변화면적 픽셀 실측", "effect": 1, "detail": "NDVI 픽셀 단위 차분으로 직접 측정" }, { "label": "강우 교란 가능성", "effect": -1, "detail": "최근 14일 139mm 강우 + 습윤 신호 — 기상에 의한 변화일 수 있음" } ] }, "contributing_factors_json": [ { "factor": "anomaly_score_mean", "value": 0.03, "weight": 0.3 }, { "factor": "changed_area_ratio", "value": 0.0, "weight": 0.15 }, { "factor": "sar_anomaly_mean", "value": 0.152, "weight": 0.1 }, { "factor": "recent_rainfall_mm", "value": 138.6, "weight": 0.1 }, { "factor": "adjacent_to_water", "value": true, "weight": 0.1 } ], "baseline_scenes_json": [ { "source": "sentinel2", "acquisition_date": "2024-06-10", "cloud_cover_pct": 0, "indices": { "ndvi_mean": 0.5658, "ndmi_mean": 0.2 } }, { "source": "sentinel2", "acquisition_date": "2024-07-10", "cloud_cover_pct": 0, "indices": { "ndvi_mean": 0.5979, "ndmi_mean": 0.1337 } }, { "source": "sentinel2", "acquisition_date": "2024-08-04", "cloud_cover_pct": 0, "indices": { "ndvi_mean": 0.6927, "ndmi_mean": 0.2499 } }, { "source": "sentinel2", "acquisition_date": "2024-08-09", "cloud_cover_pct": 0, "indices": { "ndvi_mean": 0.727, "ndmi_mean": 0.2991 } }, { "source": "sentinel2", "acquisition_date": "2024-08-14", "cloud_cover_pct": 0, "indices": { "ndvi_mean": 0.659, "ndmi_mean": 0.1907 } }, { "source": "sentinel2", "acquisition_date": "2024-08-19", "cloud_cover_pct": 0, "indices": { "ndvi_mean": 0.5995, "ndmi_mean": 0.1551 } }, { "source": "sentinel2", "acquisition_date": "2024-08-29", "cloud_cover_pct": 0, "indices": { "ndvi_mean": 0.5689, "ndmi_mean": 0.1009 } } ], "current_scenes_json": [ { "source": "sentinel2", "acquisition_date": "2026-06-10", "cloud_cover_pct": 0, "indices": { "ndvi_mean": 0.5836, "ndmi_mean": 0.241 } }, { "source": "sentinel2", "acquisition_date": "2026-06-15", "cloud_cover_pct": 0, "indices": { "ndvi_mean": 0.6281, "ndmi_mean": 0.2063 } }, { "source": "sentinel2", "acquisition_date": "2026-08-04", "cloud_cover_pct": 0, "indices": { "ndvi_mean": 0.6771, "ndmi_mean": 0.1671 } } ] }, "geometry": { "type": "MultiPolygon", "coordinates": [ [ [ [ 984151.235679055680521, 1951633.8647147314623 ], [ 984159.140255509177223, 1951627.597285968251526 ], [ 984160.07783627754543, 1951626.269843397196382 ], [ 984147.67397154122591, 1951615.557952607050538 ], [ 984139.011814400553703, 1951627.124276677379385 ], [ 984137.719496723380871, 1951628.851441252045333 ], [ 984151.235679055680521, 1951633.8647147314623 ] ] ] ] } },
{ "type": "Feature", "properties": { "rank": 33, "site_id": "HANRIVER_4161035027106710000", "pnu": "4161035027106710000", "jibun": "671답", "addr": "경기도 광주시 남종면 수청리 671", "inspection_priority_score": 28, "priority_tier": "정상", "weight_coverage": 0.75, "anomaly_score": 0.053, "change_type_hint": "no_significant_change", "sar_vv_delta": 2.836, "recent_rainfall_mm": 148.5, "adjacent_to_water": false, "changed_area_ratio_source": "pixel_diff", "evidence_confidence_json": { "level": "높음", "score": 3, "factors": [ { "label": "유효 광학 장면 충분", "effect": 1, "detail": "현재기간 3장" }, { "label": "기준기간 관측 충분", "effect": 1, "detail": "기준기간 8장" }, { "label": "영상 품질 양호", "effect": 1, "detail": "현재기간 평균 구름 0%" }, { "label": "변화면적 픽셀 실측", "effect": 1, "detail": "NDVI 픽셀 단위 차분으로 직접 측정" }, { "label": "강우 교란 가능성", "effect": -1, "detail": "최근 14일 148mm 강우 + 습윤 신호 — 기상에 의한 변화일 수 있음" } ] }, "contributing_factors_json": [ { "factor": "anomaly_score_mean", "value": 0.053, "weight": 0.3 }, { "factor": "changed_area_ratio", "value": 0.0, "weight": 0.15 }, { "factor": "sar_anomaly_mean", "value": 0.945, "weight": 0.1 }, { "factor": "recent_rainfall_mm", "value": 148.5, "weight": 0.1 }, { "factor": "adjacent_to_water", "value": false, "weight": 0.1 } ], "baseline_scenes_json": [ { "source": "sentinel2", "acquisition_date": "2024-06-10", "cloud_cover_pct": 0, "indices": { "ndvi_mean": 0.7239, "ndmi_mean": 0.3406 } }, { "source": "sentinel2", "acquisition_date": "2024-07-10", "cloud_cover_pct": 0, "indices": { "ndvi_mean": 0.9115, "ndmi_mean": 0.318 } }, { "source": "sentinel2", "acquisition_date": "2024-08-04", "cloud_cover_pct": 0, "indices": { "ndvi_mean": 0.8479, "ndmi_mean": 0.2825 } }, { "source": "sentinel2", "acquisition_date": "2024-08-09", "cloud_cover_pct": 0, "indices": { "ndvi_mean": 0.874, "ndmi_mean": 0.2971 } }, { "source": "sentinel2", "acquisition_date": "2024-08-14", "cloud_cover_pct": 0, "indices": { "ndvi_mean": 0.8603, "ndmi_mean": 0.2703 } }, { "source": "sentinel2", "acquisition_date": "2024-08-19", "cloud_cover_pct": 0, "indices": { "ndvi_mean": 0.8852, "ndmi_mean": 0.284 } }, { "source": "sentinel2", "acquisition_date": "2024-08-24", "cloud_cover_pct": 0, "indices": { "ndvi_mean": 0.7538, "ndmi_mean": 0.2864 } }, { "source": "sentinel2", "acquisition_date": "2024-08-29", "cloud_cover_pct": 0, "indices": { "ndvi_mean": 0.8925, "ndmi_mean": 0.28 } } ], "current_scenes_json": [ { "source": "sentinel2", "acquisition_date": "2026-06-05", "cloud_cover_pct": 0, "indices": { "ndvi_mean": 0.8678, "ndmi_mean": 0.3731 } }, { "source": "sentinel2", "acquisition_date": "2026-06-15", "cloud_cover_pct": 0, "indices": { "ndvi_mean": 0.8594, "ndmi_mean": 0.3544 } }, { "source": "sentinel2", "acquisition_date": "2026-08-04", "cloud_cover_pct": 0, "indices": { "ndvi_mean": 0.8526, "ndmi_mean": 0.2372 } } ] }, "geometry": { "type": "MultiPolygon", "coordinates": [ [ [ [ 988350.662797286175191, 1945309.960772142512724 ], [ 988355.10848582838662, 1945302.316313495393842 ], [ 988336.466651859343983, 1945303.374670006567612 ], [ 988327.361421136069112, 1945309.994235956808552 ], [ 988331.967039540060796, 1945316.313268007477745 ], [ 988337.99283086496871, 1945315.602624563733116 ], [ 988350.662797286175191, 1945309.960772142512724 ] ] ] ] } },
{ "type": "Feature", "properties": { "rank": 34, "site_id": "HANRIVER_4183025031105210003", "pnu": "4183025031105210003", "jibun": "521-3전", "addr": "경기도 양평군 양평읍 회현리 521-3", "inspection_priority_score": 27, "priority_tier": "정상", "weight_coverage": 0.75, "anomaly_score": 0.126, "change_type_hint": "no_significant_change", "sar_vv_delta": -0.693, "recent_rainfall_mm": 157.1, "adjacent_to_water": false, "changed_area_ratio_source": "pixel_diff", "evidence_confidence_json": { "level": "높음", "score": 3, "factors": [ { "label": "유효 광학 장면 충분", "effect": 1, "detail": "현재기간 4장" }, { "label": "기준기간 관측 충분", "effect": 1, "detail": "기준기간 8장" }, { "label": "영상 품질 양호", "effect": 1, "detail": "현재기간 평균 구름 0%" }, { "label": "NDVI·NDMI 방향 일치", "effect": 1, "detail": "둘 다 감소" }, { "label": "광학·SAR 센서 불일치", "effect": -1, "detail": "두 센서가 다른 방향을 가리킴" }, { "label": "변화면적 픽셀 실측", "effect": 1, "detail": "NDVI 픽셀 단위 차분으로 직접 측정" }, { "label": "강우 교란 가능성", "effect": -1, "detail": "최근 14일 157mm 강우 + 습윤 신호 — 기상에 의한 변화일 수 있음" } ] }, "contributing_factors_json": [ { "factor": "anomaly_score_mean", "value": 0.126, "weight": 0.3 }, { "factor": "changed_area_ratio", "value": 0.2744, "weight": 0.15 }, { "factor": "sar_anomaly_mean", "value": 0.231, "weight": 0.1 }, { "factor": "recent_rainfall_mm", "value": 157.1, "weight": 0.1 }, { "factor": "adjacent_to_water", "value": false, "weight": 0.1 } ], "baseline_scenes_json": [ { "source": "sentinel2", "acquisition_date": "2024-06-20", "cloud_cover_pct": 0, "indices": { "ndvi_mean": 0.5457, "ndmi_mean": 0.1117 } }, { "source": "sentinel2", "acquisition_date": "2024-07-10", "cloud_cover_pct": 0, "indices": { "ndvi_mean": 0.8159, "ndmi_mean": 0.2973 } }, { "source": "sentinel2", "acquisition_date": "2024-08-04", "cloud_cover_pct": 0, "indices": { "ndvi_mean": 0.8263, "ndmi_mean": 0.2794 } }, { "source": "sentinel2", "acquisition_date": "2024-08-09", "cloud_cover_pct": 0, "indices": { "ndvi_mean": 0.8643, "ndmi_mean": 0.3262 } }, { "source": "sentinel2", "acquisition_date": "2024-08-14", "cloud_cover_pct": 0, "indices": { "ndvi_mean": 0.8358, "ndmi_mean": 0.2903 } }, { "source": "sentinel2", "acquisition_date": "2024-08-19", "cloud_cover_pct": 0, "indices": { "ndvi_mean": 0.8406, "ndmi_mean": 0.3133 } }, { "source": "sentinel2", "acquisition_date": "2024-08-24", "cloud_cover_pct": 0, "indices": { "ndvi_mean": 0.6961, "ndmi_mean": 0.264 } }, { "source": "sentinel2", "acquisition_date": "2024-08-29", "cloud_cover_pct": 0, "indices": { "ndvi_mean": 0.8198, "ndmi_mean": 0.3008 } } ], "current_scenes_json": [ { "source": "sentinel2", "acquisition_date": "2026-06-05", "cloud_cover_pct": 0, "indices": { "ndvi_mean": 0.6764, "ndmi_mean": 0.2375 } }, { "source": "sentinel2", "acquisition_date": "2026-06-15", "cloud_cover_pct": 0, "indices": { "ndvi_mean": 0.6751, "ndmi_mean": 0.1689 } }, { "source": "sentinel2", "acquisition_date": "2026-08-04", "cloud_cover_pct": 0, "indices": { "ndvi_mean": 0.779, "ndmi_mean": 0.1961 } }, { "source": "sentinel2", "acquisition_date": "2026-08-24", "cloud_cover_pct": 0, "indices": { "ndvi_mean": 0.76, "ndmi_mean": 0.2368 } } ] }, "geometry": { "type": "MultiPolygon", "coordinates": [ [ [ [ 999945.232849797001109, 1940898.89531783782877 ], [ 999940.875050429953262, 1940888.011939534451813 ], [ 999937.543514061137103, 1940878.014757234370336 ], [ 999936.936534775421023, 1940872.304358009248972 ], [ 999937.103607650031336, 1940867.042673076037318 ], [ 999939.958315960480832, 1940864.757514520082623 ], [ 999942.651412368169986, 1940861.210739023284987 ], [ 999942.038124532089569, 1940846.753030020976439 ], [ 999933.534681905526668, 1940844.675918465713039 ], [ 999918.417456853436306, 1940840.984497278695926 ], [ 999917.512056239880621, 1940840.837352282134816 ], [ 999915.46296476200223, 1940859.546380101004615 ], [ 999917.455480038071983, 1940874.91140809096396 ], [ 999919.301790199824609, 1940889.659467986784875 ], [ 999921.568865981884301, 1940904.963067894335836 ], [ 999945.31168873840943, 1940899.815515742637217 ], [ 999945.232849797001109, 1940898.89531783782877 ] ] ] ] } },
{ "type": "Feature", "properties": { "rank": 35, "site_id": "HANRIVER_4167033031102380007", "pnu": "4167033031102380007", "jibun": "238-7체", "addr": "경기도 여주시 금사면 외평리 238-7", "inspection_priority_score": 25, "priority_tier": "정상", "weight_coverage": 0.75, "anomaly_score": 0.099, "change_type_hint": "no_significant_change", "sar_vv_delta": 1.739, "recent_rainfall_mm": 126.9, "adjacent_to_water": false, "changed_area_ratio_source": "pixel_diff", "evidence_confidence_json": { "level": "높음", "score": 7, "factors": [ { "label": "유효 광학 장면 충분", "effect": 1, "detail": "현재기간 3장" }, { "label": "기준기간 관측 충분", "effect": 1, "detail": "기준기간 7장" }, { "label": "영상 품질 양호", "effect": 1, "detail": "현재기간 평균 구름 0%" }, { "label": "NDVI·NDMI 방향 일치", "effect": 1, "detail": "둘 다 감소" }, { "label": "광학·SAR 센서 일치", "effect": 2, "detail": "서로 다른 센서가 같은 변화를 가리킴" }, { "label": "변화면적 픽셀 실측", "effect": 1, "detail": "NDVI 픽셀 단위 차분으로 직접 측정" } ] }, "contributing_factors_json": [ { "factor": "anomaly_score_mean", "value": 0.099, "weight": 0.3 }, { "factor": "changed_area_ratio", "value": 0.0218, "weight": 0.15 }, { "factor": "sar_anomaly_mean", "value": 0.58, "weight": 0.1 }, { "factor": "recent_rainfall_mm", "value": 126.9, "weight": 0.1 }, { "factor": "adjacent_to_water", "value": false, "weight": 0.1 } ], "baseline_scenes_json": [ { "source": "sentinel2", "acquisition_date": "2024-07-10", "cloud_cover_pct": 0, "indices": { "ndvi_mean": 0.7504, "ndmi_mean": 0.2468 } }, { "source": "sentinel2", "acquisition_date": "2024-07-15", "cloud_cover_pct": 0, "indices": { "ndvi_mean": 0.7159, "ndmi_mean": 0.2482 } }, { "source": "sentinel2", "acquisition_date": "2024-08-04", "cloud_cover_pct": 0, "indices": { "ndvi_mean": 0.738, "ndmi_mean": 0.2315 } }, { "source": "sentinel2", "acquisition_date": "2024-08-09", "cloud_cover_pct": 0, "indices": { "ndvi_mean": 0.7767, "ndmi_mean": 0.2782 } }, { "source": "sentinel2", "acquisition_date": "2024-08-14", "cloud_cover_pct": 0, "indices": { "ndvi_mean": 0.7699, "ndmi_mean": 0.2646 } }, { "source": "sentinel2", "acquisition_date": "2024-08-19", "cloud_cover_pct": 0, "indices": { "ndvi_mean": 0.7816, "ndmi_mean": 0.2647 } }, { "source": "sentinel2", "acquisition_date": "2024-08-29", "cloud_cover_pct": 0, "indices": { "ndvi_mean": 0.7946, "ndmi_mean": 0.2742 } } ], "current_scenes_json": [ { "source": "sentinel2", "acquisition_date": "2026-06-05", "cloud_cover_pct": 0, "indices": { "ndvi_mean": 0.7156, "ndmi_mean": 0.2737 } }, { "source": "sentinel2", "acquisition_date": "2026-06-15", "cloud_cover_pct": 0, "indices": { "ndvi_mean": 0.6953, "ndmi_mean": 0.2261 } }, { "source": "sentinel2", "acquisition_date": "2026-08-04", "cloud_cover_pct": 0, "indices": { "ndvi_mean": 0.7237, "ndmi_mean": 0.1907 } } ] }, "geometry": { "type": "MultiPolygon", "coordinates": [ [ [ [ 1002155.563861945294775, 1934738.43116364791058 ], [ 1002155.074893068522215, 1934738.965524500701576 ], [ 1002166.938920021639206, 1934746.154767804313451 ], [ 1002180.701006394694559, 1934747.454451019875705 ], [ 1002196.290680891019292, 1934746.741316814906895 ], [ 1002219.694605067837983, 1934749.344468315364793 ], [ 1002215.650743059581146, 1934768.338863375131041 ], [ 1002231.895441256114282, 1934766.547718590125442 ], [ 1002232.99336429615505, 1934757.353779595112428 ], [ 1002237.988359984243289, 1934747.159654564922675 ], [ 1002245.948398433742113, 1934727.942646058043465 ], [ 1002200.215866456273943, 1934717.207980811828747 ], [ 1002180.539720573811792, 1934712.589964309008792 ], [ 1002178.351182679645717, 1934709.855686388211325 ], [ 1002166.601511476445012, 1934695.177986804861575 ], [ 1002154.82165303803049, 1934680.462462366325781 ], [ 1002142.61817276943475, 1934665.217400159221143 ], [ 1002130.697442142642103, 1934650.325693908846006 ], [ 1002103.795052245492116, 1934616.71907255332917 ], [ 1002079.756913591758348, 1934627.074823036324233 ], [ 1002051.72532760782633, 1934645.728201896417886 ], [ 1002039.24984773946926, 1934658.6407398392912 ], [ 1002061.817956855287775, 1934658.942281050840393 ], [ 1002069.073271159431897, 1934656.930763154523447 ], [ 1002074.29827566316817, 1934653.564550324110314 ], [ 1002073.220308567630127, 1934650.837396666640416 ], [ 1002079.032766424701549, 1934648.927465443965048 ], [ 1002090.328322453075089, 1934633.666154597885907 ], [ 1002153.942560093011707, 1934708.175458243349567 ], [ 1002156.453249970101751, 1934716.637624379945919 ], [ 1002159.17506068374496, 1934734.97352246940136 ], [ 1002155.563861945294775, 1934738.43116364791058 ] ] ] ] } },
{ "type": "Feature", "properties": { "rank": 36, "site_id": "HANRIVER_4136025625103320007", "pnu": "4136025625103320007", "jibun": "332-7대", "addr": "경기도 남양주시 화도읍 금남리 332-7", "inspection_priority_score": 25, "priority_tier": "정상", "weight_coverage": 0.75, "anomaly_score": 0.021, "change_type_hint": "no_significant_change", "sar_vv_delta": -0.783, "recent_rainfall_mm": 134.2, "adjacent_to_water": false, "changed_area_ratio_source": "pixel_diff", "evidence_confidence_json": { "level": "높음", "score": 3, "factors": [ { "label": "유효 광학 장면 충분", "effect": 1, "detail": "현재기간 4장" }, { "label": "기준기간 관측 충분", "effect": 1, "detail": "기준기간 8장" }, { "label": "영상 품질 양호", "effect": 1, "detail": "현재기간 평균 구름 0%" }, { "label": "변화면적 픽셀 실측", "effect": 1, "detail": "NDVI 픽셀 단위 차분으로 직접 측정" }, { "label": "강우 교란 가능성", "effect": -1, "detail": "최근 14일 134mm 강우 + 습윤 신호 — 기상에 의한 변화일 수 있음" } ] }, "contributing_factors_json": [ { "factor": "anomaly_score_mean", "value": 0.021, "weight": 0.3 }, { "factor": "changed_area_ratio", "value": 0.347, "weight": 0.15 }, { "factor": "sar_anomaly_mean", "value": 0.261, "weight": 0.1 }, { "factor": "recent_rainfall_mm", "value": 134.2, "weight": 0.1 }, { "factor": "adjacent_to_water", "value": false, "weight": 0.1 } ], "baseline_scenes_json": [ { "source": "sentinel2", "acquisition_date": "2024-06-05", "cloud_cover_pct": 0, "indices": { "ndvi_mean": 0.5414, "ndmi_mean": 0.1932 } }, { "source": "sentinel2", "acquisition_date": "2024-06-10", "cloud_cover_pct": 0, "indices": { "ndvi_mean": 0.3901, "ndmi_mean": 0.3147 } }, { "source": "sentinel2", "acquisition_date": "2024-07-10", "cloud_cover_pct": 0, "indices": { "ndvi_mean": 0.6849, "ndmi_mean": 0.2206 } }, { "source": "sentinel2", "acquisition_date": "2024-08-04", "cloud_cover_pct": 0, "indices": { "ndvi_mean": 0.686, "ndmi_mean": 0.1995 } }, { "source": "sentinel2", "acquisition_date": "2024-08-09", "cloud_cover_pct": 0, "indices": { "ndvi_mean": 0.7184, "ndmi_mean": 0.248 } }, { "source": "sentinel2", "acquisition_date": "2024-08-14", "cloud_cover_pct": 0, "indices": { "ndvi_mean": 0.7047, "ndmi_mean": 0.2135 } }, { "source": "sentinel2", "acquisition_date": "2024-08-19", "cloud_cover_pct": 0, "indices": { "ndvi_mean": 0.6146, "ndmi_mean": 0.1789 } }, { "source": "sentinel2", "acquisition_date": "2024-08-29", "cloud_cover_pct": 0, "indices": { "ndvi_mean": 0.7302, "ndmi_mean": 0.2322 } } ], "current_scenes_json": [ { "source": "sentinel2", "acquisition_date": "2026-06-05", "cloud_cover_pct": 0, "indices": { "ndvi_mean": 0.6246, "ndmi_mean": 0.2495 } }, { "source": "sentinel2", "acquisition_date": "2026-06-10", "cloud_cover_pct": 0, "indices": { "ndvi_mean": 0.5803, "ndmi_mean": 0.2127 } }, { "source": "sentinel2", "acquisition_date": "2026-06-15", "cloud_cover_pct": 0, "indices": { "ndvi_mean": 0.6138, "ndmi_mean": 0.1806 } }, { "source": "sentinel2", "acquisition_date": "2026-08-04", "cloud_cover_pct": 0, "indices": { "ndvi_mean": 0.6983, "ndmi_mean": 0.2146 } } ] }, "geometry": { "type": "MultiPolygon", "coordinates": [ [ [ [ 987629.784960401244462, 1960392.968955797143281 ], [ 987642.722809227067046, 1960414.431499559432268 ], [ 987675.183087124605663, 1960395.131768278544769 ], [ 987660.093973708804697, 1960369.128497577505186 ], [ 987649.613487177761272, 1960379.526997789274901 ], [ 987633.835444371565245, 1960391.487025286303833 ], [ 987629.784960401244462, 1960392.968955797143281 ] ] ] ] } },
{ "type": "Feature", "properties": { "rank": 37, "site_id": "HANRIVER_4161010300200010002", "pnu": "4161010300200010002", "jibun": "산 1-2임", "addr": "경기도 광주시 송정동 산 1-2", "inspection_priority_score": 25, "priority_tier": "정상", "weight_coverage": 0.75, "anomaly_score": 0.09, "change_type_hint": "no_significant_change", "sar_vv_delta": 1.827, "recent_rainfall_mm": 161.5, "adjacent_to_water": false, "changed_area_ratio_source": "pixel_diff", "evidence_confidence_json": { "level": "보통", "score": 1, "factors": [ { "label": "유효 광학 장면 부족", "effect": -1, "detail": "현재기간 2장(기준 3장)" }, { "label": "기준기간 관측 충분", "effect": 1, "detail": "기준기간 4장" }, { "label": "영상 품질 양호", "effect": 1, "detail": "현재기간 평균 구름 0%" }, { "label": "NDVI·NDMI 방향 일치", "effect": 1, "detail": "둘 다 증가" }, { "label": "광학·SAR 센서 불일치", "effect": -1, "detail": "두 센서가 다른 방향을 가리킴" }, { "label": "변화면적 픽셀 실측", "effect": 1, "detail": "NDVI 픽셀 단위 차분으로 직접 측정" }, { "label": "강우 교란 가능성", "effect": -1, "detail": "최근 14일 162mm 강우 + 습윤 신호 — 기상에 의한 변화일 수 있음" } ] }, "contributing_factors_json": [ { "factor": "anomaly_score_mean", "value": 0.09, "weight": 0.3 }, { "factor": "changed_area_ratio", "value": 0.0001, "weight": 0.15 }, { "factor": "sar_anomaly_mean", "value": 0.609, "weight": 0.1 }, { "factor": "recent_rainfall_mm", "value": 161.5, "weight": 0.1 }, { "factor": "adjacent_to_water", "value": false, "weight": 0.1 } ], "baseline_scenes_json": [ { "source": "sentinel2", "acquisition_date": "2024-08-09", "cloud_cover_pct": 7.1, "indices": { "ndvi_mean": 0.8749, "ndmi_mean": 0.3382 } }, { "source": "sentinel2", "acquisition_date": "2024-08-19", "cloud_cover_pct": 0, "indices": { "ndvi_mean": 0.8887, "ndmi_mean": 0.3061 } }, { "source": "sentinel2", "acquisition_date": "2024-08-24", "cloud_cover_pct": 31.6, "indices": { "ndvi_mean": 0.6679, "ndmi_mean": 0.3052 } }, { "source": "sentinel2", "acquisition_date": "2024-08-29", "cloud_cover_pct": 0, "indices": { "ndvi_mean": 0.9002, "ndmi_mean": 0.3123 } } ], "current_scenes_json": [ { "source": "sentinel2", "acquisition_date": "2026-06-15", "cloud_cover_pct": 0, "indices": { "ndvi_mean": 0.9028, "ndmi_mean": 0.4087 } }, { "source": "sentinel2", "acquisition_date": "2026-08-04", "cloud_cover_pct": 0, "indices": { "ndvi_mean": 0.8449, "ndmi_mean": 0.3125 } } ] }, "geometry": { "type": "MultiPolygon", "coordinates": [ [ [ [ 980324.017547386698425, 1935838.395296136382967 ], [ 980304.552748552174307, 1935836.406032205559313 ], [ 980291.336984991561621, 1935835.27037920919247 ], [ 980281.36546695663128, 1935826.861453451681882 ], [ 980265.606437945622019, 1935813.573072598548606 ], [ 980264.075334402383305, 1935810.41342388628982 ], [ 980256.272267008083872, 1935794.311081170802936 ], [ 980247.665382937644608, 1935776.85952465957962 ], [ 980238.464370348840021, 1935758.204587424872443 ], [ 980224.980804574210197, 1935742.338193044764921 ], [ 980213.94392094865907, 1935729.809534328058362 ], [ 980205.602915784809738, 1935720.485346409026533 ], [ 980146.559402005048469, 1935774.008385027758777 ], [ 980072.198992403922603, 1935933.608377756783739 ], [ 980060.965867854771204, 1935967.910188514040783 ], [ 980038.420294697047211, 1936044.764960643369704 ], [ 980029.56308071129024, 1936119.309252428589389 ], [ 980022.141014008433558, 1936191.340950950514525 ], [ 980103.094470746349543, 1936144.557319903047755 ], [ 980103.439976619905792, 1936144.111669177655131 ], [ 980108.390283372835256, 1936137.167239885544404 ], [ 980157.652771086199209, 1936075.913974860683084 ], [ 980157.649055132409558, 1936075.400198285467923 ], [ 980167.366398757323623, 1936063.904361536726356 ], [ 980186.205535380984657, 1936039.440422652987763 ], [ 980201.353719953796826, 1936028.321712924400344 ], [ 980226.559835029183887, 1936036.851012412691489 ], [ 980324.017547386698425, 1935838.395296136382967 ] ] ] ] } },
{ "type": "Feature", "properties": { "rank": 38, "site_id": "HANRIVER_4182032526105780003", "pnu": "4182032526105780003", "jibun": "578-3대", "addr": "경기도 가평군 청평면 고성리 578-3", "inspection_priority_score": 24, "priority_tier": "정상", "weight_coverage": 0.75, "anomaly_score": 0.023, "change_type_hint": "no_significant_change", "sar_vv_delta": 2.194, "recent_rainfall_mm": 114.8, "adjacent_to_water": false, "changed_area_ratio_source": "pixel_diff", "evidence_confidence_json": { "level": "높음", "score": 3, "factors": [ { "label": "유효 광학 장면 충분", "effect": 1, "detail": "현재기간 3장" }, { "label": "기준기간 관측 충분", "effect": 1, "detail": "기준기간 8장" }, { "label": "영상 품질 양호", "effect": 1, "detail": "현재기간 평균 구름 0%" }, { "label": "변화면적 픽셀 실측", "effect": 1, "detail": "NDVI 픽셀 단위 차분으로 직접 측정" }, { "label": "강우 교란 가능성", "effect": -1, "detail": "최근 14일 115mm 강우 + 습윤 신호 — 기상에 의한 변화일 수 있음" } ] }, "contributing_factors_json": [ { "factor": "anomaly_score_mean", "value": 0.023, "weight": 0.3 }, { "factor": "changed_area_ratio", "value": 0.0, "weight": 0.15 }, { "factor": "sar_anomaly_mean", "value": 0.731, "weight": 0.1 }, { "factor": "recent_rainfall_mm", "value": 114.8, "weight": 0.1 }, { "factor": "adjacent_to_water", "value": false, "weight": 0.1 } ], "baseline_scenes_json": [ { "source": "sentinel2", "acquisition_date": "2024-06-05", "cloud_cover_pct": 0, "indices": { "ndvi_mean": 0.3552, "ndmi_mean": 0.0761 } }, { "source": "sentinel2", "acquisition_date": "2024-06-10", "cloud_cover_pct": 0, "indices": { "ndvi_mean": 0.3939, "ndmi_mean": 0.0079 } }, { "source": "sentinel2", "acquisition_date": "2024-06-20", "cloud_cover_pct": 0, "indices": { "ndvi_mean": 0.3086, "ndmi_mean": -0.0211 } }, { "source": "sentinel2", "acquisition_date": "2024-07-15", "cloud_cover_pct": 0, "indices": { "ndvi_mean": 0.3165, "ndmi_mean": -0.0088 } }, { "source": "sentinel2", "acquisition_date": "2024-08-04", "cloud_cover_pct": 0, "indices": { "ndvi_mean": 0.3855, "ndmi_mean": -0.0122 } }, { "source": "sentinel2", "acquisition_date": "2024-08-09", "cloud_cover_pct": 0, "indices": { "ndvi_mean": 0.3768, "ndmi_mean": 0.0001 } }, { "source": "sentinel2", "acquisition_date": "2024-08-14", "cloud_cover_pct": 0, "indices": { "ndvi_mean": 0.3859, "ndmi_mean": -0.0103 } }, { "source": "sentinel2", "acquisition_date": "2024-08-19", "cloud_cover_pct": 0, "indices": { "ndvi_mean": 0.4673, "ndmi_mean": 0.0337 } } ], "current_scenes_json": [ { "source": "sentinel2", "acquisition_date": "2026-06-15", "cloud_cover_pct": 0, "indices": { "ndvi_mean": 0.3698, "ndmi_mean": 0.0273 } }, { "source": "sentinel2", "acquisition_date": "2026-06-30", "cloud_cover_pct": 0, "indices": { "ndvi_mean": 0.3628, "ndmi_mean": 0.0491 } }, { "source": "sentinel2", "acquisition_date": "2026-08-04", "cloud_cover_pct": 0, "indices": { "ndvi_mean": 0.4134, "ndmi_mean": -0.017 } } ] }, "geometry": { "type": "MultiPolygon", "coordinates": [ [ [ [ 999012.980739294667728, 1968157.058473334880546 ], [ 999002.794828707817942, 1968166.044955146498978 ], [ 999012.621079625329003, 1968173.623481346294284 ], [ 999011.830771400360391, 1968179.702154376078397 ], [ 999018.469259769190103, 1968184.821677043335512 ], [ 999032.165278464904986, 1968182.516721690772101 ], [ 999012.980739294667728, 1968157.058473334880546 ] ] ] ] } },
{ "type": "Feature", "properties": { "rank": 39, "site_id": "HANRIVER_4136025625104490003", "pnu": "4136025625104490003", "jibun": "449-3잡", "addr": "경기도 남양주시 화도읍 금남리 449-3", "inspection_priority_score": 24, "priority_tier": "정상", "weight_coverage": 0.75, "anomaly_score": 0.047, "change_type_hint": "no_significant_change", "sar_vv_delta": 1.941, "recent_rainfall_mm": 134.2, "adjacent_to_water": false, "changed_area_ratio_source": "pixel_diff", "evidence_confidence_json": { "level": "높음", "score": 3, "factors": [ { "label": "유효 광학 장면 충분", "effect": 1, "detail": "현재기간 3장" }, { "label": "기준기간 관측 충분", "effect": 1, "detail": "기준기간 9장" }, { "label": "영상 품질 양호", "effect": 1, "detail": "현재기간 평균 구름 0%" }, { "label": "NDVI·NDMI 방향 일치", "effect": 1, "detail": "둘 다 증가" }, { "label": "광학·SAR 센서 불일치", "effect": -1, "detail": "두 센서가 다른 방향을 가리킴" }, { "label": "변화면적 픽셀 실측", "effect": 1, "detail": "NDVI 픽셀 단위 차분으로 직접 측정" }, { "label": "강우 교란 가능성", "effect": -1, "detail": "최근 14일 134mm 강우 + 습윤 신호 — 기상에 의한 변화일 수 있음" } ] }, "contributing_factors_json": [ { "factor": "anomaly_score_mean", "value": 0.047, "weight": 0.3 }, { "factor": "changed_area_ratio", "value": 0.0, "weight": 0.15 }, { "factor": "sar_anomaly_mean", "value": 0.647, "weight": 0.1 }, { "factor": "recent_rainfall_mm", "value": 134.2, "weight": 0.1 }, { "factor": "adjacent_to_water", "value": false, "weight": 0.1 } ], "baseline_scenes_json": [ { "source": "sentinel2", "acquisition_date": "2024-06-05", "cloud_cover_pct": 0, "indices": { "ndvi_mean": 0.7754, "ndmi_mean": 0.2525 } }, { "source": "sentinel2", "acquisition_date": "2024-06-10", "cloud_cover_pct": 0, "indices": { "ndvi_mean": 0.479, "ndmi_mean": 0.2548 } }, { "source": "sentinel2", "acquisition_date": "2024-07-10", "cloud_cover_pct": 0, "indices": { "ndvi_mean": 0.7923, "ndmi_mean": 0.165 } }, { "source": "sentinel2", "acquisition_date": "2024-07-15", "cloud_cover_pct": 0, "indices": { "ndvi_mean": 0.5388, "ndmi_mean": 0.112 } }, { "source": "sentinel2", "acquisition_date": "2024-08-04", "cloud_cover_pct": 0, "indices": { "ndvi_mean": 0.7761, "ndmi_mean": 0.1692 } }, { "source": "sentinel2", "acquisition_date": "2024-08-09", "cloud_cover_pct": 0, "indices": { "ndvi_mean": 0.7987, "ndmi_mean": 0.2105 } }, { "source": "sentinel2", "acquisition_date": "2024-08-14", "cloud_cover_pct": 0, "indices": { "ndvi_mean": 0.8163, "ndmi_mean": 0.198 } }, { "source": "sentinel2", "acquisition_date": "2024-08-19", "cloud_cover_pct": 0, "indices": { "ndvi_mean": 0.8689, "ndmi_mean": 0.3027 } }, { "source": "sentinel2", "acquisition_date": "2024-08-29", "cloud_cover_pct": 0, "indices": { "ndvi_mean": 0.8078, "ndmi_mean": 0.1894 } } ], "current_scenes_json": [ { "source": "sentinel2", "acquisition_date": "2026-06-10", "cloud_cover_pct": 0, "indices": { "ndvi_mean": 0.7284, "ndmi_mean": 0.2626 } }, { "source": "sentinel2", "acquisition_date": "2026-06-15", "cloud_cover_pct": 0, "indices": { "ndvi_mean": 0.772, "ndmi_mean": 0.2391 } }, { "source": "sentinel2", "acquisition_date": "2026-08-04", "cloud_cover_pct": 0, "indices": { "ndvi_mean": 0.7869, "ndmi_mean": 0.1863 } } ] }, "geometry": { "type": "MultiPolygon", "coordinates": [ [ [ [ 987273.107483193045482, 1960030.292487089755014 ], [ 987260.633831280400045, 1960014.734075285727158 ], [ 987259.305787094752304, 1960018.387656879611313 ], [ 987267.653340341872536, 1960033.989981438266113 ], [ 987273.107483193045482, 1960030.292487089755014 ] ] ] ] } },
{ "type": "Feature", "properties": { "rank": 40, "site_id": "HANRIVER_4182032527103280003", "pnu": "4182032527103280003", "jibun": "328-3대", "addr": "경기도 가평군 청평면 삼회리 328-3", "inspection_priority_score": 24, "priority_tier": "정상", "weight_coverage": 0.75, "anomaly_score": 0.155, "change_type_hint": "no_significant_change", "sar_vv_delta": -0.905, "recent_rainfall_mm": 134.2, "adjacent_to_water": false, "changed_area_ratio_source": "pixel_diff", "evidence_confidence_json": { "level": "높음", "score": 6, "factors": [ { "label": "유효 광학 장면 충분", "effect": 1, "detail": "현재기간 4장" }, { "label": "기준기간 관측 충분", "effect": 1, "detail": "기준기간 8장" }, { "label": "영상 품질 양호", "effect": 1, "detail": "현재기간 평균 구름 0%" }, { "label": "NDVI·NDMI 방향 일치", "effect": 1, "detail": "둘 다 증가" }, { "label": "광학·SAR 센서 일치", "effect": 2, "detail": "서로 다른 센서가 같은 변화를 가리킴" }, { "label": "변화면적 픽셀 실측", "effect": 1, "detail": "NDVI 픽셀 단위 차분으로 직접 측정" }, { "label": "강우 교란 가능성", "effect": -1, "detail": "최근 14일 134mm 강우 + 습윤 신호 — 기상에 의한 변화일 수 있음" } ] }, "contributing_factors_json": [ { "factor": "anomaly_score_mean", "value": 0.155, "weight": 0.3 }, { "factor": "changed_area_ratio", "value": 0.0, "weight": 0.15 }, { "factor": "sar_anomaly_mean", "value": 0.302, "weight": 0.1 }, { "factor": "recent_rainfall_mm", "value": 134.2, "weight": 0.1 }, { "factor": "adjacent_to_water", "value": false, "weight": 0.1 } ], "baseline_scenes_json": [ { "source": "sentinel2", "acquisition_date": "2024-06-05", "cloud_cover_pct": 0, "indices": { "ndvi_mean": 0.8578, "ndmi_mean": 0.3993 } }, { "source": "sentinel2", "acquisition_date": "2024-06-10", "cloud_cover_pct": 0, "indices": { "ndvi_mean": 0.7208, "ndmi_mean": 0.3047 } }, { "source": "sentinel2", "acquisition_date": "2024-07-15", "cloud_cover_pct": 0, "indices": { "ndvi_mean": 0.332, "ndmi_mean": 0.1569 } }, { "source": "sentinel2", "acquisition_date": "2024-08-04", "cloud_cover_pct": 0, "indices": { "ndvi_mean": 0.8622, "ndmi_mean": 0.2823 } }, { "source": "sentinel2", "acquisition_date": "2024-08-09", "cloud_cover_pct": 0, "indices": { "ndvi_mean": 0.8852, "ndmi_mean": 0.3153 } }, { "source": "sentinel2", "acquisition_date": "2024-08-14", "cloud_cover_pct": 0, "indices": { "ndvi_mean": 0.8817, "ndmi_mean": 0.2905 } }, { "source": "sentinel2", "acquisition_date": "2024-08-19", "cloud_cover_pct": 0, "indices": { "ndvi_mean": 0.89, "ndmi_mean": 0.295 } }, { "source": "sentinel2", "acquisition_date": "2024-08-29", "cloud_cover_pct": 0, "indices": { "ndvi_mean": 0.8966, "ndmi_mean": 0.3004 } } ], "current_scenes_json": [ { "source": "sentinel2", "acquisition_date": "2026-06-10", "cloud_cover_pct": 0, "indices": { "ndvi_mean": 0.8303, "ndmi_mean": 0.3954 } }, { "source": "sentinel2", "acquisition_date": "2026-06-15", "cloud_cover_pct": 0, "indices": { "ndvi_mean": 0.8876, "ndmi_mean": 0.3789 } }, { "source": "sentinel2", "acquisition_date": "2026-08-04", "cloud_cover_pct": 0, "indices": { "ndvi_mean": 0.8867, "ndmi_mean": 0.273 } }, { "source": "sentinel2", "acquisition_date": "2026-08-24", "cloud_cover_pct": 0, "indices": { "ndvi_mean": 0.8681, "ndmi_mean": 0.2785 } } ] }, "geometry": { "type": "MultiPolygon", "coordinates": [ [ [ [ 990462.816686664125882, 1964640.302308329613879 ], [ 990451.222397767938673, 1964642.742995578562841 ], [ 990450.262174397706985, 1964649.958162331255153 ], [ 990443.426129243220203, 1964653.185214911587536 ], [ 990442.18205030169338, 1964669.616134610958397 ], [ 990448.671117004356347, 1964672.381484709214419 ], [ 990483.671257190173492, 1964663.623851456446573 ], [ 990474.496549362433143, 1964663.915542776230723 ], [ 990468.178793616127223, 1964659.154095171717927 ], [ 990462.816686664125882, 1964640.302308329613879 ] ] ] ] } },
{ "type": "Feature", "properties": { "rank": 41, "site_id": "HANRIVER_4136025625104490000", "pnu": "4136025625104490000", "jibun": "449잡", "addr": "경기도 남양주시 화도읍 금남리 449", "inspection_priority_score": 24, "priority_tier": "정상", "weight_coverage": 0.75, "anomaly_score": 0.094, "change_type_hint": "no_significant_change", "sar_vv_delta": 1.613, "recent_rainfall_mm": 134.2, "adjacent_to_water": false, "changed_area_ratio_source": "pixel_diff", "evidence_confidence_json": { "level": "높음", "score": 3, "factors": [ { "label": "유효 광학 장면 충분", "effect": 1, "detail": "현재기간 3장" }, { "label": "기준기간 관측 충분", "effect": 1, "detail": "기준기간 9장" }, { "label": "영상 품질 양호", "effect": 1, "detail": "현재기간 평균 구름 0%" }, { "label": "NDVI·NDMI 방향 일치", "effect": 1, "detail": "둘 다 증가" }, { "label": "광학·SAR 센서 불일치", "effect": -1, "detail": "두 센서가 다른 방향을 가리킴" }, { "label": "변화면적 픽셀 실측", "effect": 1, "detail": "NDVI 픽셀 단위 차분으로 직접 측정" }, { "label": "강우 교란 가능성", "effect": -1, "detail": "최근 14일 134mm 강우 + 습윤 신호 — 기상에 의한 변화일 수 있음" } ] }, "contributing_factors_json": [ { "factor": "anomaly_score_mean", "value": 0.094, "weight": 0.3 }, { "factor": "changed_area_ratio", "value": 0.0, "weight": 0.15 }, { "factor": "sar_anomaly_mean", "value": 0.538, "weight": 0.1 }, { "factor": "recent_rainfall_mm", "value": 134.2, "weight": 0.1 }, { "factor": "adjacent_to_water", "value": false, "weight": 0.1 } ], "baseline_scenes_json": [ { "source": "sentinel2", "acquisition_date": "2024-06-05", "cloud_cover_pct": 0, "indices": { "ndvi_mean": 0.7945, "ndmi_mean": 0.3392 } }, { "source": "sentinel2", "acquisition_date": "2024-06-10", "cloud_cover_pct": 0, "indices": { "ndvi_mean": 0.5263, "ndmi_mean": 0.3224 } }, { "source": "sentinel2", "acquisition_date": "2024-07-10", "cloud_cover_pct": 0, "indices": { "ndvi_mean": 0.8342, "ndmi_mean": 0.32 } }, { "source": "sentinel2", "acquisition_date": "2024-07-15", "cloud_cover_pct": 0, "indices": { "ndvi_mean": 0.4731, "ndmi_mean": 0.1546 } }, { "source": "sentinel2", "acquisition_date": "2024-08-04", "cloud_cover_pct": 0, "indices": { "ndvi_mean": 0.7885, "ndmi_mean": 0.2655 } }, { "source": "sentinel2", "acquisition_date": "2024-08-09", "cloud_cover_pct": 0, "indices": { "ndvi_mean": 0.8083, "ndmi_mean": 0.2925 } }, { "source": "sentinel2", "acquisition_date": "2024-08-14", "cloud_cover_pct": 0, "indices": { "ndvi_mean": 0.8122, "ndmi_mean": 0.2676 } }, { "source": "sentinel2", "acquisition_date": "2024-08-19", "cloud_cover_pct": 0, "indices": { "ndvi_mean": 0.8391, "ndmi_mean": 0.2729 } }, { "source": "sentinel2", "acquisition_date": "2024-08-29", "cloud_cover_pct": 0, "indices": { "ndvi_mean": 0.8235, "ndmi_mean": 0.2749 } } ], "current_scenes_json": [ { "source": "sentinel2", "acquisition_date": "2026-06-10", "cloud_cover_pct": 0, "indices": { "ndvi_mean": 0.7571, "ndmi_mean": 0.3569 } }, { "source": "sentinel2", "acquisition_date": "2026-06-15", "cloud_cover_pct": 0, "indices": { "ndvi_mean": 0.8113, "ndmi_mean": 0.3357 } }, { "source": "sentinel2", "acquisition_date": "2026-08-04", "cloud_cover_pct": 0, "indices": { "ndvi_mean": 0.8062, "ndmi_mean": 0.2524 } } ] }, "geometry": { "type": "MultiPolygon", "coordinates": [ [ [ [ 987316.817505880608223, 1960093.450628264108673 ], [ 987320.380149165051989, 1960088.574663838371634 ], [ 987273.107483193045482, 1960030.292487089755014 ], [ 987267.653340341872536, 1960033.989981438266113 ], [ 987269.606891859439202, 1960037.817050950601697 ], [ 987268.143066001590341, 1960050.908538680989295 ], [ 987271.955504668061621, 1960058.242310281610116 ], [ 987282.212956200586632, 1960067.761942132376134 ], [ 987294.894209806690924, 1960068.774130595615134 ], [ 987310.389022089191712, 1960086.285693525802344 ], [ 987316.817505880608223, 1960093.450628264108673 ] ] ] ] } },
{ "type": "Feature", "properties": { "rank": 42, "site_id": "HANRIVER_4136025625104570001", "pnu": "4136025625104570001", "jibun": "457-1잡", "addr": "경기도 남양주시 화도읍 금남리 457-1", "inspection_priority_score": 21, "priority_tier": "정상", "weight_coverage": 0.75, "anomaly_score": 0.109, "change_type_hint": "no_significant_change", "sar_vv_delta": 0.739, "recent_rainfall_mm": 134.2, "adjacent_to_water": false, "changed_area_ratio_source": "pixel_diff", "evidence_confidence_json": { "level": "높음", "score": 3, "factors": [ { "label": "유효 광학 장면 충분", "effect": 1, "detail": "현재기간 3장" }, { "label": "기준기간 관측 충분", "effect": 1, "detail": "기준기간 9장" }, { "label": "영상 품질 양호", "effect": 1, "detail": "현재기간 평균 구름 0%" }, { "label": "NDVI·NDMI 방향 일치", "effect": 1, "detail": "둘 다 증가" }, { "label": "광학·SAR 센서 불일치", "effect": -1, "detail": "두 센서가 다른 방향을 가리킴" }, { "label": "변화면적 픽셀 실측", "effect": 1, "detail": "NDVI 픽셀 단위 차분으로 직접 측정" }, { "label": "강우 교란 가능성", "effect": -1, "detail": "최근 14일 134mm 강우 + 습윤 신호 — 기상에 의한 변화일 수 있음" } ] }, "contributing_factors_json": [ { "factor": "anomaly_score_mean", "value": 0.109, "weight": 0.3 }, { "factor": "changed_area_ratio", "value": 0.0, "weight": 0.15 }, { "factor": "sar_anomaly_mean", "value": 0.246, "weight": 0.1 }, { "factor": "recent_rainfall_mm", "value": 134.2, "weight": 0.1 }, { "factor": "adjacent_to_water", "value": false, "weight": 0.1 } ], "baseline_scenes_json": [ { "source": "sentinel2", "acquisition_date": "2024-06-05", "cloud_cover_pct": 0, "indices": { "ndvi_mean": 0.8617, "ndmi_mean": 0.4167 } }, { "source": "sentinel2", "acquisition_date": "2024-06-10", "cloud_cover_pct": 0, "indices": { "ndvi_mean": 0.5155, "ndmi_mean": 0.3439 } }, { "source": "sentinel2", "acquisition_date": "2024-07-10", "cloud_cover_pct": 0, "indices": { "ndvi_mean": 0.9053, "ndmi_mean": 0.3476 } }, { "source": "sentinel2", "acquisition_date": "2024-07-15", "cloud_cover_pct": 0, "indices": { "ndvi_mean": 0.6488, "ndmi_mean": 0.2522 } }, { "source": "sentinel2", "acquisition_date": "2024-08-04", "cloud_cover_pct": 0, "indices": { "ndvi_mean": 0.8467, "ndmi_mean": 0.3013 } }, { "source": "sentinel2", "acquisition_date": "2024-08-09", "cloud_cover_pct": 0, "indices": { "ndvi_mean": 0.8599, "ndmi_mean": 0.3457 } }, { "source": "sentinel2", "acquisition_date": "2024-08-14", "cloud_cover_pct": 0, "indices": { "ndvi_mean": 0.8501, "ndmi_mean": 0.3036 } }, { "source": "sentinel2", "acquisition_date": "2024-08-19", "cloud_cover_pct": 0, "indices": { "ndvi_mean": 0.8704, "ndmi_mean": 0.2922 } }, { "source": "sentinel2", "acquisition_date": "2024-08-29", "cloud_cover_pct": 0, "indices": { "ndvi_mean": 0.8755, "ndmi_mean": 0.3049 } } ], "current_scenes_json": [ { "source": "sentinel2", "acquisition_date": "2026-06-10", "cloud_cover_pct": 0, "indices": { "ndvi_mean": 0.8186, "ndmi_mean": 0.404 } }, { "source": "sentinel2", "acquisition_date": "2026-06-15", "cloud_cover_pct": 0, "indices": { "ndvi_mean": 0.8903, "ndmi_mean": 0.3856 } }, { "source": "sentinel2", "acquisition_date": "2026-08-04", "cloud_cover_pct": 0, "indices": { "ndvi_mean": 0.8664, "ndmi_mean": 0.3122 } } ] }, "geometry": { "type": "MultiPolygon", "coordinates": [ [ [ [ 987267.653340341872536, 1960033.989981438266113 ], [ 987259.305787094752304, 1960018.387656879611313 ], [ 987249.725779271917418, 1960016.152478789212182 ], [ 987239.663296487531625, 1960016.049003290245309 ], [ 987249.208195509738289, 1960045.918196710990742 ], [ 987267.653340341872536, 1960033.989981438266113 ] ] ] ] } },
{ "type": "Feature", "properties": { "rank": 43, "site_id": "HANRIVER_4167033030100410001", "pnu": "4167033030100410001", "jibun": "41-1전", "addr": "경기도 여주시 금사면 금사리 41-1", "inspection_priority_score": 20, "priority_tier": "정상", "weight_coverage": 0.75, "anomaly_score": 0.095, "change_type_hint": "no_significant_change", "sar_vv_delta": 0.572, "recent_rainfall_mm": 126.9, "adjacent_to_water": false, "changed_area_ratio_source": "pixel_diff", "evidence_confidence_json": { "level": "높음", "score": 3, "factors": [ { "label": "유효 광학 장면 충분", "effect": 1, "detail": "현재기간 3장" }, { "label": "기준기간 관측 충분", "effect": 1, "detail": "기준기간 7장" }, { "label": "영상 품질 양호", "effect": 1, "detail": "현재기간 평균 구름 0%" }, { "label": "NDVI·NDMI 방향 일치", "effect": 1, "detail": "둘 다 증가" }, { "label": "광학·SAR 센서 불일치", "effect": -1, "detail": "두 센서가 다른 방향을 가리킴" }, { "label": "변화면적 픽셀 실측", "effect": 1, "detail": "NDVI 픽셀 단위 차분으로 직접 측정" }, { "label": "강우 교란 가능성", "effect": -1, "detail": "최근 14일 127mm 강우 + 습윤 신호 — 기상에 의한 변화일 수 있음" } ] }, "contributing_factors_json": [ { "factor": "anomaly_score_mean", "value": 0.095, "weight": 0.3 }, { "factor": "changed_area_ratio", "value": 0.0071, "weight": 0.15 }, { "factor": "sar_anomaly_mean", "value": 0.191, "weight": 0.1 }, { "factor": "recent_rainfall_mm", "value": 126.9, "weight": 0.1 }, { "factor": "adjacent_to_water", "value": false, "weight": 0.1 } ], "baseline_scenes_json": [ { "source": "sentinel2", "acquisition_date": "2024-07-10", "cloud_cover_pct": 0, "indices": { "ndvi_mean": 0.8704, "ndmi_mean": 0.2923 } }, { "source": "sentinel2", "acquisition_date": "2024-07-15", "cloud_cover_pct": 0, "indices": { "ndvi_mean": 0.7902, "ndmi_mean": 0.2702 } }, { "source": "sentinel2", "acquisition_date": "2024-08-04", "cloud_cover_pct": 0, "indices": { "ndvi_mean": 0.8151, "ndmi_mean": 0.2509 } }, { "source": "sentinel2", "acquisition_date": "2024-08-09", "cloud_cover_pct": 0, "indices": { "ndvi_mean": 0.8373, "ndmi_mean": 0.2804 } }, { "source": "sentinel2", "acquisition_date": "2024-08-14", "cloud_cover_pct": 0, "indices": { "ndvi_mean": 0.777, "ndmi_mean": 0.2296 } }, { "source": "sentinel2", "acquisition_date": "2024-08-19", "cloud_cover_pct": 0, "indices": { "ndvi_mean": 0.7301, "ndmi_mean": 0.1933 } }, { "source": "sentinel2", "acquisition_date": "2024-08-29", "cloud_cover_pct": 0, "indices": { "ndvi_mean": 0.7632, "ndmi_mean": 0.1843 } } ], "current_scenes_json": [ { "source": "sentinel2", "acquisition_date": "2026-06-05", "cloud_cover_pct": 0, "indices": { "ndvi_mean": 0.8436, "ndmi_mean": 0.3557 } }, { "source": "sentinel2", "acquisition_date": "2026-06-15", "cloud_cover_pct": 0, "indices": { "ndvi_mean": 0.8349, "ndmi_mean": 0.3272 } }, { "source": "sentinel2", "acquisition_date": "2026-08-04", "cloud_cover_pct": 0, "indices": { "ndvi_mean": 0.8042, "ndmi_mean": 0.1891 } } ] }, "geometry": { "type": "MultiPolygon", "coordinates": [ [ [ [ 1002473.087120160344057, 1935842.523570507531986 ], [ 1002472.733356977812946, 1935841.594832359347492 ], [ 1002471.505704106297344, 1935838.537611826788634 ], [ 1002471.407680210541002, 1935833.420283688465133 ], [ 1002479.001006673672237, 1935827.657548290211707 ], [ 1002481.268464294495061, 1935823.008512318134308 ], [ 1002467.786346864420921, 1935818.888551648007706 ], [ 1002470.954663923359476, 1935812.015686901751906 ], [ 1002478.805610796553083, 1935801.285679465392604 ], [ 1002483.614092693314888, 1935795.33075394667685 ], [ 1002485.624938048305921, 1935791.301814316771924 ], [ 1002491.212104242877103, 1935780.054997531697154 ], [ 1002483.497603454743512, 1935778.779335256433114 ], [ 1002482.576186915510334, 1935778.62727248785086 ], [ 1002473.687980927992612, 1935777.124913137871772 ], [ 1002473.259414763655514, 1935777.551000460051 ], [ 1002470.925573008717038, 1935783.634783699875697 ], [ 1002469.912186171161011, 1935786.128094158601016 ], [ 1002467.150855471612886, 1935793.030793767888099 ], [ 1002464.605327183846384, 1935798.778837950667366 ], [ 1002458.857687262934633, 1935811.435910473577678 ], [ 1002453.793191963457502, 1935823.796494821086526 ], [ 1002443.818107913597487, 1935848.134011366171762 ], [ 1002434.111357704736292, 1935867.829062635311857 ], [ 1002429.992377236136235, 1935876.013404048513621 ], [ 1002431.065318736247718, 1935884.785038497298956 ], [ 1002440.587641565245576, 1935890.330341879278421 ], [ 1002445.607667568954639, 1935894.516029820311815 ], [ 1002451.786061517428607, 1935897.72900043008849 ], [ 1002452.720233937725425, 1935888.004151714034379 ], [ 1002459.455933880875818, 1935887.348802538588643 ], [ 1002461.005289959604852, 1935879.03110810322687 ], [ 1002467.152639213367365, 1935858.788113333517686 ], [ 1002473.087120160344057, 1935842.523570507531986 ] ] ] ] } },
{ "type": "Feature", "properties": { "rank": 44, "site_id": "HANRIVER_4167035022102760060", "pnu": "4167035022102760060", "jibun": "276-60전", "addr": "경기도 여주시 대신면 당산리 276-60", "inspection_priority_score": 19, "priority_tier": "정상", "weight_coverage": 0.75, "anomaly_score": 0.057, "change_type_hint": "no_significant_change", "sar_vv_delta": -0.536, "recent_rainfall_mm": 126.9, "adjacent_to_water": false, "changed_area_ratio_source": "pixel_diff", "evidence_confidence_json": { "level": "높음", "score": 3, "factors": [ { "label": "유효 광학 장면 충분", "effect": 1, "detail": "현재기간 3장" }, { "label": "기준기간 관측 충분", "effect": 1, "detail": "기준기간 7장" }, { "label": "영상 품질 양호", "effect": 1, "detail": "현재기간 평균 구름 0%" }, { "label": "NDVI·NDMI 방향 일치", "effect": 1, "detail": "둘 다 감소" }, { "label": "광학·SAR 센서 불일치", "effect": -1, "detail": "두 센서가 다른 방향을 가리킴" }, { "label": "변화면적 픽셀 실측", "effect": 1, "detail": "NDVI 픽셀 단위 차분으로 직접 측정" }, { "label": "강우 교란 가능성", "effect": -1, "detail": "최근 14일 127mm 강우 + 습윤 신호 — 기상에 의한 변화일 수 있음" } ] }, "contributing_factors_json": [ { "factor": "anomaly_score_mean", "value": 0.057, "weight": 0.3 }, { "factor": "changed_area_ratio", "value": 0.0745, "weight": 0.15 }, { "factor": "sar_anomaly_mean", "value": 0.179, "weight": 0.1 }, { "factor": "recent_rainfall_mm", "value": 126.9, "weight": 0.1 }, { "factor": "adjacent_to_water", "value": false, "weight": 0.1 } ], "baseline_scenes_json": [ { "source": "sentinel2", "acquisition_date": "2024-07-10", "cloud_cover_pct": 0, "indices": { "ndvi_mean": 0.7478, "ndmi_mean": 0.2575 } }, { "source": "sentinel2", "acquisition_date": "2024-07-15", "cloud_cover_pct": 0, "indices": { "ndvi_mean": 0.6784, "ndmi_mean": 0.2252 } }, { "source": "sentinel2", "acquisition_date": "2024-08-04", "cloud_cover_pct": 0, "indices": { "ndvi_mean": 0.7769, "ndmi_mean": 0.2531 } }, { "source": "sentinel2", "acquisition_date": "2024-08-09", "cloud_cover_pct": 0, "indices": { "ndvi_mean": 0.7778, "ndmi_mean": 0.2708 } }, { "source": "sentinel2", "acquisition_date": "2024-08-14", "cloud_cover_pct": 0, "indices": { "ndvi_mean": 0.7808, "ndmi_mean": 0.2546 } }, { "source": "sentinel2", "acquisition_date": "2024-08-19", "cloud_cover_pct": 0, "indices": { "ndvi_mean": 0.7082, "ndmi_mean": 0.1965 } }, { "source": "sentinel2", "acquisition_date": "2024-08-29", "cloud_cover_pct": 0, "indices": { "ndvi_mean": 0.7862, "ndmi_mean": 0.2336 } } ], "current_scenes_json": [ { "source": "sentinel2", "acquisition_date": "2026-06-15", "cloud_cover_pct": 0, "indices": { "ndvi_mean": 0.71, "ndmi_mean": 0.2142 } }, { "source": "sentinel2", "acquisition_date": "2026-08-04", "cloud_cover_pct": 0, "indices": { "ndvi_mean": 0.7421, "ndmi_mean": 0.2127 } }, { "source": "sentinel2", "acquisition_date": "2026-08-24", "cloud_cover_pct": 0, "indices": { "ndvi_mean": 0.7146, "ndmi_mean": 0.2281 } } ] }, "geometry": { "type": "MultiPolygon", "coordinates": [ [ [ [ 1006919.461107421666384, 1928964.378660232527182 ], [ 1006968.26328495296184, 1928988.604599084937945 ], [ 1006983.811043192399666, 1928959.706786221358925 ], [ 1006933.565510200569406, 1928933.782192346872762 ], [ 1006920.066260342136957, 1928963.130995218409225 ], [ 1006919.461107421666384, 1928964.378660232527182 ] ] ] ] } },
{ "type": "Feature", "properties": { "rank": 45, "site_id": "HANRIVER_4167033031102380008", "pnu": "4167033031102380008", "jibun": "238-8임", "addr": "경기도 여주시 금사면 외평리 238-8", "inspection_priority_score": 19, "priority_tier": "정상", "weight_coverage": 0.75, "anomaly_score": 0.059, "change_type_hint": "no_significant_change", "sar_vv_delta": 0.749, "recent_rainfall_mm": 126.9, "adjacent_to_water": false, "changed_area_ratio_source": "pixel_diff", "evidence_confidence_json": { "level": "높음", "score": 7, "factors": [ { "label": "유효 광학 장면 충분", "effect": 1, "detail": "현재기간 3장" }, { "label": "기준기간 관측 충분", "effect": 1, "detail": "기준기간 8장" }, { "label": "영상 품질 양호", "effect": 1, "detail": "현재기간 평균 구름 0%" }, { "label": "NDVI·NDMI 방향 일치", "effect": 1, "detail": "둘 다 감소" }, { "label": "광학·SAR 센서 일치", "effect": 2, "detail": "서로 다른 센서가 같은 변화를 가리킴" }, { "label": "변화면적 픽셀 실측", "effect": 1, "detail": "NDVI 픽셀 단위 차분으로 직접 측정" } ] }, "contributing_factors_json": [ { "factor": "anomaly_score_mean", "value": 0.059, "weight": 0.3 }, { "factor": "changed_area_ratio", "value": 0.0, "weight": 0.15 }, { "factor": "sar_anomaly_mean", "value": 0.25, "weight": 0.1 }, { "factor": "recent_rainfall_mm", "value": 126.9, "weight": 0.1 }, { "factor": "adjacent_to_water", "value": false, "weight": 0.1 } ], "baseline_scenes_json": [ { "source": "sentinel2", "acquisition_date": "2024-06-20", "cloud_cover_pct": 47.1, "indices": { "ndvi_mean": 0.8191, "ndmi_mean": 0.3488 } }, { "source": "sentinel2", "acquisition_date": "2024-07-10", "cloud_cover_pct": 0, "indices": { "ndvi_mean": 0.8442, "ndmi_mean": 0.3241 } }, { "source": "sentinel2", "acquisition_date": "2024-07-15", "cloud_cover_pct": 0, "indices": { "ndvi_mean": 0.8189, "ndmi_mean": 0.3042 } }, { "source": "sentinel2", "acquisition_date": "2024-08-04", "cloud_cover_pct": 0, "indices": { "ndvi_mean": 0.8181, "ndmi_mean": 0.2792 } }, { "source": "sentinel2", "acquisition_date": "2024-08-09", "cloud_cover_pct": 0, "indices": { "ndvi_mean": 0.8386, "ndmi_mean": 0.3192 } }, { "source": "sentinel2", "acquisition_date": "2024-08-14", "cloud_cover_pct": 0, "indices": { "ndvi_mean": 0.8306, "ndmi_mean": 0.3001 } }, { "source": "sentinel2", "acquisition_date": "2024-08-19", "cloud_cover_pct": 0, "indices": { "ndvi_mean": 0.8565, "ndmi_mean": 0.3065 } }, { "source": "sentinel2", "acquisition_date": "2024-08-29", "cloud_cover_pct": 0, "indices": { "ndvi_mean": 0.8582, "ndmi_mean": 0.2932 } } ], "current_scenes_json": [ { "source": "sentinel2", "acquisition_date": "2026-06-05", "cloud_cover_pct": 0, "indices": { "ndvi_mean": 0.8058, "ndmi_mean": 0.316 } }, { "source": "sentinel2", "acquisition_date": "2026-06-15", "cloud_cover_pct": 0, "indices": { "ndvi_mean": 0.8133, "ndmi_mean": 0.2945 } }, { "source": "sentinel2", "acquisition_date": "2026-08-04", "cloud_cover_pct": 0, "indices": { "ndvi_mean": 0.8085, "ndmi_mean": 0.2289 } } ] }, "geometry": { "type": "MultiPolygon", "coordinates": [ [ [ [ 1002093.161604152992368, 1934603.306936427950859 ], [ 1002051.72532760782633, 1934645.728201896417886 ], [ 1002079.756913591758348, 1934627.074823036324233 ], [ 1002103.795052245492116, 1934616.71907255332917 ], [ 1002093.161604152992368, 1934603.306936427950859 ] ] ] ] } },
{ "type": "Feature", "properties": { "rank": 46, "site_id": "HANRIVER_4136025625104570000", "pnu": "4136025625104570000", "jibun": "457잡", "addr": "경기도 남양주시 화도읍 금남리 457", "inspection_priority_score": 19, "priority_tier": "정상", "weight_coverage": 0.75, "anomaly_score": 0.139, "change_type_hint": "no_significant_change", "sar_vv_delta": -0.011, "recent_rainfall_mm": 134.2, "adjacent_to_water": false, "changed_area_ratio_source": "pixel_diff", "evidence_confidence_json": { "level": "높음", "score": 4, "factors": [ { "label": "유효 광학 장면 충분", "effect": 1, "detail": "현재기간 3장" }, { "label": "기준기간 관측 충분", "effect": 1, "detail": "기준기간 9장" }, { "label": "영상 품질 양호", "effect": 1, "detail": "현재기간 평균 구름 0%" }, { "label": "NDVI·NDMI 방향 일치", "effect": 1, "detail": "둘 다 증가" }, { "label": "변화면적 픽셀 실측", "effect": 1, "detail": "NDVI 픽셀 단위 차분으로 직접 측정" }, { "label": "강우 교란 가능성", "effect": -1, "detail": "최근 14일 134mm 강우 + 습윤 신호 — 기상에 의한 변화일 수 있음" } ] }, "contributing_factors_json": [ { "factor": "anomaly_score_mean", "value": 0.139, "weight": 0.3 }, { "factor": "changed_area_ratio", "value": 0.0, "weight": 0.15 }, { "factor": "sar_anomaly_mean", "value": 0.004, "weight": 0.1 }, { "factor": "recent_rainfall_mm", "value": 134.2, "weight": 0.1 }, { "factor": "adjacent_to_water", "value": false, "weight": 0.1 } ], "baseline_scenes_json": [ { "source": "sentinel2", "acquisition_date": "2024-06-05", "cloud_cover_pct": 0, "indices": { "ndvi_mean": 0.8472, "ndmi_mean": 0.3723 } }, { "source": "sentinel2", "acquisition_date": "2024-06-10", "cloud_cover_pct": 0, "indices": { "ndvi_mean": 0.5453, "ndmi_mean": 0.3305 } }, { "source": "sentinel2", "acquisition_date": "2024-07-10", "cloud_cover_pct": 0, "indices": { "ndvi_mean": 0.889, "ndmi_mean": 0.3378 } }, { "source": "sentinel2", "acquisition_date": "2024-07-15", "cloud_cover_pct": 0, "indices": { "ndvi_mean": 0.4651, "ndmi_mean": 0.155 } }, { "source": "sentinel2", "acquisition_date": "2024-08-04", "cloud_cover_pct": 0, "indices": { "ndvi_mean": 0.8292, "ndmi_mean": 0.2603 } }, { "source": "sentinel2", "acquisition_date": "2024-08-09", "cloud_cover_pct": 0, "indices": { "ndvi_mean": 0.8357, "ndmi_mean": 0.2821 } }, { "source": "sentinel2", "acquisition_date": "2024-08-14", "cloud_cover_pct": 0, "indices": { "ndvi_mean": 0.8306, "ndmi_mean": 0.2499 } }, { "source": "sentinel2", "acquisition_date": "2024-08-19", "cloud_cover_pct": 0, "indices": { "ndvi_mean": 0.7768, "ndmi_mean": 0.2254 } }, { "source": "sentinel2", "acquisition_date": "2024-08-29", "cloud_cover_pct": 0, "indices": { "ndvi_mean": 0.8551, "ndmi_mean": 0.2444 } } ], "current_scenes_json": [ { "source": "sentinel2", "acquisition_date": "2026-06-10", "cloud_cover_pct": 0, "indices": { "ndvi_mean": 0.8022, "ndmi_mean": 0.3764 } }, { "source": "sentinel2", "acquisition_date": "2026-06-15", "cloud_cover_pct": 0, "indices": { "ndvi_mean": 0.8656, "ndmi_mean": 0.3585 } }, { "source": "sentinel2", "acquisition_date": "2026-08-04", "cloud_cover_pct": 0, "indices": { "ndvi_mean": 0.8317, "ndmi_mean": 0.2443 } } ] }, "geometry": { "type": "MultiPolygon", "coordinates": [ [ [ [ 987274.757603040314279, 1960088.953000915469602 ], [ 987283.178784851217642, 1960090.756512036779895 ], [ 987295.007887974032201, 1960090.546723537147045 ], [ 987310.389022089191712, 1960086.285693525802344 ], [ 987294.894209806690924, 1960068.774130595615134 ], [ 987282.212956200586632, 1960067.761942132376134 ], [ 987271.955504668061621, 1960058.242310281610116 ], [ 987268.143066001590341, 1960050.908538680989295 ], [ 987269.606891859439202, 1960037.817050950601697 ], [ 987267.653340341872536, 1960033.989981438266113 ], [ 987249.208195509738289, 1960045.918196710990742 ], [ 987252.927547756698914, 1960055.674483912298456 ], [ 987256.000187559402548, 1960066.752673984505236 ], [ 987269.288592595374212, 1960087.782542647095397 ], [ 987274.757603040314279, 1960088.953000915469602 ] ] ] ] } },
{ "type": "Feature", "properties": { "rank": 47, "site_id": "HANRIVER_4167033031102380005", "pnu": "4167033031102380005", "jibun": "238-5대", "addr": "경기도 여주시 금사면 외평리 238-5", "inspection_priority_score": 19, "priority_tier": "정상", "weight_coverage": 0.75, "anomaly_score": 0.047, "change_type_hint": "no_significant_change", "sar_vv_delta": 0.833, "recent_rainfall_mm": 126.9, "adjacent_to_water": false, "changed_area_ratio_source": "pixel_diff", "evidence_confidence_json": { "level": "높음", "score": 7, "factors": [ { "label": "유효 광학 장면 충분", "effect": 1, "detail": "현재기간 3장" }, { "label": "기준기간 관측 충분", "effect": 1, "detail": "기준기간 7장" }, { "label": "영상 품질 양호", "effect": 1, "detail": "현재기간 평균 구름 0%" }, { "label": "NDVI·NDMI 방향 일치", "effect": 1, "detail": "둘 다 감소" }, { "label": "광학·SAR 센서 일치", "effect": 2, "detail": "서로 다른 센서가 같은 변화를 가리킴" }, { "label": "변화면적 픽셀 실측", "effect": 1, "detail": "NDVI 픽셀 단위 차분으로 직접 측정" } ] }, "contributing_factors_json": [ { "factor": "anomaly_score_mean", "value": 0.047, "weight": 0.3 }, { "factor": "changed_area_ratio", "value": 0.0155, "weight": 0.15 }, { "factor": "sar_anomaly_mean", "value": 0.278, "weight": 0.1 }, { "factor": "recent_rainfall_mm", "value": 126.9, "weight": 0.1 }, { "factor": "adjacent_to_water", "value": false, "weight": 0.1 } ], "baseline_scenes_json": [ { "source": "sentinel2", "acquisition_date": "2024-07-10", "cloud_cover_pct": 0, "indices": { "ndvi_mean": 0.7764, "ndmi_mean": 0.2817 } }, { "source": "sentinel2", "acquisition_date": "2024-07-15", "cloud_cover_pct": 0, "indices": { "ndvi_mean": 0.7223, "ndmi_mean": 0.2639 } }, { "source": "sentinel2", "acquisition_date": "2024-08-04", "cloud_cover_pct": 0, "indices": { "ndvi_mean": 0.7446, "ndmi_mean": 0.2319 } }, { "source": "sentinel2", "acquisition_date": "2024-08-09", "cloud_cover_pct": 0, "indices": { "ndvi_mean": 0.7686, "ndmi_mean": 0.2687 } }, { "source": "sentinel2", "acquisition_date": "2024-08-14", "cloud_cover_pct": 0, "indices": { "ndvi_mean": 0.7665, "ndmi_mean": 0.258 } }, { "source": "sentinel2", "acquisition_date": "2024-08-19", "cloud_cover_pct": 0, "indices": { "ndvi_mean": 0.7454, "ndmi_mean": 0.223 } }, { "source": "sentinel2", "acquisition_date": "2024-08-29", "cloud_cover_pct": 0, "indices": { "ndvi_mean": 0.8009, "ndmi_mean": 0.2643 } } ], "current_scenes_json": [ { "source": "sentinel2", "acquisition_date": "2026-06-05", "cloud_cover_pct": 0, "indices": { "ndvi_mean": 0.7275, "ndmi_mean": 0.2682 } }, { "source": "sentinel2", "acquisition_date": "2026-06-15", "cloud_cover_pct": 0, "indices": { "ndvi_mean": 0.7239, "ndmi_mean": 0.2384 } }, { "source": "sentinel2", "acquisition_date": "2026-08-04", "cloud_cover_pct": 0, "indices": { "ndvi_mean": 0.76, "ndmi_mean": 0.1969 } } ] }, "geometry": { "type": "MultiPolygon", "coordinates": [ [ [ [ 1002039.24984773946926, 1934658.6407398392912 ], [ 1002033.191450254991651, 1934664.703226167010143 ], [ 1002036.388195352978073, 1934681.173399800434709 ], [ 1002033.784180129761808, 1934693.067169541725889 ], [ 1002049.149367427336983, 1934703.401579266181216 ], [ 1002057.553718482959084, 1934718.319868555059657 ], [ 1002061.596784571302123, 1934752.883960342733189 ], [ 1002061.180426277220249, 1934766.399480435298756 ], [ 1002065.249705645139329, 1934773.583942925091833 ], [ 1002095.345025355112739, 1934795.515585778746754 ], [ 1002096.324256332707591, 1934800.743210086366162 ], [ 1002116.137575896806084, 1934794.625013591255993 ], [ 1002107.304016931564547, 1934793.81706325057894 ], [ 1002087.899264818290249, 1934772.842489094706252 ], [ 1002070.734109472250566, 1934762.938417843310162 ], [ 1002069.644132891553454, 1934753.211270446423441 ], [ 1002094.422714755753987, 1934756.614816820714623 ], [ 1002106.526775099337101, 1934759.479609216796234 ], [ 1002128.919358716229908, 1934750.023178724572062 ], [ 1002105.229002400650643, 1934707.601282011484727 ], [ 1002109.243492801790126, 1934697.233413484878838 ], [ 1002122.106749797589146, 1934685.255432636244223 ], [ 1002127.624752672971226, 1934685.127309134695679 ], [ 1002134.931816178257577, 1934689.691752687096596 ], [ 1002144.736061744973995, 1934702.810395180247724 ], [ 1002152.196096592466347, 1934720.241619582287967 ], [ 1002152.564087953651324, 1934732.183652508771047 ], [ 1002155.563861945294775, 1934738.43116364791058 ], [ 1002159.17506068374496, 1934734.97352246940136 ], [ 1002156.453249970101751, 1934716.637624379945919 ], [ 1002153.942560093011707, 1934708.175458243349567 ], [ 1002090.328322453075089, 1934633.666154597885907 ], [ 1002079.032766424701549, 1934648.927465443965048 ], [ 1002073.220308567630127, 1934650.837396666640416 ], [ 1002074.29827566316817, 1934653.564550324110314 ], [ 1002069.073271159431897, 1934656.930763154523447 ], [ 1002061.817956855287775, 1934658.942281050840393 ], [ 1002039.24984773946926, 1934658.6407398392912 ] ] ] ] } },
{ "type": "Feature", "properties": { "rank": 48, "site_id": "HANRIVER_4182032527103290011", "pnu": "4182032527103290011", "jibun": "329-11전", "addr": "경기도 가평군 청평면 삼회리 329-11", "inspection_priority_score": 18, "priority_tier": "정상", "weight_coverage": 0.75, "anomaly_score": 0.038, "change_type_hint": "no_significant_change", "sar_vv_delta": -0.78, "recent_rainfall_mm": 134.2, "adjacent_to_water": false, "changed_area_ratio_source": "pixel_diff", "evidence_confidence_json": { "level": "높음", "score": 3, "factors": [ { "label": "유효 광학 장면 충분", "effect": 1, "detail": "현재기간 5장" }, { "label": "기준기간 관측 충분", "effect": 1, "detail": "기준기간 8장" }, { "label": "영상 품질 양호", "effect": 1, "detail": "현재기간 평균 구름 10%" }, { "label": "변화면적 픽셀 실측", "effect": 1, "detail": "NDVI 픽셀 단위 차분으로 직접 측정" }, { "label": "강우 교란 가능성", "effect": -1, "detail": "최근 14일 134mm 강우 + 습윤 신호 — 기상에 의한 변화일 수 있음" } ] }, "contributing_factors_json": [ { "factor": "anomaly_score_mean", "value": 0.038, "weight": 0.3 }, { "factor": "changed_area_ratio", "value": 0.0, "weight": 0.15 }, { "factor": "sar_anomaly_mean", "value": 0.26, "weight": 0.1 }, { "factor": "recent_rainfall_mm", "value": 134.2, "weight": 0.1 }, { "factor": "adjacent_to_water", "value": false, "weight": 0.1 } ], "baseline_scenes_json": [ { "source": "sentinel2", "acquisition_date": "2024-06-05", "cloud_cover_pct": 0, "indices": { "ndvi_mean": 0.7838, "ndmi_mean": 0.355 } }, { "source": "sentinel2", "acquisition_date": "2024-06-10", "cloud_cover_pct": 0, "indices": { "ndvi_mean": 0.6736, "ndmi_mean": 0.2733 } }, { "source": "sentinel2", "acquisition_date": "2024-07-15", "cloud_cover_pct": 0, "indices": { "ndvi_mean": 0.3672, "ndmi_mean": 0.1708 } }, { "source": "sentinel2", "acquisition_date": "2024-08-04", "cloud_cover_pct": 0, "indices": { "ndvi_mean": 0.7988, "ndmi_mean": 0.235 } }, { "source": "sentinel2", "acquisition_date": "2024-08-09", "cloud_cover_pct": 0, "indices": { "ndvi_mean": 0.8228, "ndmi_mean": 0.2707 } }, { "source": "sentinel2", "acquisition_date": "2024-08-14", "cloud_cover_pct": 0, "indices": { "ndvi_mean": 0.8216, "ndmi_mean": 0.2406 } }, { "source": "sentinel2", "acquisition_date": "2024-08-19", "cloud_cover_pct": 0, "indices": { "ndvi_mean": 0.8736, "ndmi_mean": 0.275 } }, { "source": "sentinel2", "acquisition_date": "2024-08-29", "cloud_cover_pct": 0, "indices": { "ndvi_mean": 0.8355, "ndmi_mean": 0.2492 } } ], "current_scenes_json": [ { "source": "sentinel2", "acquisition_date": "2026-06-10", "cloud_cover_pct": 0, "indices": { "ndvi_mean": 0.7624, "ndmi_mean": 0.3336 } }, { "source": "sentinel2", "acquisition_date": "2026-06-15", "cloud_cover_pct": 0, "indices": { "ndvi_mean": 0.7957, "ndmi_mean": 0.3259 } }, { "source": "sentinel2", "acquisition_date": "2026-07-25", "cloud_cover_pct": 42.7, "indices": { "ndvi_mean": 0.6734, "ndmi_mean": 0.2534 } }, { "source": "sentinel2", "acquisition_date": "2026-08-04", "cloud_cover_pct": 0, "indices": { "ndvi_mean": 0.7987, "ndmi_mean": 0.2147 } }, { "source": "sentinel2", "acquisition_date": "2026-08-24", "cloud_cover_pct": 8.0, "indices": { "ndvi_mean": 0.7998, "ndmi_mean": 0.215 } } ] }, "geometry": { "type": "MultiPolygon", "coordinates": [ [ [ [ 990321.316945869359188, 1964634.585425763158128 ], [ 990325.12095115124248, 1964636.00560941058211 ], [ 990340.795692218584009, 1964641.856833981582895 ], [ 990367.287155254161917, 1964643.033418114995584 ], [ 990369.484644511830993, 1964651.37632657517679 ], [ 990381.195987347746268, 1964659.480717730009928 ], [ 990397.110864557558671, 1964659.173174640862271 ], [ 990414.376564963604324, 1964652.357098405947909 ], [ 990425.541370247025043, 1964655.055600668303668 ], [ 990433.007008536253124, 1964664.394075676333159 ], [ 990442.18205030169338, 1964669.616134610958397 ], [ 990443.426129243220203, 1964653.185214911587536 ], [ 990450.262174397706985, 1964649.958162331255153 ], [ 990451.222397767938673, 1964642.742995578562841 ], [ 990462.816686664125882, 1964640.302308329613879 ], [ 990465.124165340093896, 1964639.817230178276077 ], [ 990453.551042624050751, 1964629.696926084347069 ], [ 990453.012231079745106, 1964628.563254804350436 ], [ 990444.598760338849388, 1964628.769930622540414 ], [ 990420.740532674244605, 1964629.154700717888772 ], [ 990420.59615080896765, 1964627.568115647882223 ], [ 990399.897066417965107, 1964628.221969231963158 ], [ 990379.863904263009317, 1964628.724341851426288 ], [ 990358.090825823950581, 1964628.169401904335245 ], [ 990354.670512816868722, 1964628.600422451738268 ], [ 990337.998696955502965, 1964630.365397950168699 ], [ 990321.316945869359188, 1964634.585425763158128 ] ], [ [ 990397.098883699276485, 1964652.221072418848053 ], [ 990393.424272571573965, 1964643.742078067734838 ], [ 990396.092871939879842, 1964633.720966060180217 ], [ 990409.786245960975066, 1964635.968200439587235 ], [ 990410.510172330308706, 1964642.400726782856509 ], [ 990408.628930037259124, 1964649.729747331002727 ], [ 990397.098883699276485, 1964652.221072418848053 ] ] ] ] } },
{ "type": "Feature", "properties": { "rank": 49, "site_id": "HANRIVER_4182032526105780007", "pnu": "4182032526105780007", "jibun": "578-7대", "addr": "경기도 가평군 청평면 고성리 578-7", "inspection_priority_score": 16, "priority_tier": "정상", "weight_coverage": 0.75, "anomaly_score": 0.058, "change_type_hint": "no_significant_change", "sar_vv_delta": -0.101, "recent_rainfall_mm": 114.8, "adjacent_to_water": false, "changed_area_ratio_source": "pixel_diff", "evidence_confidence_json": { "level": "높음", "score": 3, "factors": [ { "label": "유효 광학 장면 충분", "effect": 1, "detail": "현재기간 3장" }, { "label": "기준기간 관측 충분", "effect": 1, "detail": "기준기간 8장" }, { "label": "영상 품질 양호", "effect": 1, "detail": "현재기간 평균 구름 0%" }, { "label": "변화면적 픽셀 실측", "effect": 1, "detail": "NDVI 픽셀 단위 차분으로 직접 측정" }, { "label": "강우 교란 가능성", "effect": -1, "detail": "최근 14일 115mm 강우 + 습윤 신호 — 기상에 의한 변화일 수 있음" } ] }, "contributing_factors_json": [ { "factor": "anomaly_score_mean", "value": 0.058, "weight": 0.3 }, { "factor": "changed_area_ratio", "value": 0.0, "weight": 0.15 }, { "factor": "sar_anomaly_mean", "value": 0.034, "weight": 0.1 }, { "factor": "recent_rainfall_mm", "value": 114.8, "weight": 0.1 }, { "factor": "adjacent_to_water", "value": false, "weight": 0.1 } ], "baseline_scenes_json": [ { "source": "sentinel2", "acquisition_date": "2024-06-05", "cloud_cover_pct": 0, "indices": { "ndvi_mean": 0.4548, "ndmi_mean": 0.122 } }, { "source": "sentinel2", "acquisition_date": "2024-06-10", "cloud_cover_pct": 0, "indices": { "ndvi_mean": 0.4609, "ndmi_mean": 0.0594 } }, { "source": "sentinel2", "acquisition_date": "2024-06-20", "cloud_cover_pct": 0, "indices": { "ndvi_mean": 0.3933, "ndmi_mean": 0.046 } }, { "source": "sentinel2", "acquisition_date": "2024-07-15", "cloud_cover_pct": 0, "indices": { "ndvi_mean": 0.4133, "ndmi_mean": 0.0264 } }, { "source": "sentinel2", "acquisition_date": "2024-08-04", "cloud_cover_pct": 0, "indices": { "ndvi_mean": 0.4878, "ndmi_mean": 0.043 } }, { "source": "sentinel2", "acquisition_date": "2024-08-09", "cloud_cover_pct": 0, "indices": { "ndvi_mean": 0.46, "ndmi_mean": 0.0425 } }, { "source": "sentinel2", "acquisition_date": "2024-08-14", "cloud_cover_pct": 0, "indices": { "ndvi_mean": 0.4575, "ndmi_mean": 0.0201 } }, { "source": "sentinel2", "acquisition_date": "2024-08-19", "cloud_cover_pct": 0, "indices": { "ndvi_mean": 0.4563, "ndmi_mean": 0.0159 } } ], "current_scenes_json": [ { "source": "sentinel2", "acquisition_date": "2026-06-15", "cloud_cover_pct": 0, "indices": { "ndvi_mean": 0.4735, "ndmi_mean": 0.064 } }, { "source": "sentinel2", "acquisition_date": "2026-06-30", "cloud_cover_pct": 0, "indices": { "ndvi_mean": 0.4429, "ndmi_mean": 0.0903 } }, { "source": "sentinel2", "acquisition_date": "2026-08-04", "cloud_cover_pct": 0, "indices": { "ndvi_mean": 0.5145, "ndmi_mean": 0.0172 } } ] }, "geometry": { "type": "MultiPolygon", "coordinates": [ [ [ [ 999012.980739294667728, 1968157.058473334880546 ], [ 999032.165278464904986, 1968182.516721690772101 ], [ 999049.667302853078581, 1968179.571770437527448 ], [ 999040.117787820403464, 1968160.319638943299651 ], [ 999027.725163327879272, 1968144.017413379391655 ], [ 999012.980739294667728, 1968157.058473334880546 ] ] ] ] } },
{ "type": "Feature", "properties": { "rank": 50, "site_id": "HANRIVER_4183031023101860000", "pnu": "4183031023101860000", "jibun": "186전", "addr": "경기도 양평군 강상면 교평리 186", "inspection_priority_score": 16, "priority_tier": "정상", "weight_coverage": 0.75, "anomaly_score": 0.002, "change_type_hint": "no_significant_change", "sar_vv_delta": 0.172, "recent_rainfall_mm": 157.1, "adjacent_to_water": false, "changed_area_ratio_source": "pixel_diff", "evidence_confidence_json": { "level": "높음", "score": 4, "factors": [ { "label": "유효 광학 장면 충분", "effect": 1, "detail": "현재기간 3장" }, { "label": "기준기간 관측 충분", "effect": 1, "detail": "기준기간 7장" }, { "label": "영상 품질 양호", "effect": 1, "detail": "현재기간 평균 구름 0%" }, { "label": "변화면적 픽셀 실측", "effect": 1, "detail": "NDVI 픽셀 단위 차분으로 직접 측정" } ] }, "contributing_factors_json": [ { "factor": "anomaly_score_mean", "value": 0.002, "weight": 0.3 }, { "factor": "changed_area_ratio", "value": 0.0859, "weight": 0.15 }, { "factor": "sar_anomaly_mean", "value": 0.057, "weight": 0.1 }, { "factor": "recent_rainfall_mm", "value": 157.1, "weight": 0.1 }, { "factor": "adjacent_to_water", "value": false, "weight": 0.1 } ], "baseline_scenes_json": [ { "source": "sentinel2", "acquisition_date": "2024-07-10", "cloud_cover_pct": 0, "indices": { "ndvi_mean": 0.7135, "ndmi_mean": 0.2235 } }, { "source": "sentinel2", "acquisition_date": "2024-08-04", "cloud_cover_pct": 0, "indices": { "ndvi_mean": 0.8286, "ndmi_mean": 0.2648 } }, { "source": "sentinel2", "acquisition_date": "2024-08-09", "cloud_cover_pct": 0, "indices": { "ndvi_mean": 0.8802, "ndmi_mean": 0.3203 } }, { "source": "sentinel2", "acquisition_date": "2024-08-14", "cloud_cover_pct": 0, "indices": { "ndvi_mean": 0.8547, "ndmi_mean": 0.3067 } }, { "source": "sentinel2", "acquisition_date": "2024-08-19", "cloud_cover_pct": 0, "indices": { "ndvi_mean": 0.8828, "ndmi_mean": 0.3225 } }, { "source": "sentinel2", "acquisition_date": "2024-08-24", "cloud_cover_pct": 0, "indices": { "ndvi_mean": 0.7592, "ndmi_mean": 0.3099 } }, { "source": "sentinel2", "acquisition_date": "2024-08-29", "cloud_cover_pct": 0, "indices": { "ndvi_mean": 0.8974, "ndmi_mean": 0.3508 } } ], "current_scenes_json": [ { "source": "sentinel2", "acquisition_date": "2026-06-05", "cloud_cover_pct": 0, "indices": { "ndvi_mean": 0.8324, "ndmi_mean": 0.3303 } }, { "source": "sentinel2", "acquisition_date": "2026-06-15", "cloud_cover_pct": 0, "indices": { "ndvi_mean": 0.7947, "ndmi_mean": 0.2796 } }, { "source": "sentinel2", "acquisition_date": "2026-08-04", "cloud_cover_pct": 0, "indices": { "ndvi_mean": 0.8632, "ndmi_mean": 0.2868 } } ] }, "geometry": { "type": "MultiPolygon", "coordinates": [ [ [ [ 998982.578928040340543, 1941628.139888019068167 ], [ 998977.870121282874607, 1941626.861355169676244 ], [ 998973.598003004910424, 1941625.180677659576759 ], [ 998968.885430023889057, 1941623.568303931038827 ], [ 998958.411573642864823, 1941621.826491186860949 ], [ 998951.245681652682833, 1941618.638765053125098 ], [ 998946.21607588743791, 1941622.849641892127693 ], [ 998958.689997014007531, 1941628.349296997999772 ], [ 998955.563877798151225, 1941635.256970032816753 ], [ 998963.866790151805617, 1941639.671163855586201 ], [ 998980.546744357445277, 1941639.842768650501966 ], [ 998984.092930846964009, 1941641.101466006366536 ], [ 998995.501613686792552, 1941645.150366287911311 ], [ 999001.819760220241733, 1941642.653951494256034 ], [ 999003.877679364872165, 1941634.113615974783897 ], [ 998985.582995062111877, 1941628.955640752334148 ], [ 998982.578928040340543, 1941628.139888019068167 ] ] ] ] } }
]
}
