토지고유코드,소재지,데이터기준일
4136036024103260000,남양주시 조안면 송촌리 326,2026-03-11
4136036024103280000,남양주시 조안면 송촌리 328,2026-03-11
4136036024103310000,남양주시 조안면 송촌리 331,2026-03-11
4136036024103320000,남양주시 조안면 송촌리 332,2026-03-11
4136036024103330000,남양주시 조안면 송촌리 333,2026-03-11
4182025034101300014,가평군 가평읍 금대리 130-14,2026-03-11
4167035039103690005,여주시 대신면 양촌리 369-5,2026-03-11
4183041022101130007,양평군 개군면 구미리 113-7,2026-03-11
4183034021108690002,양평군 옥천면 옥천리 869-2,2026-03-11
4183034021108690026,양평군 옥천면 옥천리 869-26,2026-03-11
4183034021108690033,양평군 옥천면 옥천리 869-33,2026-03-11
4167035039102780000,여주시 대신면 양촌리 278,2026-03-11
4167035039102780001,여주시 대신면 양촌리 278-1,2026-03-11
4183031023101860000,양평군 강상면 교평리 186,2026-03-11
4146125324100390002,용인시 처인구 모현읍 일산리 39-2,2026-03-11
4146125324100390004,용인시 처인구 모현읍 일산리 39-4,2026-03-11
4146125324100390005,용인시 처인구 모현읍 일산리 39-5,2026-03-11
4146125324100410001,용인시 처인구 모현읍 일산리 41-1,2026-03-11
4146125324100990155,용인시 처인구 모현읍 일산리 99-155,2026-03-11
4146125324100990160,용인시 처인구 모현읍 일산리 99-160,2026-03-11
4146125324100990021,용인시 처인구 모현읍 일산리 99-21,2026-03-11
4182032526105780026,가평군 청평면 고성리 578-26,2026-03-11
4182032526105780003,가평군 청평면 고성리 578-3,2026-03-11
4182032526105780007,가평군 청평면 고성리 578-7,2026-03-11
4182032526105780008,가평군 청평면 고성리 578-8,2026-03-11
4167035039103450001,여주시 대신면 양촌리 345-1,2026-03-11
4167035039103510000,여주시 대신면 양촌리 351,2026-03-11
4161025330106300002,광주시 초월읍 무갑리 630-2,2026-03-11
4161025330106300020,광주시 초월읍 무갑리 630-20,2026-03-11
4161025330106300023,광주시 초월읍 무갑리 630-23,2026-03-11
4161025330106300031,광주시 초월읍 무갑리 630-31,2026-03-11
4161025330106300011,광주시 초월읍 무갑리 630-11,2026-03-11
4161025330106300030,광주시 초월읍 무갑리 630-30,2026-03-11
4161025330106300026,광주시 초월읍 무갑리 630-26,2026-03-11
4211040028105410026,춘천시 남산면 서천리 541-26,2026-03-11
4211040028105410035,춘천시 남산면 서천리 541-35,2026-03-11
4183033027100470016,양평군 양서면 대심리 47-16,2026-03-11
4183025031105210003,양평군 양평읍 회현리 521-3,2026-03-11
4183025031105220000,양평군 양평읍 회현리 522,2026-03-11
4161025329105370014,광주시 초월읍 지월리 537-14,2026-03-11
4136025625103320007,경기도 남양주시 화도읍 금남리 332-7,2026-03-11
4136025625104490000,경기도 남양주시 화도읍 금남리 449,2026-03-11
4136025625104570000,경기도 남양주시 화도읍 금남리 457,2026-03-11
4136025625104570001,경기도 남양주시 화도읍 금남리 457-1,2026-03-11
4136025625104490003,경기도 남양주시 화도읍 금남리 449-3,2026-03-11
4136025624104570001,경기도 남양주시 화도읍 구암리 457-1,2026-03-11
4136025624100150002,경기도 남양주시 화도읍 구암리 15-2,2026-03-11
4136025624104560002,경기도 남양주시 화도읍 구암리 456-2,2026-03-11
4136025624104560003,경기도 남양주시 화도읍 구암리 456-3,2026-03-11
4136025624104560004,경기도 남양주시 화도읍 구암리 456-4,2026-03-11
4136025624104560008,경기도 남양주시 화도읍 구암리 456-8,2026-03-11
4136025624100140002,경기도 남양주시 화도읍 구암리 14-2,2026-03-11
4136025624201020003,경기도 남양주시 화도읍 구암리 산102-3,2026-03-11
4136025624104560005,경기도 남양주시 화도읍 구암리 456-5,2026-03-11
4136025625200470021,경기도 남양주시 화도읍 금남리 산47-21,2026-03-11
4136036022105680001,경기도 남양주시 조안면 조안리 568-1,2026-03-11
4136036022105680000,경기도 남양주시 조안면 조안리 568,2026-03-11
4136036022105950006,경기도 남양주시 조안면 조안리 595-6,2026-03-11
4136036022105560000,경기도 남양주시 조안면 조안리 556,2026-03-11
4136036022104120005,경기도 남양주시 조안면 조안리 412-5,2026-03-11
4136036022104130000,경기도 남양주시 조안면 조안리 413,2026-03-11
4136036022105510003,경기도 남양주시 조안면 조안리 551-3,2026-03-11
4136036022104120002,경기도 남양주시 조안면 조안리 412-2,2026-03-11
4136036022104010000,경기도 남양주시 조안면 조안리 401,2026-03-11
4136036022105610000,경기도 남양주시 조안면 조안리 561,2026-03-11
4136036022105970000,경기도 남양주시 조안면 조안리 597,2026-03-11
4136036022105950008,경기도 남양주시 조안면 조안리 595-8,2026-03-11
4136036022101280000,경기도 남양주시 조안면 조안리 128,2026-03-11
4136036022106540000,경기도 남양주시 조안면 조안리 654,2026-03-11
4136036024103520000,경기도 남양주시 조안면 송촌리 352,2026-03-11
4136025624104550000,경기도 남양주시 화도읍 구암리 455,2026-03-11
4136025625104530002,경기도 남양주시 화도읍 금남리 453-2,2026-03-11
4136036022101990001,경기도 남양주시 조안면 조안리 199-1,2026-03-11
4136036022105390000,경기도 남양주시 조안면 조안리 539,2026-03-11
4136025625200470017,경기도 남양주시 화도읍 금남리 산47-17,2026-03-11
4136025625200470006,경기도 남양주시 화도읍 금남리 산47-6,2026-03-11
4136036026200690000,경기도 남양주시 조안면 시우리 산69,2026-03-11
4136036026105000000,경기도 남양주시 조안면 시우리 500,2026-03-11
4145010400200130011,경기도 하남시 배알미동 산13-11,2026-03-11
4145010400200130019,경기도 하남시 배알미동 산13-19,2026-03-11
4145010400200130021,경기도 하남시 배알미동 산13-21,2026-03-11
4146110500100780003,경기도 용인시 처인구 유방동 78-3,2026-03-11
4146110500101400001,경기도 용인시 처인구 유방동 140-1,2026-03-11
4146110500100760006,경기도 용인시 처인구 유방동 76-6,2026-03-11
4146110500100760003,경기도 용인시 처인구 유방동 76-3,2026-03-11
4146110500100760009,경기도 용인시 처인구 유방동 76-9,2026-03-11
4146110500100750000,경기도 용인시 처인구 유방동 75,2026-03-11
4146110500100710013,경기도 용인시 처인구 유방동 71-13,2026-03-11
4146110500100710014,경기도 용인시 처인구 유방동 71-14,2026-03-11
4146110500100710001,경기도 용인시 처인구 유방동 71-1,2026-03-11
4146110500100710012,경기도 용인시 처인구 유방동 71-12,2026-03-11
4146110500100760005,경기도 용인시 처인구 유방동 76-5,2026-03-11
4146110500100690000,경기도 용인시 처인구 유방동 69,2026-03-11
4146110500100690003,경기도 용인시 처인구 유방동 69-3,2026-03-11
4146110500100760001,경기도 용인시 처인구 유방동 76-1,2026-03-11
4146110500100740002,경기도 용인시 처인구 유방동 74-2,2026-03-11
4146110500100740001,경기도 용인시 처인구 유방동 74-1,2026-03-11
4146110500100760004,경기도 용인시 처인구 유방동 76-4,2026-03-11
4146110500103670003,경기도 용인시 처인구 유방동 367-3,2026-03-11
4146110500100770001,경기도 용인시 처인구 유방동 77-1,2026-03-11
4146110500100760008,경기도 용인시 처인구 유방동 76-8,2026-03-11
4146110500100760007,경기도 용인시 처인구 유방동 76-7,2026-03-11
4146110500100760002,경기도 용인시 처인구 유방동 76-2,2026-03-11
4146110600200140001,경기도 용인시 처인구 고림동 산14-1,2026-03-11
4146110500101390000,경기도 용인시 처인구 유방동 139,2026-03-11
4146110800102580009,경기도 용인시 처인구 운학동 258-9,2026-03-11
4146110800103360003,경기도 용인시 처인구 운학동 336-3,2026-03-11
4146110800103350005,경기도 용인시 처인구 운학동 335-5,2026-03-11
4146110800102050000,경기도 용인시 처인구 운학동 205,2026-03-11
4146110800105650004,경기도 용인시 처인구 운학동 565-4,2026-03-11
4146110800103360001,경기도 용인시 처인구 운학동 336-1,2026-03-11
4146110800102470001,경기도 용인시 처인구 운학동 247-1,2026-03-11
4146110800102470005,경기도 용인시 처인구 운학동 247-5,2026-03-11
4146110800101200000,경기도 용인시 처인구 운학동 120,2026-03-11
4146110800107010011,경기도 용인시 처인구 운학동 701-11,2026-03-11
4146110800101210001,경기도 용인시 처인구 운학동 121-1,2026-03-11
4146110800102470008,경기도 용인시 처인구 운학동 247-8,2026-03-11
4146110900102340009,경기도 용인시 처인구 호동 234-9,2026-03-11
4146110900102100000,경기도 용인시 처인구 호동 210,2026-03-11
4146110900102050005,경기도 용인시 처인구 호동 205-5,2026-03-11
4146110900102050003,경기도 용인시 처인구 호동 205-3,2026-03-11
4146110900100920005,경기도 용인시 처인구 호동 92-5,2026-03-11
4146110900100890003,경기도 용인시 처인구 호동 89-3,2026-03-11
4146110900100890002,경기도 용인시 처인구 호동 89-2,2026-03-11
4146110900100890001,경기도 용인시 처인구 호동 89-1,2026-03-11
4146110900100880001,경기도 용인시 처인구 호동 88-1,2026-03-11
4146110900100870000,경기도 용인시 처인구 호동 87,2026-03-11
4146110800104360000,경기도 용인시 처인구 운학동 436,2026-03-11
4146110900101850007,경기도 용인시 처인구 호동 185-7,2026-03-11
4146110900101850003,경기도 용인시 처인구 호동 185-3,2026-03-11
4146110900101430004,경기도 용인시 처인구 호동 143-4,2026-03-11
4146110900101430026,경기도 용인시 처인구 호동 143-26,2026-03-11
4146110900101430014,경기도 용인시 처인구 호동 143-14,2026-03-11
4146110900101430001,경기도 용인시 처인구 호동 143-1,2026-03-11
4146110900101430005,경기도 용인시 처인구 호동 143-5,2026-03-11
4146110900101430016,경기도 용인시 처인구 호동 143-16,2026-03-11
4146110900102280000,경기도 용인시 처인구 호동 228,2026-03-11
4146110900100920000,경기도 용인시 처인구 호동 92,2026-03-11
4146110900100920004,경기도 용인시 처인구 호동 92-4,2026-03-11
4146110800104250013,경기도 용인시 처인구 운학동 425-13,2026-03-11
4146110900101420001,경기도 용인시 처인구 호동 142-1,2026-03-11
4146110900103660000,경기도 용인시 처인구 호동 366,2026-03-11
4146110900101360010,경기도 용인시 처인구 호동 136-10,2026-03-11
4146110900101020002,경기도 용인시 처인구 호동 102-2,2026-03-11
4146110900101630003,경기도 용인시 처인구 호동 163-3,2026-03-11
4146110900100990005,경기도 용인시 처인구 호동 99-5,2026-03-11
4146110900200840000,경기도 용인시 처인구 호동 산84,2026-03-11
4146110900102100005,경기도 용인시 처인구 호동 210-5,2026-03-11
4146110900103230000,경기도 용인시 처인구 호동 323,2026-03-11
4146110800103710001,경기도 용인시 처인구 운학동 371-1,2026-03-11
4146110900101360009,경기도 용인시 처인구 호동 136-9,2026-03-11
4146110800102320001,경기도 용인시 처인구 운학동 232-1,2026-03-11
4146110900102100009,경기도 용인시 처인구 호동 210-9,2026-03-11
4146110900100990006,경기도 용인시 처인구 호동 99-6,2026-03-11
4146110900101430013,경기도 용인시 처인구 호동 143-13,2026-03-11
4146110900101430025,경기도 용인시 처인구 호동 143-25,2026-03-11
4146110900101800000,경기도 용인시 처인구 호동 180,2026-03-11
4146110900102100010,경기도 용인시 처인구 호동 210-10,2026-03-11
4146110900102100007,경기도 용인시 처인구 호동 210-7,2026-03-11
4146110900101630000,경기도 용인시 처인구 호동 163,2026-03-11
4146110900101050000,경기도 용인시 처인구 호동 105,2026-03-11
4146110800104710006,경기도 용인시 처인구 운학동 471-6,2026-03-11
4146110800107010010,경기도 용인시 처인구 운학동 701-10,2026-03-11
4146110800107010007,경기도 용인시 처인구 운학동 701-7,2026-03-11
4146110800107010008,경기도 용인시 처인구 운학동 701-8,2026-03-11
4146110800107010023,경기도 용인시 처인구 운학동 701-23,2026-03-11
4146110800107010022,경기도 용인시 처인구 운학동 701-22,2026-03-11
4146110800107010026,경기도 용인시 처인구 운학동 701-26,2026-03-11
4146110800107010025,경기도 용인시 처인구 운학동 701-25,2026-03-11
4146110800105180000,경기도 용인시 처인구 운학동 518,2026-03-11
4146110800107010012,경기도 용인시 처인구 운학동 701-12,2026-03-11
4146110800107010019,경기도 용인시 처인구 운학동 701-19,2026-03-11
4146110800107010014,경기도 용인시 처인구 운학동 701-14,2026-03-11
4146110800107010017,경기도 용인시 처인구 운학동 701-17,2026-03-11
4146110800107010013,경기도 용인시 처인구 운학동 701-13,2026-03-11
4146110800107010015,경기도 용인시 처인구 운학동 701-15,2026-03-11
4146110800105450002,경기도 용인시 처인구 운학동 545-2,2026-03-11
4146110800105770004,경기도 용인시 처인구 운학동 577-4,2026-03-11
4146110800107010039,경기도 용인시 처인구 운학동 701-39,2026-03-11
4146110800107010040,경기도 용인시 처인구 운학동 701-40,2026-03-11
4146110800107010016,경기도 용인시 처인구 운학동 701-16,2026-03-11
4146110800107010030,경기도 용인시 처인구 운학동 701-30,2026-03-11
4146110800107010031,경기도 용인시 처인구 운학동 701-31,2026-03-11
4146110800107010032,경기도 용인시 처인구 운학동 701-32,2026-03-11
4146110800107010034,경기도 용인시 처인구 운학동 701-34,2026-03-11
4146110800107010033,경기도 용인시 처인구 운학동 701-33,2026-03-11
4146110800107010035,경기도 용인시 처인구 운학동 701-35,2026-03-11
4146110800107010036,경기도 용인시 처인구 운학동 701-36,2026-03-11
4146110800107010037,경기도 용인시 처인구 운학동 701-37,2026-03-11
4146110800105750009,경기도 용인시 처인구 운학동 575-9,2026-03-11
4146110800105750008,경기도 용인시 처인구 운학동 575-8,2026-03-11
4146110800105770002,경기도 용인시 처인구 운학동 577-2,2026-03-11
4146110800105770005,경기도 용인시 처인구 운학동 577-5,2026-03-11
4146110800105770003,경기도 용인시 처인구 운학동 577-3,2026-03-11
4146110800105770006,경기도 용인시 처인구 운학동 577-6,2026-03-11
4146110800105920001,경기도 용인시 처인구 운학동 592-1,2026-03-11
4146110800105920012,경기도 용인시 처인구 운학동 592-12,2026-03-11
4146110800104970000,경기도 용인시 처인구 운학동 497,2026-03-11
4146110800105580006,경기도 용인시 처인구 운학동 558-6,2026-03-11
4146110800105580002,경기도 용인시 처인구 운학동 558-2,2026-03-11
4146110800105580010,경기도 용인시 처인구 운학동 558-10,2026-03-11
4146110800105170000,경기도 용인시 처인구 운학동 517,2026-03-11
4146110800104350008,경기도 용인시 처인구 운학동 435-8,2026-03-11
4146110800104890003,경기도 용인시 처인구 운학동 489-3,2026-03-11
4146110800104910001,경기도 용인시 처인구 운학동 491-1,2026-03-11
4146110800104900000,경기도 용인시 처인구 운학동 490,2026-03-11
4146110800104910002,경기도 용인시 처인구 운학동 491-2,2026-03-11
4146110800104250004,경기도 용인시 처인구 운학동 425-4,2026-03-11
4146110800104250006,경기도 용인시 처인구 운학동 425-6,2026-03-11
4146110800104250009,경기도 용인시 처인구 운학동 425-9,2026-03-11
4146110800104250017,경기도 용인시 처인구 운학동 425-17,2026-03-11
4146110900100870001,경기도 용인시 처인구 호동 87-1,2026-03-11
4146110800105650002,경기도 용인시 처인구 운학동 565-2,2026-03-11
4146110800106360001,경기도 용인시 처인구 운학동 636-1,2026-03-11
4146110800106360012,경기도 용인시 처인구 운학동 636-12,2026-03-11
4146110800106360014,경기도 용인시 처인구 운학동 636-14,2026-03-11
4146110800105670003,경기도 용인시 처인구 운학동 567-3,2026-03-11
4146111000103420000,경기도 용인시 처인구 해곡동 342,2026-03-11
4146111000101190002,경기도 용인시 처인구 해곡동 119-2,2026-03-11
4146111000101190003,경기도 용인시 처인구 해곡동 119-3,2026-03-11
4146111000103080007,경기도 용인시 처인구 해곡동 308-7,2026-03-11
4146110900102100008,경기도 용인시 처인구 호동 210-8,2026-03-11
4146111000103080001,경기도 용인시 처인구 해곡동 308-1,2026-03-11
4146111000101180000,경기도 용인시 처인구 해곡동 118,2026-03-11
4146111000101200003,경기도 용인시 처인구 해곡동 120-3,2026-03-11
4146111000101220000,경기도 용인시 처인구 해곡동 122,2026-03-11
4146111000101220002,경기도 용인시 처인구 해곡동 122-2,2026-03-11
4146111000103520006,경기도 용인시 처인구 해곡동 352-6,2026-03-11
4146111000103520011,경기도 용인시 처인구 해곡동 352-11,2026-03-11
4146111000104300001,경기도 용인시 처인구 해곡동 430-1,2026-03-11
4146111000101240000,경기도 용인시 처인구 해곡동 124,2026-03-11
4146111000103530007,경기도 용인시 처인구 해곡동 353-7,2026-03-11
4146111000103540004,경기도 용인시 처인구 해곡동 354-4,2026-03-11
4146111000103150000,경기도 용인시 처인구 해곡동 315,2026-03-11
4146111000103150016,경기도 용인시 처인구 해곡동 315-16,2026-03-11
4146111000101430002,경기도 용인시 처인구 해곡동 143-2,2026-03-11
4146110900104200002,경기도 용인시 처인구 호동 420-2,2026-03-11
4146111000103150013,경기도 용인시 처인구 해곡동 315-13,2026-03-11
4146111000103150008,경기도 용인시 처인구 해곡동 315-8,2026-03-11
4146111000103150012,경기도 용인시 처인구 해곡동 315-12,2026-03-11
4146111000101430001,경기도 용인시 처인구 해곡동 143-1,2026-03-11
4146110900102100004,경기도 용인시 처인구 호동 210-4,2026-03-11
4146110900103480014,경기도 용인시 처인구 호동 348-14,2026-03-11
4146110900103480012,경기도 용인시 처인구 호동 348-12,2026-03-11
4146110900101950003,경기도 용인시 처인구 호동 195-3,2026-03-11
4146110900101940000,경기도 용인시 처인구 호동 194,2026-03-11
4146110900102850000,경기도 용인시 처인구 호동 285,2026-03-11
4146125322106540014,경기도 용인시 처인구 모현면 갈담리 654-14,2026-03-11
4146111000102520005,경기도 용인시 처인구 해곡동 252-5,2026-03-11
4146110900102090000,경기도 용인시 처인구 호동 209,2026-03-11
4146110900101990000,경기도 용인시 처인구 호동 199,2026-03-11
4146110900101850009,경기도 용인시 처인구 호동 185-9,2026-03-11
4146110900100890000,경기도 용인시 처인구 호동 89,2026-03-11
4146110900100930011,경기도 용인시 처인구 호동 93-11,2026-03-11
4146110900100930014,경기도 용인시 처인구 호동 93-14,2026-03-11
4146110900100920002,경기도 용인시 처인구 호동 92-2,2026-03-11
4146110900100930007,경기도 용인시 처인구 호동 93-7,2026-03-11
4146110900102740000,경기도 용인시 처인구 호동 274,2026-03-11
4146110900104220003,경기도 용인시 처인구 호동 422-3,2026-03-11
4146110900104220001,경기도 용인시 처인구 호동 422-1,2026-03-11
4146110900100990004,경기도 용인시 처인구 호동 99-4,2026-03-11
4146125322106450007,경기도 용인시 처인구 모현면 갈담리 645-7,2026-03-11
4146110900100990014,경기도 용인시 처인구 호동 99-14,2026-03-11
4146110900100930016,경기도 용인시 처인구 호동 93-16,2026-03-11
4146110900102050008,경기도 용인시 처인구 호동 205-8,2026-03-11
4146110900102020012,경기도 용인시 처인구 호동 202-12,2026-03-11
4146110900102020009,경기도 용인시 처인구 호동 202-9,2026-03-11
4146110900100930015,경기도 용인시 처인구 호동 93-15,2026-03-11
4146111000101250000,경기도 용인시 처인구 해곡동 125,2026-03-11
4146110900101360004,경기도 용인시 처인구 호동 136-4,2026-03-11
4146110900102270000,경기도 용인시 처인구 호동 227,2026-03-11
4146110900102250005,경기도 용인시 처인구 호동 225-5,2026-03-11
4146110900101950000,경기도 용인시 처인구 호동 195,2026-03-11
4146110900101950004,경기도 용인시 처인구 호동 195-4,2026-03-11
4182032527104790016,경기도 가평군 청평면 삼회리 479-16,2026-03-11
4146111000103530003,경기도 용인시 처인구 해곡동 353-3,2026-03-11
4146111000103540001,경기도 용인시 처인구 해곡동 354-1,2026-03-11
4146110900101360002,경기도 용인시 처인구 호동 136-2,2026-03-11
4146110900101330000,경기도 용인시 처인구 호동 133,2026-03-11
4146110900101850002,경기도 용인시 처인구 호동 185-2,2026-03-11
4146110900102050002,경기도 용인시 처인구 호동 205-2,2026-03-11
4146110900102050011,경기도 용인시 처인구 호동 205-11,2026-03-11
4146110900102050010,경기도 용인시 처인구 호동 205-10,2026-03-11
4146110900102050004,경기도 용인시 처인구 호동 205-4,2026-03-11
4146110900102020002,경기도 용인시 처인구 호동 202-2,2026-03-11
4146111000103520000,경기도 용인시 처인구 해곡동 352,2026-03-11
4146110900100620002,경기도 용인시 처인구 호동 62-2,2026-03-11
4146111000103420001,경기도 용인시 처인구 해곡동 342-1,2026-03-11
4146110900102100006,경기도 용인시 처인구 호동 210-6,2026-03-11
4146110900102100001,경기도 용인시 처인구 호동 210-1,2026-03-11
4146110900102090001,경기도 용인시 처인구 호동 209-1,2026-03-11
4146110900102080000,경기도 용인시 처인구 호동 208,2026-03-11
4146110900102100003,경기도 용인시 처인구 호동 210-3,2026-03-11
4146110900102090002,경기도 용인시 처인구 호동 209-2,2026-03-11
4146111000101200004,경기도 용인시 처인구 해곡동 120-4,2026-03-11
4146125021104100010,경기도 용인시 처인구 포곡읍 삼계리 410-10,2026-03-11
4146111000102560000,경기도 용인시 처인구 해곡동 256,2026-03-11
4146125323104590031,경기도 용인시 처인구 모현면 초부리 459-31,2026-03-11
4146125029104430001,경기도 용인시 처인구 포곡읍 신원리 443-1,2026-03-11
4146125029104410003,경기도 용인시 처인구 포곡읍 신원리 441-3,2026-03-11
4146125322106540016,경기도 용인시 처인구 모현면 갈담리 654-16,2026-03-11
4146125029104430000,경기도 용인시 처인구 포곡읍 신원리 443,2026-03-11
4146125029104410008,경기도 용인시 처인구 포곡읍 신원리 441-8,2026-03-11
4146125029104410009,경기도 용인시 처인구 포곡읍 신원리 441-9,2026-03-11
4146125029104430002,경기도 용인시 처인구 포곡읍 신원리 443-2,2026-03-11
4146125322106520006,경기도 용인시 처인구 모현면 갈담리 652-6,2026-03-11
4146125322106540025,경기도 용인시 처인구 모현면 갈담리 654-25,2026-03-11
4146125322106540010,경기도 용인시 처인구 모현면 갈담리 654-10,2026-03-11
4146125322106520001,경기도 용인시 처인구 모현면 갈담리 652-1,2026-03-11
4146125322106520003,경기도 용인시 처인구 모현면 갈담리 652-3,2026-03-11
4146125322106450004,경기도 용인시 처인구 모현면 갈담리 645-4,2026-03-11
4146125322106540022,경기도 용인시 처인구 모현면 갈담리 654-22,2026-03-11
4146125322106560001,경기도 용인시 처인구 모현면 갈담리 656-1,2026-03-11
4146125322106540009,경기도 용인시 처인구 모현면 갈담리 654-9,2026-03-11
4146125322106440001,경기도 용인시 처인구 모현면 갈담리 644-1,2026-03-11
4146125322106540008,경기도 용인시 처인구 모현면 갈담리 654-8,2026-03-11
4146125323104570000,경기도 용인시 처인구 모현면 초부리 457,2026-03-11
4146110900200540001,경기도 용인시 처인구 호동 산54-1,2026-03-11
4146125323104590004,경기도 용인시 처인구 모현면 초부리 459-4,2026-03-11
4146125323104580001,경기도 용인시 처인구 모현면 초부리 458-1,2026-03-11
4146110800107010024,경기도 용인시 처인구 운학동 701-24,2026-03-11
4146110900102050009,경기도 용인시 처인구 호동 205-9,2026-03-11
4146110900102050007,경기도 용인시 처인구 호동 205-7,2026-03-11
4146110800107010028,경기도 용인시 처인구 운학동 701-28,2026-03-11
4146125322106480024,경기도 용인시 처인구 모현면 갈담리 648-24,2026-03-11
4146125322106500001,경기도 용인시 처인구 모현면 갈담리 650-1,2026-03-11
4146125322106510000,경기도 용인시 처인구 모현면 갈담리 651,2026-03-11
4146125322106510001,경기도 용인시 처인구 모현면 갈담리 651-1,2026-03-11
4146125322106510003,경기도 용인시 처인구 모현면 갈담리 651-3,2026-03-11
4146125322106510004,경기도 용인시 처인구 모현면 갈담리 651-4,2026-03-11
4146125322106510005,경기도 용인시 처인구 모현면 갈담리 651-5,2026-03-11
4146136029100090004,경기도 용인시 처인구 양지면 주북리 9-4,2026-03-11
4146136029100090003,경기도 용인시 처인구 양지면 주북리 9-3,2026-03-11
4146136029100090001,경기도 용인시 처인구 양지면 주북리 9-1,2026-03-11
4146136029100390002,경기도 용인시 처인구 양지면 주북리 39-2,2026-03-11
4146125322106480008,경기도 용인시 처인구 모현면 갈담리 648-8,2026-03-11
4146125322106540015,경기도 용인시 처인구 모현면 갈담리 654-15,2026-03-11
4146125322106480009,경기도 용인시 처인구 모현면 갈담리 648-9,2026-03-11
4146125322106480017,경기도 용인시 처인구 모현면 갈담리 648-17,2026-03-11
4146125322106480018,경기도 용인시 처인구 모현면 갈담리 648-18,2026-03-11
4146125322106540001,경기도 용인시 처인구 모현면 갈담리 654-1,2026-03-11
4146125322106540002,경기도 용인시 처인구 모현면 갈담리 654-2,2026-03-11
4146125322106540003,경기도 용인시 처인구 모현면 갈담리 654-3,2026-03-11
4146125322106540007,경기도 용인시 처인구 모현면 갈담리 654-7,2026-03-11
4146125322106540011,경기도 용인시 처인구 모현면 갈담리 654-11,2026-03-11
4146125322106190001,경기도 용인시 처인구 모현면 갈담리 619-1,2026-03-11
4146125322106190002,경기도 용인시 처인구 모현면 갈담리 619-2,2026-03-11
4146125322106200001,경기도 용인시 처인구 모현면 갈담리 620-1,2026-03-11
4146125322106540012,경기도 용인시 처인구 모현면 갈담리 654-12,2026-03-11
4146125322106540013,경기도 용인시 처인구 모현면 갈담리 654-13,2026-03-11
4146125322106540017,경기도 용인시 처인구 모현면 갈담리 654-17,2026-03-11
4146125322106540018,경기도 용인시 처인구 모현면 갈담리 654-18,2026-03-11
4146125322106540020,경기도 용인시 처인구 모현면 갈담리 654-20,2026-03-11
4146125322106540021,경기도 용인시 처인구 모현면 갈담리 654-21,2026-03-11
4146125322106540023,경기도 용인시 처인구 모현면 갈담리 654-23,2026-03-11
4146125322106540024,경기도 용인시 처인구 모현면 갈담리 654-24,2026-03-11
4146125322106550000,경기도 용인시 처인구 모현면 갈담리 655,2026-03-11
4146125322106560002,경기도 용인시 처인구 모현면 갈담리 656-2,2026-03-11
4146125322106560003,경기도 용인시 처인구 모현면 갈담리 656-3,2026-03-11
4146125322106450001,경기도 용인시 처인구 모현면 갈담리 645-1,2026-03-11
4146125322106450002,경기도 용인시 처인구 모현면 갈담리 645-2,2026-03-11
4146125322106450003,경기도 용인시 처인구 모현면 갈담리 645-3,2026-03-11
4146125322106450005,경기도 용인시 처인구 모현면 갈담리 645-5,2026-03-11
4146125322106450006,경기도 용인시 처인구 모현면 갈담리 645-6,2026-03-11
4146125322106450008,경기도 용인시 처인구 모현면 갈담리 645-8,2026-03-11
4146125322106450009,경기도 용인시 처인구 모현면 갈담리 645-9,2026-03-11
4146125322106470001,경기도 용인시 처인구 모현면 갈담리 647-1,2026-03-11
4146125322106470002,경기도 용인시 처인구 모현면 갈담리 647-2,2026-03-11
4146125322106470003,경기도 용인시 처인구 모현면 갈담리 647-3,2026-03-11
4146125322106470004,경기도 용인시 처인구 모현면 갈담리 647-4,2026-03-11
4146125322106480004,경기도 용인시 처인구 모현면 갈담리 648-4,2026-03-11
4146125322106480005,경기도 용인시 처인구 모현면 갈담리 648-5,2026-03-11
4146125322106480006,경기도 용인시 처인구 모현면 갈담리 648-6,2026-03-11
4146125323104580004,경기도 용인시 처인구 모현면 초부리 458-4,2026-03-11
4146110800107010027,경기도 용인시 처인구 운학동 701-27,2026-03-11
4146125028100510007,경기도 용인시 처인구 포곡읍 유운리 51-7,2026-03-11
4183025022104850007,경기도 양평군 양평읍 오빈리 485-7,2026-03-11
4146125322106440003,경기도 용인시 처인구 모현면 갈담리 644-3,2026-03-11
4146125021104100002,경기도 용인시 처인구 포곡읍 삼계리 410-2,2026-03-11
4146125021104110006,경기도 용인시 처인구 포곡읍 삼계리 411-6,2026-03-11
4146110800102020000,경기도 용인시 처인구 운학동 202,2026-03-11
4146110900101360001,경기도 용인시 처인구 호동 136-1,2026-03-11
4146110900100620001,경기도 용인시 처인구 호동 62-1,2026-03-11
4146125028100510008,경기도 용인시 처인구 포곡읍 유운리 51-8,2026-03-11
4146125028100530002,경기도 용인시 처인구 포곡읍 유운리 53-2,2026-03-11
4146125028100530001,경기도 용인시 처인구 포곡읍 유운리 53-1,2026-03-11
4146125028100510009,경기도 용인시 처인구 포곡읍 유운리 51-9,2026-03-11
4146125028100530000,경기도 용인시 처인구 포곡읍 유운리 53,2026-03-11
4146125028100510004,경기도 용인시 처인구 포곡읍 유운리 51-4,2026-03-11
4146125028100510005,경기도 용인시 처인구 포곡읍 유운리 51-5,2026-03-11
4146125028100510006,경기도 용인시 처인구 포곡읍 유운리 51-6,2026-03-11
4146110900102050006,경기도 용인시 처인구 호동 205-6,2026-03-11
4146110900102050001,경기도 용인시 처인구 호동 205-1,2026-03-11
4150032027105590004,경기도 이천시 백사면 도지리 559-4,2026-03-11
4150032027104160001,경기도 이천시 백사면 도지리 416-1,2026-03-11
4150032027105590002,경기도 이천시 백사면 도지리 559-2,2026-03-11
4161010300200010002,경기도 광주시 송정동 산1-2,2026-03-11
4161035027106710000,경기도 광주시 남종면 수청리 671,2026-03-11
4161035027106230000,경기도 광주시 남종면 수청리 623,2026-03-11
4161035027106270000,경기도 광주시 남종면 수청리 627,2026-03-11
4161010300200010010,경기도 광주시 송정동 산1-10,2026-03-11
4161034021102710004,경기도 광주시 퇴촌면 광동리 271-4,2026-03-11
4161035026105420000,경기도 광주시 남종면 검천리 542,2026-03-11
4161035026107580000,경기도 광주시 남종면 검천리 758,2026-03-11
4161034021102740005,경기도 광주시 퇴촌면 광동리 274-5,2026-03-11
4161034021102730002,경기도 광주시 퇴촌면 광동리 273-2,2026-03-11
4161034021102740006,경기도 광주시 퇴촌면 광동리 274-6,2026-03-11
4161034021102740007,경기도 광주시 퇴촌면 광동리 274-7,2026-03-11
4161035024102520003,경기도 광주시 남종면 삼성리 252-3,2026-03-11
4161034021102730000,경기도 광주시 퇴촌면 광동리 273,2026-03-11
4161034021102720002,경기도 광주시 퇴촌면 광동리 272-2,2026-03-11
4161034021102720001,경기도 광주시 퇴촌면 광동리 272-1,2026-03-11
4161034021102730003,경기도 광주시 퇴촌면 광동리 273-3,2026-03-11
4161034021102730001,경기도 광주시 퇴촌면 광동리 273-1,2026-03-11
4161034021102730004,경기도 광주시 퇴촌면 광동리 273-4,2026-03-11
4161034021102720000,경기도 광주시 퇴촌면 광동리 272,2026-03-11
4161034021102710001,경기도 광주시 퇴촌면 광동리 271-1,2026-03-11
4161034021102720003,경기도 광주시 퇴촌면 광동리 272-3,2026-03-11
4161034021102710005,경기도 광주시 퇴촌면 광동리 271-5,2026-03-11
4161034021102740002,경기도 광주시 퇴촌면 광동리 274-2,2026-03-11
4161034021102740008,경기도 광주시 퇴촌면 광동리 274-8,2026-03-11
4161034021102740001,경기도 광주시 퇴촌면 광동리 274-1,2026-03-11
4161034021102740003,경기도 광주시 퇴촌면 광동리 274-3,2026-03-11
4161034021102740000,경기도 광주시 퇴촌면 광동리 274,2026-03-11
4161034021102740004,경기도 광주시 퇴촌면 광동리 274-4,2026-03-11
4161034027102420006,경기도 광주시 퇴촌면 도마리 242-6,2026-03-11
4161035022100980004,경기도 광주시 남종면 금사리 98-4,2026-03-11
4161035022200010033,경기도 광주시 남종면 금사리 산1-33,2026-03-11
4161035022100980005,경기도 광주시 남종면 금사리 98-5,2026-03-11
4161035022100980007,경기도 광주시 남종면 금사리 98-7,2026-03-11
4161035026200950004,경기도 광주시 남종면 검천리 산95-4,2026-03-11
4161035026105500003,경기도 광주시 남종면 검천리 550-3,2026-03-11
4161035025101040000,경기도 광주시 남종면 귀여리 104,2026-03-11
4161035026200950005,경기도 광주시 남종면 검천리 산95-5,2026-03-11
4161035025107680000,경기도 광주시 남종면 귀여리 768,2026-03-11
4161035027200740000,경기도 광주시 남종면 수청리 산74,2026-03-11
4161035027200730000,경기도 광주시 남종면 수청리 산73,2026-03-11
4161034027102240000,경기도 광주시 퇴촌면 도마리 224,2026-03-11
4161034027102230001,경기도 광주시 퇴촌면 도마리 223-1,2026-03-11
4161034028100520003,경기도 광주시 퇴촌면 무수리 52-3,2026-03-11
4161035027104900000,경기도 광주시 남종면 수청리 490,2026-03-11
4161035027104820000,경기도 광주시 남종면 수청리 482,2026-03-11
4161035026200310005,경기도 광주시 남종면 검천리 산31-5,2026-03-11
4161035027106600000,경기도 광주시 남종면 수청리 660,2026-03-11
4161035027106640000,경기도 광주시 남종면 수청리 664,2026-03-11
4161035027106610000,경기도 광주시 남종면 수청리 661,2026-03-11
4161035027106620000,경기도 광주시 남종면 수청리 662,2026-03-11
4161035027106400000,경기도 광주시 남종면 수청리 640,2026-03-11
4161035027106300000,경기도 광주시 남종면 수청리 630,2026-03-11
4161035027106290000,경기도 광주시 남종면 수청리 629,2026-03-11
4161035027106250000,경기도 광주시 남종면 수청리 625,2026-03-11
4161035027106260000,경기도 광주시 남종면 수청리 626,2026-03-11
4161035027106280000,경기도 광주시 남종면 수청리 628,2026-03-11
4161035026105210000,경기도 광주시 남종면 검천리 521,2026-03-11
4161035022200010006,경기도 광주시 남종면 금사리 산1-6,2026-03-11
4161035027106220000,경기도 광주시 남종면 수청리 622,2026-03-11
4161037022200620000,경기도 광주시 남한산성면 엄미리 산62,2026-03-11
4161035026101770000,경기도 광주시 남종면 검천리 177,2026-03-11
4161035026101740000,경기도 광주시 남종면 검천리 174,2026-03-11
4161035026200030000,경기도 광주시 남종면 검천리 산3,2026-03-11
4161035026105200000,경기도 광주시 남종면 검천리 520,2026-03-11
4161035026101700000,경기도 광주시 남종면 검천리 170,2026-03-11
4161035026105700000,경기도 광주시 남종면 검천리 570,2026-03-11
4161035026105590002,경기도 광주시 남종면 검천리 559-2,2026-03-11
4161035026105610000,경기도 광주시 남종면 검천리 561,2026-03-11
4161035026200250002,경기도 광주시 남종면 검천리 산25-2,2026-03-11
4161035026105660000,경기도 광주시 남종면 검천리 566,2026-03-11
4161035026107170002,경기도 광주시 남종면 검천리 717-2,2026-03-11
4161035026107170003,경기도 광주시 남종면 검천리 717-3,2026-03-11
4161035026200040000,경기도 광주시 남종면 검천리 산4,2026-03-11
4161035026101530000,경기도 광주시 남종면 검천리 153,2026-03-11
4161035026103380009,경기도 광주시 남종면 검천리 338-9,2026-03-11
4161035026103340001,경기도 광주시 남종면 검천리 334-1,2026-03-11
4161035026105540000,경기도 광주시 남종면 검천리 554,2026-03-11
4161035026101680000,경기도 광주시 남종면 검천리 168,2026-03-11
4161035026101710000,경기도 광주시 남종면 검천리 171,2026-03-11
4161035027201130000,경기도 광주시 남종면 수청리 산113,2026-03-11
4161035026200050000,경기도 광주시 남종면 검천리 산5,2026-03-11
4161035027201610001,경기도 광주시 남종면 수청리 산161-1,2026-03-11
4161035026200280002,경기도 광주시 남종면 검천리 산28-2,2026-03-11
4161035026200730001,경기도 광주시 남종면 검천리 산73-1,2026-03-11
4161035026105670000,경기도 광주시 남종면 검천리 567,2026-03-11
4161035026101750000,경기도 광주시 남종면 검천리 175,2026-03-11
4161035026101780000,경기도 광주시 남종면 검천리 178,2026-03-11
4161035027109360000,경기도 광주시 남종면 수청리 936,2026-03-11
4161035027107260003,경기도 광주시 남종면 수청리 726-3,2026-03-11
4161035027107400000,경기도 광주시 남종면 수청리 740,2026-03-11
4161035027109530000,경기도 광주시 남종면 수청리 953,2026-03-11
4161035027109320000,경기도 광주시 남종면 수청리 932,2026-03-11
4161035027109330000,경기도 광주시 남종면 수청리 933,2026-03-11
4161035027109340000,경기도 광주시 남종면 수청리 934,2026-03-11
4161035027109380000,경기도 광주시 남종면 수청리 938,2026-03-11
4161035027200510000,경기도 광주시 남종면 수청리 산51,2026-03-11
4161035027109370000,경기도 광주시 남종면 수청리 937,2026-03-11
4161035027200590001,경기도 광주시 남종면 수청리 산59-1,2026-03-11
4161035027109300000,경기도 광주시 남종면 수청리 930,2026-03-11
4161035027109290000,경기도 광주시 남종면 수청리 929,2026-03-11
4161035026105000002,경기도 광주시 남종면 검천리 500-2,2026-03-11
4161035026105000001,경기도 광주시 남종면 검천리 500-1,2026-03-11
4161035026104990002,경기도 광주시 남종면 검천리 499-2,2026-03-11
4161035026104970000,경기도 광주시 남종면 검천리 497,2026-03-11
4161035025105320003,경기도 광주시 남종면 귀여리 532-3,2026-03-11
4161035027200460000,경기도 광주시 남종면 수청리 산46,2026-03-11
4161035027200580000,경기도 광주시 남종면 수청리 산58,2026-03-11
4161034027200340000,경기도 광주시 퇴촌면 도마리 산34,2026-03-11
4161035027200470000,경기도 광주시 남종면 수청리 산47,2026-03-11
4161035027200560000,경기도 광주시 남종면 수청리 산56,2026-03-11
4161034027103280000,경기도 광주시 퇴촌면 도마리 328,2026-03-11
4161035026104990003,경기도 광주시 남종면 검천리 499-3,2026-03-11
4161035026104980000,경기도 광주시 남종면 검천리 498,2026-03-11
4161035026104960000,경기도 광주시 남종면 검천리 496,2026-03-11
4161035026104930000,경기도 광주시 남종면 검천리 493,2026-03-11
4161035026104920000,경기도 광주시 남종면 검천리 492,2026-03-11
4161034027100670001,경기도 광주시 퇴촌면 도마리 67-1,2026-03-11
4161034027200330000,경기도 광주시 퇴촌면 도마리 산33,2026-03-11
4161034027200320000,경기도 광주시 퇴촌면 도마리 산32,2026-03-11
4161035027109550000,경기도 광주시 남종면 수청리 955,2026-03-11
4161035027106210000,경기도 광주시 남종면 수청리 621,2026-03-11
4161035027106190000,경기도 광주시 남종면 수청리 619,2026-03-11
4161035027106540000,경기도 광주시 남종면 수청리 654,2026-03-11
4161035027106410000,경기도 광주시 남종면 수청리 641,2026-03-11
4161034028200040014,경기도 광주시 퇴촌면 무수리 산4-14,2026-03-11
4161034028100420005,경기도 광주시 퇴촌면 무수리 42-5,2026-03-11
4161034028100500003,경기도 광주시 퇴촌면 무수리 50-3,2026-03-11
4161035025105160001,경기도 광주시 남종면 귀여리 516-1,2026-03-11
4161035025105200000,경기도 광주시 남종면 귀여리 520,2026-03-11
4161035025104460003,경기도 광주시 남종면 귀여리 446-3,2026-03-11
4161035025105180000,경기도 광주시 남종면 귀여리 518,2026-03-11
4161034028100420001,경기도 광주시 퇴촌면 무수리 42-1,2026-03-11
4161034028100420003,경기도 광주시 퇴촌면 무수리 42-3,2026-03-11
4161035025105160002,경기도 광주시 남종면 귀여리 516-2,2026-03-11
4161035027110230000,경기도 광주시 남종면 수청리 1023,2026-03-11
4161035025105150000,경기도 광주시 남종면 귀여리 515,2026-03-11
4161035025105140000,경기도 광주시 남종면 귀여리 514,2026-03-11
4161035025105130000,경기도 광주시 남종면 귀여리 513,2026-03-11
4161035025105120000,경기도 광주시 남종면 귀여리 512,2026-03-11
4161035026105350001,경기도 광주시 남종면 검천리 535-1,2026-03-11
4161035025105110000,경기도 광주시 남종면 귀여리 511,2026-03-11
4161035025105040000,경기도 광주시 남종면 귀여리 504,2026-03-11
4161035026105400004,경기도 광주시 남종면 검천리 540-4,2026-03-11
4161035026105340000,경기도 광주시 남종면 검천리 534,2026-03-11
4161035026105130003,경기도 광주시 남종면 검천리 513-3,2026-03-11
4161035026105320000,경기도 광주시 남종면 검천리 532,2026-03-11
4161035026105330000,경기도 광주시 남종면 검천리 533,2026-03-11
4161035026105300001,경기도 광주시 남종면 검천리 530-1,2026-03-11
4161035026108960002,경기도 광주시 남종면 검천리 896-2,2026-03-11
4161035022101820000,경기도 광주시 남종면 금사리 182,2026-03-11
4161035025104250002,경기도 광주시 남종면 귀여리 425-2,2026-03-11
4161034029200010000,경기도 광주시 퇴촌면 원당리 산1,2026-03-11
4136025625200500015,남양주시 화도읍 금남리 산50-15,2026-03-11
4161035025104380000,경기도 광주시 남종면 귀여리 438,2026-03-11
4161034028200040012,경기도 광주시 퇴촌면 무수리 산4-12,2026-03-11
4161034028100540000,경기도 광주시 퇴촌면 무수리 54,2026-03-11
4161034028100490000,경기도 광주시 퇴촌면 무수리 49,2026-03-11
4161034027102040001,경기도 광주시 퇴촌면 도마리 204-1,2026-03-11
4161034028100390001,경기도 광주시 퇴촌면 무수리 39-1,2026-03-11
4161034028100370000,경기도 광주시 퇴촌면 무수리 37,2026-03-11
4161034030200300000,경기도 광주시 퇴촌면 정지리 산30,2026-03-11
4161034030200310000,경기도 광주시 퇴촌면 정지리 산31,2026-03-11
4161034028100350000,경기도 광주시 퇴촌면 무수리 35,2026-03-11
4161034028100640000,경기도 광주시 퇴촌면 무수리 64,2026-03-11
4161035026100580001,경기도 광주시 남종면 검천리 58-1,2026-03-11
4161034028100630000,경기도 광주시 퇴촌면 무수리 63,2026-03-11
4161034028100650000,경기도 광주시 퇴촌면 무수리 65,2026-03-11
4161034028100460000,경기도 광주시 퇴촌면 무수리 46,2026-03-11
4161034028100500002,경기도 광주시 퇴촌면 무수리 50-2,2026-03-11
4161035025105190000,경기도 광주시 남종면 귀여리 519,2026-03-11
4161035026105270001,경기도 광주시 남종면 검천리 527-1,2026-03-11
4161035026105110003,경기도 광주시 남종면 검천리 511-3,2026-03-11
4161035026105110002,경기도 광주시 남종면 검천리 511-2,2026-03-11
4161035026105110004,경기도 광주시 남종면 검천리 511-4,2026-03-11
4161035026201010000,경기도 광주시 남종면 검천리 산101,2026-03-11
4161035026105270002,경기도 광주시 남종면 검천리 527-2,2026-03-11
4161035027200720000,경기도 광주시 남종면 수청리 산72,2026-03-11
4161035026107560001,경기도 광주시 남종면 검천리 756-1,2026-03-11
4161035026107570001,경기도 광주시 남종면 검천리 757-1,2026-03-11
4161035026105550000,경기도 광주시 남종면 검천리 555,2026-03-11
4161035026107550000,경기도 광주시 남종면 검천리 755,2026-03-11
4161035026107190000,경기도 광주시 남종면 검천리 719,2026-03-11
4161035026105220000,경기도 광주시 남종면 검천리 522,2026-03-11
4161035026108950000,경기도 광주시 남종면 검천리 895,2026-03-11
4161035026108830000,경기도 광주시 남종면 검천리 883,2026-03-11
4161035026105600000,경기도 광주시 남종면 검천리 560,2026-03-11
4161035026105180001,경기도 광주시 남종면 검천리 518-1,2026-03-11
4161035026105590001,경기도 광주시 남종면 검천리 559-1,2026-03-11
4167035022102760060,경기도 여주시 대신면 당산리 276-60,2026-03-11
4161035026105570000,경기도 광주시 남종면 검천리 557,2026-03-11
4161035026200670000,경기도 광주시 남종면 검천리 산67,2026-03-11
4161035026105580000,경기도 광주시 남종면 검천리 558,2026-03-11
4161035026200010004,경기도 광주시 남종면 검천리 산1-4,2026-03-11
4161035026105190000,경기도 광주시 남종면 검천리 519,2026-03-11
4161037022200610000,경기도 광주시 남한산성면 엄미리 산61,2026-03-11
4161034027200010001,경기도 광주시 퇴촌면 도마리 산1-1,2026-03-11
4161034027101870000,경기도 광주시 퇴촌면 도마리 187,2026-03-11
4136025625106300021,남양주시 화도읍 금남리 630-21,2026-03-11
4161034027102710000,경기도 광주시 퇴촌면 도마리 271,2026-03-11
4161035025105320001,경기도 광주시 남종면 귀여리 532-1,2026-03-11
4167033030100410001,경기도 여주시 금사면 금사리 41-1,2026-03-11
4167033031102380008,경기도 여주시 금사면 외평리 238-8,2026-03-11
4167033031102380007,경기도 여주시 금사면 외평리 238-7,2026-03-11
4167033031102380005,경기도 여주시 금사면 외평리 238-5,2026-03-11
4167033031102380000,경기도 여주시 금사면 외평리 238,2026-03-11
4167034023104590002,경기도 여주시 능서면 왕대리 459-2,2026-03-11
4167034024103800000,경기도 여주시 능서면 백석리 380,2026-03-11
4167034024103800002,경기도 여주시 능서면 백석리 380-2,2026-03-11
4167034024103800001,경기도 여주시 능서면 백석리 380-1,2026-03-11
4167032030101730004,경기도 여주시 흥천면 귀백리 173-4,2026-03-11
4167035022101100071,경기도 여주시 대신면 당산리 110-71,2026-03-11
4167035022101630017,경기도 여주시 대신면 당산리 163-17,2026-03-11
4167035022102760020,경기도 여주시 대신면 당산리 276-20,2026-03-11
4167035022101110007,경기도 여주시 대신면 당산리 111-7,2026-03-11
4167035022101100026,경기도 여주시 대신면 당산리 110-26,2026-03-11
4167035022101370000,경기도 여주시 대신면 당산리 137,2026-03-11
4167035022101100070,경기도 여주시 대신면 당산리 110-70,2026-03-11
4167035022101110002,경기도 여주시 대신면 당산리 111-2,2026-03-11
4167035022101100072,경기도 여주시 대신면 당산리 110-72,2026-03-11
4167035022101110004,경기도 여주시 대신면 당산리 111-4,2026-03-11
4167035022101100077,경기도 여주시 대신면 당산리 110-77,2026-03-11
4167035022101100069,경기도 여주시 대신면 당산리 110-69,2026-03-11
4167035022102760019,경기도 여주시 대신면 당산리 276-19,2026-03-11
4167035022102760035,경기도 여주시 대신면 당산리 276-35,2026-03-11
4167035022102760010,경기도 여주시 대신면 당산리 276-10,2026-03-11
4167035022101110003,경기도 여주시 대신면 당산리 111-3,2026-03-11
4167035022101600003,경기도 여주시 대신면 당산리 160-3,2026-03-11
4167035022101600006,경기도 여주시 대신면 당산리 160-6,2026-03-11
4167035022101600004,경기도 여주시 대신면 당산리 160-4,2026-03-11
4167035022101600005,경기도 여주시 대신면 당산리 160-5,2026-03-11
4167035022102780056,경기도 여주시 대신면 당산리 278-56,2026-03-11
4167035022101100041,경기도 여주시 대신면 당산리 110-41,2026-03-11
4167035022102780055,경기도 여주시 대신면 당산리 278-55,2026-03-11
4167035038100760001,경기도 여주시 대신면 초현리 76-1,2026-03-11
4167035034105460000,경기도 여주시 대신면 천서리 546,2026-03-11
4167035034105470001,경기도 여주시 대신면 천서리 547-1,2026-03-11
4167035034104860003,경기도 여주시 대신면 천서리 486-3,2026-03-11
4167035034104860004,경기도 여주시 대신면 천서리 486-4,2026-03-11
4167035034104870002,경기도 여주시 대신면 천서리 487-2,2026-03-11
4167035035102920006,경기도 여주시 대신면 당남리 292-6,2026-03-11
4167035035102930002,경기도 여주시 대신면 당남리 293-2,2026-03-11
4167035035102940003,경기도 여주시 대신면 당남리 294-3,2026-03-11
4167035035102940005,경기도 여주시 대신면 당남리 294-5,2026-03-11
4167035034106990000,경기도 여주시 대신면 천서리 699,2026-03-11
4167035034106940003,경기도 여주시 대신면 천서리 694-3,2026-03-11
4167035034106940001,경기도 여주시 대신면 천서리 694-1,2026-03-11
4167035035102950008,경기도 여주시 대신면 당남리 295-8,2026-03-11
4167035035102920002,경기도 여주시 대신면 당남리 292-2,2026-03-11
4167035035102920008,경기도 여주시 대신면 당남리 292-8,2026-03-11
4167035035102940006,경기도 여주시 대신면 당남리 294-6,2026-03-11
4182032527102770015,경기도 가평군 청평면 삼회리 277-15,2026-03-11
4167035035102940032,경기도 여주시 대신면 당남리 294-32,2026-03-11
4167035034104870001,경기도 여주시 대신면 천서리 487-1,2026-03-11
4167035034200150000,경기도 여주시 대신면 천서리 산15,2026-03-11
4167032029200010000,경기도 여주시 흥천면 상백리 산1,2026-03-11
4167031032200080000,경기도 여주시 점동면 삼합리 산8,2026-03-11
4182032527200380010,경기도 가평군 청평면 삼회리 산38-10,2026-03-11
4182032527103280003,경기도 가평군 청평면 삼회리 328-3,2026-03-11
4182032527103290011,경기도 가평군 청평면 삼회리 329-11,2026-03-11
4182032527101080005,경기도 가평군 청평면 삼회리 108-5,2026-03-11
4182032527101010011,경기도 가평군 청평면 삼회리 101-11,2026-03-11
4182032527101010022,경기도 가평군 청평면 삼회리 101-22,2026-03-11
4182032527102770002,경기도 가평군 청평면 삼회리 277-2,2026-03-11
4182032527101170001,경기도 가평군 청평면 삼회리 117-1,2026-03-11
4182032527101180008,경기도 가평군 청평면 삼회리 118-8,2026-03-11
4182032527102740001,경기도 가평군 청평면 삼회리 274-1,2026-03-11
4182032527100430004,경기도 가평군 청평면 삼회리 43-4,2026-03-11
4182032527101230001,경기도 가평군 청평면 삼회리 123-1,2026-03-11
4182032527101050004,경기도 가평군 청평면 삼회리 105-4,2026-03-11
4182032527102770016,경기도 가평군 청평면 삼회리 277-16,2026-03-11
4182032527103010003,경기도 가평군 청평면 삼회리 301-3,2026-03-11
4182032527103010002,경기도 가평군 청평면 삼회리 301-2,2026-03-11
4182032527103010001,경기도 가평군 청평면 삼회리 301-1,2026-03-11
4182032527103270000,경기도 가평군 청평면 삼회리 327,2026-03-11
4182032527100430008,경기도 가평군 청평면 삼회리 43-8,2026-03-11
4182032527104790012,경기도 가평군 청평면 삼회리 479-12,2026-03-11
4182032527101810001,경기도 가평군 청평면 삼회리 181-1,2026-03-11
4182032527101780003,경기도 가평군 청평면 삼회리 178-3,2026-03-11
4182032527101890044,경기도 가평군 청평면 삼회리 189-44,2026-03-11
4182032527101790001,경기도 가평군 청평면 삼회리 179-1,2026-03-11
4182032527101810010,경기도 가평군 청평면 삼회리 181-10,2026-03-11
4182032527101050007,경기도 가평군 청평면 삼회리 105-7,2026-03-11
4182032527101970002,경기도 가평군 청평면 삼회리 197-2,2026-03-11
4182032527106000019,경기도 가평군 청평면 삼회리 600-19,2026-03-11
4182032527106000017,경기도 가평군 청평면 삼회리 600-17,2026-03-11
4182032527101770001,경기도 가평군 청평면 삼회리 177-1,2026-03-11
4182032527101970008,경기도 가평군 청평면 삼회리 197-8,2026-03-11
4182032527101970009,경기도 가평군 청평면 삼회리 197-9,2026-03-11
4182032527101080012,경기도 가평군 청평면 삼회리 108-12,2026-03-11
4182032527101080002,경기도 가평군 청평면 삼회리 108-2,2026-03-11
4182032527101020010,경기도 가평군 청평면 삼회리 102-10,2026-03-11
4182032527101770002,경기도 가평군 청평면 삼회리 177-2,2026-03-11
4182032527101780006,경기도 가평군 청평면 삼회리 178-6,2026-03-11
4182032527101890004,경기도 가평군 청평면 삼회리 189-4,2026-03-11
4182032527101890046,경기도 가평군 청평면 삼회리 189-46,2026-03-11
4182032527101970006,경기도 가평군 청평면 삼회리 197-6,2026-03-11
4182032527101970001,경기도 가평군 청평면 삼회리 197-1,2026-03-11
4182032527103310001,경기도 가평군 청평면 삼회리 331-1,2026-03-11
4182032527102910000,경기도 가평군 청평면 삼회리 291,2026-03-11
4182032527102910001,경기도 가평군 청평면 삼회리 291-1,2026-03-11
4182032527101050008,경기도 가평군 청평면 삼회리 105-8,2026-03-11
4182032527101890047,경기도 가평군 청평면 삼회리 189-47,2026-03-11
4182032527101970007,경기도 가평군 청평면 삼회리 197-7,2026-03-11
4182032527104740006,경기도 가평군 청평면 삼회리 474-6,2026-03-11
4182032527102740023,경기도 가평군 청평면 삼회리 274-23,2026-03-11
4182032527104790022,경기도 가평군 청평면 삼회리 479-22,2026-03-11
4182032527106170004,경기도 가평군 청평면 삼회리 617-4,2026-03-11
4182032527101010017,경기도 가평군 청평면 삼회리 101-17,2026-03-11
4182032527101300005,경기도 가평군 청평면 삼회리 130-5,2026-03-11
4182032527101010023,경기도 가평군 청평면 삼회리 101-23,2026-03-11
4182032527102770006,경기도 가평군 청평면 삼회리 277-6,2026-03-11
4182032527102740009,경기도 가평군 청평면 삼회리 274-9,2026-03-11
4182032527102710001,경기도 가평군 청평면 삼회리 271-1,2026-03-11
4182032527102710014,경기도 가평군 청평면 삼회리 271-14,2026-03-11
4182032527101180001,경기도 가평군 청평면 삼회리 118-1,2026-03-11
4182032527102790001,경기도 가평군 청평면 삼회리 279-1,2026-03-11
4182032527102770018,경기도 가평군 청평면 삼회리 277-18,2026-03-11
4182032527101890041,경기도 가평군 청평면 삼회리 189-41,2026-03-11
4182032527106180002,경기도 가평군 청평면 삼회리 618-2,2026-03-11
4182032527100430005,경기도 가평군 청평면 삼회리 43-5,2026-03-11
4182032527104790025,경기도 가평군 청평면 삼회리 479-25,2026-03-11
4182032526105780015,경기도 가평군 청평면 고성리 578-15,2026-03-11
4182032527103140001,경기도 가평군 청평면 삼회리 314-1,2026-03-11
4182032527103180000,경기도 가평군 청평면 삼회리 318,2026-03-11
4182032527103140000,경기도 가평군 청평면 삼회리 314,2026-03-11
4182032527103140002,경기도 가평군 청평면 삼회리 314-2,2026-03-11
4182032527103140003,경기도 가평군 청평면 삼회리 314-3,2026-03-11
4183025022101500071,경기도 양평군 양평읍 오빈리 150-71,2026-03-11
4183033022102090013,경기도 양평군 양서면 용담리 209-13,2026-03-11
4183033022101960005,경기도 양평군 양서면 용담리 196-5,2026-03-11
4183033021105190014,경기도 양평군 양서면 양수리 519-14,2026-03-11
4183033022101960003,경기도 양평군 양서면 용담리 196-3,2026-03-11
4183033021105250000,경기도 양평군 양서면 양수리 525,2026-03-11
4183033021105230003,경기도 양평군 양서면 양수리 523-3,2026-03-11
4183033021105220003,경기도 양평군 양서면 양수리 522-3,2026-03-11
4183032021103500002,경기도 양평군 강하면 운심리 350-2,2026-03-11
4183032021103520002,경기도 양평군 강하면 운심리 352-2,2026-03-11
4183032021103550002,경기도 양평군 강하면 운심리 355-2,2026-03-11
4183032021103360000,경기도 양평군 강하면 운심리 336,2026-03-11
4183035028102310000,경기도 양평군 서종면 수입리 231,2026-03-11
4183035028200020032,경기도 양평군 서종면 수입리 산2-32,2026-03-11
4183033021105920000,경기도 양평군 양서면 양수리 592,2026-03-11
4183033021105170004,경기도 양평군 양서면 양수리 517-4,2026-03-11
4183034024104280000,경기도 양평군 옥천면 아신리 428,2026-03-11
4183034024104280003,경기도 양평군 옥천면 아신리 428-3,2026-03-11
4183034024104280001,경기도 양평군 옥천면 아신리 428-1,2026-03-11
4183034024104280002,경기도 양평군 옥천면 아신리 428-2,2026-03-11
4183034024104260001,경기도 양평군 옥천면 아신리 426-1,2026-03-11
4183034024104220006,경기도 양평군 옥천면 아신리 422-6,2026-03-11
4183034024104230004,경기도 양평군 옥천면 아신리 423-4,2026-03-11
4183034024104210008,경기도 양평군 옥천면 아신리 421-8,2026-03-11
4183035021200510001,경기도 양평군 서종면 문호리 산51-1,2026-03-11
4183034024104230002,경기도 양평군 옥천면 아신리 423-2,2026-03-11
4183034024104220018,경기도 양평군 옥천면 아신리 422-18,2026-03-11
4183034024104230003,경기도 양평군 옥천면 아신리 423-3,2026-03-11
4183033021107400001,경기도 양평군 양서면 양수리 740-1,2026-03-11
4183031021100750004,경기도 양평군 강상면 병산리 75-4,2026-03-11
4183032026110270003,경기도 양평군 강하면 전수리 1027-3,2026-03-11
4183032026104950009,경기도 양평군 강하면 전수리 495-9,2026-03-11
4183032026104950024,경기도 양평군 강하면 전수리 495-24,2026-03-11
4183032026104950012,경기도 양평군 강하면 전수리 495-12,2026-03-11
4183032026110270015,경기도 양평군 강하면 전수리 1027-15,2026-03-11
4183033027100100000,경기도 양평군 양서면 대심리 10,2026-03-11
4183033027100080006,경기도 양평군 양서면 대심리 8-6,2026-03-11
4183033027100100017,경기도 양평군 양서면 대심리 10-17,2026-03-11
4183033027100100016,경기도 양평군 양서면 대심리 10-16,2026-03-11
4183033027100100020,경기도 양평군 양서면 대심리 10-20,2026-03-11
4183032021200360002,경기도 양평군 강하면 운심리 산36-2,2026-03-11
4183031021200020007,경기도 양평군 강상면 병산리 산2-7,2026-03-11
4183031021200020006,경기도 양평군 강상면 병산리 산2-6,2026-03-11
4183031021107560001,경기도 양평군 강상면 병산리 756-1,2026-03-11
4183031021200020008,경기도 양평군 강상면 병산리 산2-8,2026-03-11
4183031021200020012,경기도 양평군 강상면 병산리 산2-12,2026-03-11
4183031021100750038,경기도 양평군 강상면 병산리 75-38,2026-03-11
4183031021200020010,경기도 양평군 강상면 병산리 산2-10,2026-03-11
4183031021100750032,경기도 양평군 강상면 병산리 75-32,2026-03-11
4183031021100750019,경기도 양평군 강상면 병산리 75-19,2026-03-11
4183025022101500073,경기도 양평군 양평읍 오빈리 150-73,2026-03-11
4183025022101740004,경기도 양평군 양평읍 오빈리 174-4,2026-03-11
4183031023103950004,경기도 양평군 강상면 교평리 395-4,2026-03-11
4183025022104840001,경기도 양평군 양평읍 오빈리 484-1,2026-03-11
4183031023103740016,경기도 양평군 강상면 교평리 374-16,2026-03-11
4183025022101500052,경기도 양평군 양평읍 오빈리 150-52,2026-03-11
4183031023103760001,경기도 양평군 강상면 교평리 376-1,2026-03-11
4183025022104850006,경기도 양평군 양평읍 오빈리 485-6,2026-03-11
4183031021100750029,경기도 양평군 강상면 병산리 75-29,2026-03-11
4183031021100750030,경기도 양평군 강상면 병산리 75-30,2026-03-11
4183031021100750009,경기도 양평군 강상면 병산리 75-9,2026-03-11
4183031021110590000,경기도 양평군 강상면 병산리 1059,2026-03-11
4183031021200020011,경기도 양평군 강상면 병산리 산2-11,2026-03-11
4183031021200020005,경기도 양평군 강상면 병산리 산2-5,2026-03-11
4183031021100750011,경기도 양평군 강상면 병산리 75-11,2026-03-11
4183031021100750031,경기도 양평군 강상면 병산리 75-31,2026-03-11
4183031021100750033,경기도 양평군 강상면 병산리 75-33,2026-03-11
4183031021100750005,경기도 양평군 강상면 병산리 75-5,2026-03-11
4183031021100750007,경기도 양평군 강상면 병산리 75-7,2026-03-11
4183031021110580004,경기도 양평군 강상면 병산리 1058-4,2026-03-11
4183031021100750003,경기도 양평군 강상면 병산리 75-3,2026-03-11
4183031021100750034,경기도 양평군 강상면 병산리 75-34,2026-03-11
4183031021200020009,경기도 양평군 강상면 병산리 산2-9,2026-03-11
4183031021100750006,경기도 양평군 강상면 병산리 75-6,2026-03-11
4183031021100750035,경기도 양평군 강상면 병산리 75-35,2026-03-11
4183031021100750028,경기도 양평군 강상면 병산리 75-28,2026-03-11
4183031021110590002,경기도 양평군 강상면 병산리 1059-2,2026-03-11
4183031021110590007,경기도 양평군 강상면 병산리 1059-7,2026-03-11
4183031021110590006,경기도 양평군 강상면 병산리 1059-6,2026-03-11
4183031021100750008,경기도 양평군 강상면 병산리 75-8,2026-03-11
4183031021100750010,경기도 양평군 강상면 병산리 75-10,2026-03-11
4183025022104880000,경기도 양평군 양평읍 오빈리 488,2026-03-11
4183031023103750002,경기도 양평군 강상면 교평리 375-2,2026-03-11
4183025022104840004,경기도 양평군 양평읍 오빈리 484-4,2026-03-11
4183032021102660002,경기도 양평군 강하면 운심리 266-2,2026-03-11
4183033027200030033,경기도 양평군 양서면 대심리 산3-33,2026-03-11
4183033027200030032,경기도 양평군 양서면 대심리 산3-32,2026-03-11
4183035028200020017,경기도 양평군 서종면 수입리 산2-17,2026-03-11
4183033022102090009,경기도 양평군 양서면 용담리 209-9,2026-03-11
4183031023103740009,경기도 양평군 강상면 교평리 374-9,2026-03-11
4183025022104370006,경기도 양평군 양평읍 오빈리 437-6,2026-03-11
4183041024200040000,경기도 양평군 개군면 석장리 산4,2026-03-11
4183031023103740010,경기도 양평군 강상면 교평리 374-10,2026-03-11
4183031023103740012,경기도 양평군 강상면 교평리 374-12,2026-03-11
4183025022104850004,경기도 양평군 양평읍 오빈리 485-4,2026-03-11
4183025022104870004,경기도 양평군 양평읍 오빈리 487-4,2026-03-11
4183025021105690002,경기도 양평군 양평읍 양근리 569-2,2026-03-11
4183025022104850005,경기도 양평군 양평읍 오빈리 485-5,2026-03-11
4183025022104900001,경기도 양평군 양평읍 오빈리 490-1,2026-03-11
4183025021105740005,경기도 양평군 양평읍 양근리 574-5,2026-03-11
4183031023103780002,경기도 양평군 강상면 교평리 378-2,2026-03-11
4183031023103840005,경기도 양평군 강상면 교평리 384-5,2026-03-11
4183031023103840001,경기도 양평군 강상면 교평리 384-1,2026-03-11
4183041022200070000,경기도 양평군 개군면 구미리 산7,2026-03-11
4183031023103940005,경기도 양평군 강상면 교평리 394-5,2026-03-11
4183031023103950003,경기도 양평군 강상면 교평리 395-3,2026-03-11
4183031023103950001,경기도 양평군 강상면 교평리 395-1,2026-03-11
4183031023103750001,경기도 양평군 강상면 교평리 375-1,2026-03-11
4183031023103760003,경기도 양평군 강상면 교평리 376-3,2026-03-11
4183031023103770001,경기도 양평군 강상면 교평리 377-1,2026-03-11
4183031023103780001,경기도 양평군 강상면 교평리 378-1,2026-03-11
4183031023103880001,경기도 양평군 강상면 교평리 388-1,2026-03-11
4183031023102100001,경기도 양평군 강상면 교평리 210-1,2026-03-11
4183032021103420000,경기도 양평군 강하면 운심리 342,2026-03-11
4183032021102650000,경기도 양평군 강하면 운심리 265,2026-03-11
4183032021102100002,경기도 양평군 강하면 운심리 210-2,2026-03-11
4183025022104840003,경기도 양평군 양평읍 오빈리 484-3,2026-03-11
4183025022101500020,경기도 양평군 양평읍 오빈리 150-20,2026-03-11
4183033022101970010,경기도 양평군 양서면 용담리 197-10,2026-03-11
4183041022200080000,경기도 양평군 개군면 구미리 산8,2026-03-11
4183025022101740005,경기도 양평군 양평읍 오빈리 174-5,2026-03-11
4183025022101500038,경기도 양평군 양평읍 오빈리 150-38,2026-03-11
4183031023103780003,경기도 양평군 강상면 교평리 378-3,2026-03-11
4183031023103940001,경기도 양평군 강상면 교평리 394-1,2026-03-11
4183031023103740013,경기도 양평군 강상면 교평리 374-13,2026-03-11
4183025022101500039,경기도 양평군 양평읍 오빈리 150-39,2026-03-11
4183031023103790002,경기도 양평군 강상면 교평리 379-2,2026-03-11
4183031023103790006,경기도 양평군 강상면 교평리 379-6,2026-03-11
4183031023103760002,경기도 양평군 강상면 교평리 376-2,2026-03-11
4183041024104670004,경기도 양평군 개군면 석장리 467-4,2026-03-11
4183033021105590019,경기도 양평군 양서면 양수리 559-19,2026-03-11
4183033021105830003,경기도 양평군 양서면 양수리 583-3,2026-03-11
4183033021105510017,경기도 양평군 양서면 양수리 551-17,2026-03-11
4183033021105240000,경기도 양평군 양서면 양수리 524,2026-03-11
4183035021107200004,경기도 양평군 서종면 문호리 720-4,2026-03-11
4183033021105150000,경기도 양평군 양서면 양수리 515,2026-03-11
4183033021105230001,경기도 양평군 양서면 양수리 523-1,2026-03-11
4183033021105510004,경기도 양평군 양서면 양수리 551-4,2026-03-11
4183033021105220008,경기도 양평군 양서면 양수리 522-8,2026-03-11
4183033021105790013,경기도 양평군 양서면 양수리 579-13,2026-03-11
4183033021105270000,경기도 양평군 양서면 양수리 527,2026-03-11
4183033021105310018,경기도 양평군 양서면 양수리 531-18,2026-03-11
4146110800104870004,경기도 용인시 처인구 운학동 487-4,2026-03-11
4183033021105520005,경기도 양평군 양서면 양수리 552-5,2026-03-11
4183033021105280003,경기도 양평군 양서면 양수리 528-3,2026-03-11
4183033021105130004,경기도 양평군 양서면 양수리 513-4,2026-03-11
4183033021105190009,경기도 양평군 양서면 양수리 519-9,2026-03-11
4183033021105890000,경기도 양평군 양서면 양수리 589,2026-03-11
4183035021105970001,경기도 양평군 서종면 문호리 597-1,2026-03-11
4183032021103470002,경기도 양평군 강하면 운심리 347-2,2026-03-11
4183033021105520006,경기도 양평군 양서면 양수리 552-6,2026-03-11
4313038524105240000,충청북도 충주시 중앙탑면 장천리 524,2026-03-11
4183032021103530002,경기도 양평군 강하면 운심리 353-2,2026-03-11
4183033022102100003,경기도 양평군 양서면 용담리 210-3,2026-03-11
4183033022101970003,경기도 양평군 양서면 용담리 197-3,2026-03-11
4183033021105990001,경기도 양평군 양서면 양수리 599-1,2026-03-11
4183033021105580006,경기도 양평군 양서면 양수리 558-6,2026-03-11
4183033021105260000,경기도 양평군 양서면 양수리 526,2026-03-11
4183035021107200005,경기도 양평군 서종면 문호리 720-5,2026-03-11
4183035021107200011,경기도 양평군 서종면 문호리 720-11,2026-03-11
4183025022104360002,경기도 양평군 양평읍 오빈리 436-2,2026-03-11
4183033022200060001,경기도 양평군 양서면 용담리 산6-1,2026-03-11
4211040028106850003,강원도 춘천시 남산면 서천리 685-3,2026-03-11
4211040028106850002,강원도 춘천시 남산면 서천리 685-2,2026-03-11
4211040028106850001,강원도 춘천시 남산면 서천리 685-1,2026-03-11
4211040028106850016,강원도 춘천시 남산면 서천리 685-16,2026-03-11
4211040027201840003,강원도 춘천시 남산면 강촌리 산184-3,2026-03-11
4211040028106850015,강원도 춘천시 남산면 서천리 685-15,2026-03-11
4211040028106850014,강원도 춘천시 남산면 서천리 685-14,2026-03-11
4211040028106850013,강원도 춘천시 남산면 서천리 685-13,2026-03-11
4211040028106850012,강원도 춘천시 남산면 서천리 685-12,2026-03-11
4211040028200060003,강원도 춘천시 남산면 서천리 산6-3,2026-03-11
4213035026114430003,강원도 원주시 부론면 단강리 1443-3,2026-03-11
4213035026114430005,강원도 원주시 부론면 단강리 1443-5,2026-03-11
4213035026114430010,강원도 원주시 부론면 단강리 1443-10,2026-03-11
4213035026114430000,강원도 원주시 부론면 단강리 1443,2026-03-11
4213035026114430006,강원도 원주시 부론면 단강리 1443-6,2026-03-11
4313038524103330002,충청북도 충주시 중앙탑면 장천리 333-2,2026-03-11
4313038524103470002,충청북도 충주시 중앙탑면 장천리 347-2,2026-03-11
4313038524111310013,충청북도 충주시 중앙탑면 장천리 1131-13,2026-03-11
4313038524104800000,충청북도 충주시 중앙탑면 장천리 480,2026-03-11
4313038524103460000,충청북도 충주시 중앙탑면 장천리 346,2026-03-11
4313038524111310012,충청북도 충주시 중앙탑면 장천리 1131-12,2026-03-11
4313038524100100000,충청북도 충주시 중앙탑면 장천리 10,2026-03-11
4313043028105830004,충청북도 충주시 소태면 양촌리 583-4,2026-03-11
4313043028105830001,충청북도 충주시 소태면 양촌리 583-1,2026-03-11
4313038524103470000,충청북도 충주시 중앙탑면 장천리 347,2026-03-11
4313038524103330000,충청북도 충주시 중앙탑면 장천리 333,2026-03-11
4313037035102190001,충청북도 충주시 앙성면 조천리 219-1,2026-03-11
4313038524105190000,충청북도 충주시 중앙탑면 장천리 519,2026-03-11
4313038524105190001,충청북도 충주시 중앙탑면 장천리 519-1,2026-03-11
4313038524105190002,충청북도 충주시 중앙탑면 장천리 519-2,2026-03-11
4313038524105190003,충청북도 충주시 중앙탑면 장천리 519-3,2026-03-11
4313038524104810000,충청북도 충주시 중앙탑면 장천리 481,2026-03-11
4313038524104820000,충청북도 충주시 중앙탑면 장천리 482,2026-03-11
4313038524104830000,충청북도 충주시 중앙탑면 장천리 483,2026-03-11
4313038524104840000,충청북도 충주시 중앙탑면 장천리 484,2026-03-11
4313038524104850000,충청북도 충주시 중앙탑면 장천리 485,2026-03-11
4313038524104930000,충청북도 충주시 중앙탑면 장천리 493,2026-03-11
4136025625100810002,경기도 남양주시 화도읍 금남리 81-2,2026-03-11
4136025625100040002,경기도 남양주시 화도읍 금남리 4-2,2026-03-11
4136025625101370007,경기도 남양주시 화도읍 금남리 137-7,2026-03-11
4136025624101980000,경기도 남양주시 화도읍 구암리 198,2026-03-11
4136025624101980002,경기도 남양주시 화도읍 구암리 198-2,2026-03-11
4136025625104170002,경기도 남양주시 화도읍 금남리 417-2,2026-03-11
4136025625105410000,경기도 남양주시 화도읍 금남리 541,2026-03-11
4136025625104090006,경기도 남양주시 화도읍 금남리 409-6,2026-03-11
4136025625102150000,경기도 남양주시 화도읍 금남리 215,2026-03-11
4136025625104290005,경기도 남양주시 화도읍 금남리 429-5,2026-03-11
4136025625105710018,경기도 남양주시 화도읍 금남리 571-18,2026-03-11
4136025625104280001,경기도 남양주시 화도읍 금남리 428-1,2026-03-11
4136025625104280004,경기도 남양주시 화도읍 금남리 428-4,2026-03-11
4136025625101550020,경기도 남양주시 화도읍 금남리 155-20,2026-03-11
4136025625101550013,경기도 남양주시 화도읍 금남리 155-13,2026-03-11
4136025625101550021,경기도 남양주시 화도읍 금남리 155-21,2026-03-11
4136025625101550027,경기도 남양주시 화도읍 금남리 155-27,2026-03-11
4136025625104170012,경기도 남양주시 화도읍 금남리 417-12,2026-03-11
4136025625100800004,경기도 남양주시 화도읍 금남리 80-4,2026-03-11
4136025625100800001,경기도 남양주시 화도읍 금남리 80-1,2026-03-11
4136025624100120002,경기도 남양주시 화도읍 구암리 12-2,2026-03-11
4136025625105620040,경기도 남양주시 화도읍 금남리 562-40,2026-03-11
4136025625100030006,경기도 남양주시 화도읍 금남리 3-6,2026-03-11
4136025624100130002,경기도 남양주시 화도읍 구암리 13-2,2026-03-11
4136025624104240001,경기도 남양주시 화도읍 구암리 424-1,2026-03-11
4136025624100980008,경기도 남양주시 화도읍 구암리 98-8,2026-03-11
4136025625101110007,경기도 남양주시 화도읍 금남리 111-7,2026-03-11
4136025625101090003,경기도 남양주시 화도읍 금남리 109-3,2026-03-11
4136025625101090009,경기도 남양주시 화도읍 금남리 109-9,2026-03-11
4136025625100800000,경기도 남양주시 화도읍 금남리 80,2026-03-11
4136025625101080000,경기도 남양주시 화도읍 금남리 108,2026-03-11
4136025624100060037,경기도 남양주시 화도읍 구암리 6-37,2026-03-11
4136025625106200014,경기도 남양주시 화도읍 금남리 620-14,2026-03-11
4136025625200470018,경기도 남양주시 화도읍 금남리 산47-18,2026-03-11
4136025625105600029,경기도 남양주시 화도읍 금남리 560-29,2026-03-11
4136025625106260002,경기도 남양주시 화도읍 금남리 626-2,2026-03-11
4136025625106260012,경기도 남양주시 화도읍 금남리 626-12,2026-03-11
4136025625200560004,경기도 남양주시 화도읍 금남리 산56-4,2026-03-11
4136025625106260013,경기도 남양주시 화도읍 금남리 626-13,2026-03-11
4136025625106260004,경기도 남양주시 화도읍 금남리 626-4,2026-03-11
4136025625106260011,경기도 남양주시 화도읍 금남리 626-11,2026-03-11
4136025625106260003,경기도 남양주시 화도읍 금남리 626-3,2026-03-11
4136025625106260016,경기도 남양주시 화도읍 금남리 626-16,2026-03-11
4136025625106260005,경기도 남양주시 화도읍 금남리 626-5,2026-03-11
4136025625106260007,경기도 남양주시 화도읍 금남리 626-7,2026-03-11
4136025625106260006,경기도 남양주시 화도읍 금남리 626-6,2026-03-11
4136025625106260008,경기도 남양주시 화도읍 금남리 626-8,2026-03-11
4136025625106260014,경기도 남양주시 화도읍 금남리 626-14,2026-03-11
4136025625106260009,경기도 남양주시 화도읍 금남리 626-9,2026-03-11
4136025625106260010,경기도 남양주시 화도읍 금남리 626-10,2026-03-11
4136025625105600003,경기도 남양주시 화도읍 금남리 560-3,2026-03-11
4136025625105620010,경기도 남양주시 화도읍 금남리 562-10,2026-03-11
4136025625105600009,경기도 남양주시 화도읍 금남리 560-9,2026-03-11
4136025625105600031,경기도 남양주시 화도읍 금남리 560-31,2026-03-11
4136025625105620034,경기도 남양주시 화도읍 금남리 562-34,2026-03-11
4136025625105600034,경기도 남양주시 화도읍 금남리 560-34,2026-03-11
4136025625105620035,경기도 남양주시 화도읍 금남리 562-35,2026-03-11
4136025625107880000,경기도 남양주시 화도읍 금남리 788,2026-03-11
4136025625105600028,경기도 남양주시 화도읍 금남리 560-28,2026-03-11
4136025625105620029,경기도 남양주시 화도읍 금남리 562-29,2026-03-11
4136025625107890001,경기도 남양주시 화도읍 금남리 789-1,2026-03-11
4136025625106140007,경기도 남양주시 화도읍 금남리 614-7,2026-03-11
4136025624100980006,경기도 남양주시 화도읍 구암리 98-6,2026-03-11
4136036021105180032,경기도 남양주시 조안면 능내리 518-32,2026-03-11
4136036021105590009,경기도 남양주시 조안면 능내리 559-9,2026-03-11
4136036021105370001,경기도 남양주시 조안면 능내리 537-1,2026-03-11
4136036021105370002,경기도 남양주시 조안면 능내리 537-2,2026-03-11
4136036021105180063,경기도 남양주시 조안면 능내리 518-63,2026-03-11
4136036021105200000,경기도 남양주시 조안면 능내리 520,2026-03-11
4136036025101980004,경기도 남양주시 조안면 삼봉리 198-4,2026-03-11
4136036022104030000,경기도 남양주시 조안면 조안리 403,2026-03-11
4136036022109870000,경기도 남양주시 조안면 조안리 987,2026-03-11
4136036022109870002,경기도 남양주시 조안면 조안리 987-2,2026-03-11
4136036022109880000,경기도 남양주시 조안면 조안리 988,2026-03-11
4136036022109840000,경기도 남양주시 조안면 조안리 984,2026-03-11
4136036022109750000,경기도 남양주시 조안면 조안리 975,2026-03-11
4136036024200240001,경기도 남양주시 조안면 송촌리 산24-1,2026-03-11
4136036024109200000,경기도 남양주시 조안면 송촌리 920,2026-03-11
4136036024103580001,경기도 남양주시 조안면 송촌리 358-1,2026-03-11
4136036024103630001,경기도 남양주시 조안면 송촌리 363-1,2026-03-11
4136036025101810004,경기도 남양주시 조안면 삼봉리 181-4,2026-03-11
4136036025101810001,경기도 남양주시 조안면 삼봉리 181-1,2026-03-11
4136036025102350011,경기도 남양주시 조안면 삼봉리 235-11,2026-03-11
4136036025101810006,경기도 남양주시 조안면 삼봉리 181-6,2026-03-11
4136036025101810005,경기도 남양주시 조안면 삼봉리 181-5,2026-03-11
4136036025102350024,경기도 남양주시 조안면 삼봉리 235-24,2026-03-11
4136036025102350025,경기도 남양주시 조안면 삼봉리 235-25,2026-03-11
4136036025102350010,경기도 남양주시 조안면 삼봉리 235-10,2026-03-11
4136036025100340004,경기도 남양주시 조안면 삼봉리 34-4,2026-03-11
4136036025100340003,경기도 남양주시 조안면 삼봉리 34-3,2026-03-11
4136036025100340000,경기도 남양주시 조안면 삼봉리 34,2026-03-11
4136036025102020001,경기도 남양주시 조안면 삼봉리 202-1,2026-03-11
4136036025102020002,경기도 남양주시 조안면 삼봉리 202-2,2026-03-11
4136036025102020000,경기도 남양주시 조안면 삼봉리 202,2026-03-11
4136036021105180035,경기도 남양주시 조안면 능내리 518-35,2026-03-11
4136025625100800002,경기도 남양주시 화도읍 금남리 80-2,2026-03-11
4136025625100030009,경기도 남양주시 화도읍 금남리 3-9,2026-03-11
4136025625100030010,경기도 남양주시 화도읍 금남리 3-10,2026-03-11
4136025625100030007,경기도 남양주시 화도읍 금남리 3-7,2026-03-11
4136025625102220004,경기도 남양주시 화도읍 금남리 222-4,2026-03-11
4136025625102220006,경기도 남양주시 화도읍 금남리 222-6,2026-03-11
4136036025102000003,경기도 남양주시 조안면 삼봉리 200-3,2026-03-11
4136036025101980005,경기도 남양주시 조안면 삼봉리 198-5,2026-03-11
4136036025101980014,경기도 남양주시 조안면 삼봉리 198-14,2026-03-11
4145010400101250009,경기도 하남시 배알미동 125-9,2026-03-11
4136025625100030002,경기도 남양주시 화도읍 금남리 3-2,2026-03-11
4136025625100030011,경기도 남양주시 화도읍 금남리 3-11,2026-03-11
4136025625102200002,경기도 남양주시 화도읍 금남리 220-2,2026-03-11
4136025625100810000,경기도 남양주시 화도읍 금남리 81,2026-03-11
4136036021105180023,경기도 남양주시 조안면 능내리 518-23,2026-03-11
4136025625105620005,경기도 남양주시 화도읍 금남리 562-5,2026-03-11
4136025624100060036,경기도 남양주시 화도읍 구암리 6-36,2026-03-11
4136025624100060039,경기도 남양주시 화도읍 구암리 6-39,2026-03-11
4136025625106260015,경기도 남양주시 화도읍 금남리 626-15,2026-03-11
4145010400101250005,경기도 하남시 배알미동 125-5,2026-03-11
4145010400101250006,경기도 하남시 배알미동 125-6,2026-03-11
4145010400101250003,경기도 하남시 배알미동 125-3,2026-03-11
4145010400101250007,경기도 하남시 배알미동 125-7,2026-03-11
4145010400101250008,경기도 하남시 배알미동 125-8,2026-03-11
4145010400101310001,경기도 하남시 배알미동 131-1,2026-03-11
4145010400101310004,경기도 하남시 배알미동 131-4,2026-03-11
4146110100100080007,경기도 용인시 처인구 김량장동 8-7,2026-03-11
4146110100100060007,경기도 용인시 처인구 김량장동 6-7,2026-03-11
4146110100100060014,경기도 용인시 처인구 김량장동 6-14,2026-03-11
4146110100100060011,경기도 용인시 처인구 김량장동 6-11,2026-03-11
4146110500100670001,경기도 용인시 처인구 유방동 67-1,2026-03-11
4146110600103730002,경기도 용인시 처인구 고림동 373-2,2026-03-11
4146110700105540002,경기도 용인시 처인구 마평동 554-2,2026-03-11
4146110700105540007,경기도 용인시 처인구 마평동 554-7,2026-03-11
4146110700105540003,경기도 용인시 처인구 마평동 554-3,2026-03-11
4146110800103800001,경기도 용인시 처인구 운학동 380-1,2026-03-11
4146110800102200012,경기도 용인시 처인구 운학동 220-12,2026-03-11
4146110800102140001,경기도 용인시 처인구 운학동 214-1,2026-03-11
4146110800101860001,경기도 용인시 처인구 운학동 186-1,2026-03-11
4146110800101890001,경기도 용인시 처인구 운학동 189-1,2026-03-11
4146110800101880001,경기도 용인시 처인구 운학동 188-1,2026-03-11
4146110800103650001,경기도 용인시 처인구 운학동 365-1,2026-03-11
4146110800200130003,경기도 용인시 처인구 운학동 산13-3,2026-03-11
4146110800105930005,경기도 용인시 처인구 운학동 593-5,2026-03-11
4146110800105930001,경기도 용인시 처인구 운학동 593-1,2026-03-11
4146110800105930004,경기도 용인시 처인구 운학동 593-4,2026-03-11
4146110800101860004,경기도 용인시 처인구 운학동 186-4,2026-03-11
4146110800101900000,경기도 용인시 처인구 운학동 190,2026-03-11
4146110800200130001,경기도 용인시 처인구 운학동 산13-1,2026-03-11
4146110800105870004,경기도 용인시 처인구 운학동 587-4,2026-03-11
4146110800105870002,경기도 용인시 처인구 운학동 587-2,2026-03-11
4146110800106980000,경기도 용인시 처인구 운학동 698,2026-03-11
4146110900101860000,경기도 용인시 처인구 호동 186,2026-03-11
4146110900101850005,경기도 용인시 처인구 호동 185-5,2026-03-11
4146110900101870000,경기도 용인시 처인구 호동 187,2026-03-11
4146110900101850001,경기도 용인시 처인구 호동 185-1,2026-03-11
4146110900101790000,경기도 용인시 처인구 호동 179,2026-03-11
4146110900201420003,경기도 용인시 처인구 호동 산142-3,2026-03-11
4146110900100850001,경기도 용인시 처인구 호동 85-1,2026-03-11
4146110800104430000,경기도 용인시 처인구 운학동 443,2026-03-11
4146110900100910000,경기도 용인시 처인구 호동 91,2026-03-11
4146110900101430003,경기도 용인시 처인구 호동 143-3,2026-03-11
4146110900201140002,경기도 용인시 처인구 호동 산114-2,2026-03-11
4146110900201150000,경기도 용인시 처인구 호동 산115,2026-03-11
4146110900201140006,경기도 용인시 처인구 호동 산114-6,2026-03-11
4146110900201120002,경기도 용인시 처인구 호동 산112-2,2026-03-11
4146110900103510000,경기도 용인시 처인구 호동 351,2026-03-11
4146110800102900001,경기도 용인시 처인구 운학동 290-1,2026-03-11
4146110900201120000,경기도 용인시 처인구 호동 산112,2026-03-11
4146110900201110005,경기도 용인시 처인구 호동 산111-5,2026-03-11
4146110800105560002,경기도 용인시 처인구 운학동 556-2,2026-03-11
4146110900201110002,경기도 용인시 처인구 호동 산111-2,2026-03-11
4146110900101310004,경기도 용인시 처인구 호동 131-4,2026-03-11
4146110800105110000,경기도 용인시 처인구 운학동 511,2026-03-11
4146110800105460020,경기도 용인시 처인구 운학동 546-20,2026-03-11
4146110800105300005,경기도 용인시 처인구 운학동 530-5,2026-03-11
4146110800102200007,경기도 용인시 처인구 운학동 220-7,2026-03-11
4146110900103140002,경기도 용인시 처인구 호동 314-2,2026-03-11
4146110900103140004,경기도 용인시 처인구 호동 314-4,2026-03-11
4146110900103070001,경기도 용인시 처인구 호동 307-1,2026-03-11
4146110900103070002,경기도 용인시 처인구 호동 307-2,2026-03-11
4146110900101090000,경기도 용인시 처인구 호동 109,2026-03-11
4146110800105930002,경기도 용인시 처인구 운학동 593-2,2026-03-11
4146110900104240004,경기도 용인시 처인구 호동 424-4,2026-03-11
4146110900201430000,경기도 용인시 처인구 호동 산143,2026-03-11
4146110800105870005,경기도 용인시 처인구 운학동 587-5,2026-03-11
4146110800105450004,경기도 용인시 처인구 운학동 545-4,2026-03-11
4146110800105460014,경기도 용인시 처인구 운학동 546-14,2026-03-11
4146110800105460006,경기도 용인시 처인구 운학동 546-6,2026-03-11
4146110800105230006,경기도 용인시 처인구 운학동 523-6,2026-03-11
4146110800105270000,경기도 용인시 처인구 운학동 527,2026-03-11
4146110800107240000,경기도 용인시 처인구 운학동 724,2026-03-11
4146110800105280000,경기도 용인시 처인구 운학동 528,2026-03-11
4146110800105290004,경기도 용인시 처인구 운학동 529-4,2026-03-11
4146110800105460012,경기도 용인시 처인구 운학동 546-12,2026-03-11
4146110800105460004,경기도 용인시 처인구 운학동 546-4,2026-03-11
4146110800105460001,경기도 용인시 처인구 운학동 546-1,2026-03-11
4146110800105460031,경기도 용인시 처인구 운학동 546-31,2026-03-11
4146110800105310002,경기도 용인시 처인구 운학동 531-2,2026-03-11
4146110800105350005,경기도 용인시 처인구 운학동 535-5,2026-03-11
4146110800105560001,경기도 용인시 처인구 운학동 556-1,2026-03-11
4146110800105870003,경기도 용인시 처인구 운학동 587-3,2026-03-11
4146110800105070000,경기도 용인시 처인구 운학동 507,2026-03-11
4146110800105560003,경기도 용인시 처인구 운학동 556-3,2026-03-11
4146110800106830003,경기도 용인시 처인구 운학동 683-3,2026-03-11
4146110800106840013,경기도 용인시 처인구 운학동 684-13,2026-03-11
4146110800106840012,경기도 용인시 처인구 운학동 684-12,2026-03-11
4146110800106840008,경기도 용인시 처인구 운학동 684-8,2026-03-11
4146110800106840011,경기도 용인시 처인구 운학동 684-11,2026-03-11
4146110800101590001,경기도 용인시 처인구 운학동 159-1,2026-03-11
4146110800104880003,경기도 용인시 처인구 운학동 488-3,2026-03-11
4146110800104890006,경기도 용인시 처인구 운학동 489-6,2026-03-11
4146110800104880004,경기도 용인시 처인구 운학동 488-4,2026-03-11
4146110800107220002,경기도 용인시 처인구 운학동 722-2,2026-03-11
4146110800104250005,경기도 용인시 처인구 운학동 425-5,2026-03-11
4146110800104250007,경기도 용인시 처인구 운학동 425-7,2026-03-11
4146110800104250008,경기도 용인시 처인구 운학동 425-8,2026-03-11
4146110800100970001,경기도 용인시 처인구 운학동 97-1,2026-03-11
4146110800105120003,경기도 용인시 처인구 운학동 512-3,2026-03-11
4146110800108130028,경기도 용인시 처인구 운학동 813-28,2026-03-11
4146111000200120003,경기도 용인시 처인구 해곡동 산12-3,2026-03-11
4146110900103480005,경기도 용인시 처인구 호동 348-5,2026-03-11
4146110900102770000,경기도 용인시 처인구 호동 277,2026-03-11
4146111000102520022,경기도 용인시 처인구 해곡동 252-22,2026-03-11
4146111000102520018,경기도 용인시 처인구 해곡동 252-18,2026-03-11
4146111000102520012,경기도 용인시 처인구 해곡동 252-12,2026-03-11
4146111000102520013,경기도 용인시 처인구 해곡동 252-13,2026-03-11
4146110900101310002,경기도 용인시 처인구 호동 131-2,2026-03-11
4146111000102520011,경기도 용인시 처인구 해곡동 252-11,2026-03-11
4146110900103740000,경기도 용인시 처인구 호동 374,2026-03-11
4146110900100880003,경기도 용인시 처인구 호동 88-3,2026-03-11
4146111000102520023,경기도 용인시 처인구 해곡동 252-23,2026-03-11
4146110900104240003,경기도 용인시 처인구 호동 424-3,2026-03-11
4146110900104240001,경기도 용인시 처인구 호동 424-1,2026-03-11
4146110900104240002,경기도 용인시 처인구 호동 424-2,2026-03-11
4146110900101310001,경기도 용인시 처인구 호동 131-1,2026-03-11
4146110900101310003,경기도 용인시 처인구 호동 131-3,2026-03-11
4146110900101320000,경기도 용인시 처인구 호동 132,2026-03-11
4146110900102810000,경기도 용인시 처인구 호동 281,2026-03-11
4146110900105510031,경기도 용인시 처인구 호동 551-31,2026-03-11
4146125021100910002,경기도 용인시 처인구 포곡읍 삼계리 91-2,2026-03-11
4146125021100910001,경기도 용인시 처인구 포곡읍 삼계리 91-1,2026-03-11
4146111000102520021,경기도 용인시 처인구 해곡동 252-21,2026-03-11
4146111000102520020,경기도 용인시 처인구 해곡동 252-20,2026-03-11
4146111000102520019,경기도 용인시 처인구 해곡동 252-19,2026-03-11
4146125021104600008,경기도 용인시 처인구 포곡읍 삼계리 460-8,2026-03-11
4146125021104600007,경기도 용인시 처인구 포곡읍 삼계리 460-7,2026-03-11
4146125021105830000,경기도 용인시 처인구 포곡읍 삼계리 583,2026-03-11
4146125027100940001,경기도 용인시 처인구 포곡읍 전대리 94-1,2026-03-11
4146125027100940003,경기도 용인시 처인구 포곡읍 전대리 94-3,2026-03-11
4146125027100940004,경기도 용인시 처인구 포곡읍 전대리 94-4,2026-03-11
4146125027100940010,경기도 용인시 처인구 포곡읍 전대리 94-10,2026-03-11
4146125028106200004,경기도 용인시 처인구 포곡읍 유운리 620-4,2026-03-11
4146125028106200005,경기도 용인시 처인구 포곡읍 유운리 620-5,2026-03-11
4146125028106200013,경기도 용인시 처인구 포곡읍 유운리 620-13,2026-03-11
4146125028106200011,경기도 용인시 처인구 포곡읍 유운리 620-11,2026-03-11
4146125323104540002,경기도 용인시 처인구 모현면 초부리 454-2,2026-03-11
4146125323108280052,경기도 용인시 처인구 모현면 초부리 828-52,2026-03-11
4146125323108280042,경기도 용인시 처인구 모현면 초부리 828-42,2026-03-11
4146125323104470014,경기도 용인시 처인구 모현면 초부리 447-14,2026-03-11
4146110800105460013,경기도 용인시 처인구 운학동 546-13,2026-03-11
4146110800105870001,경기도 용인시 처인구 운학동 587-1,2026-03-11
4146125323104470005,경기도 용인시 처인구 모현면 초부리 447-5,2026-03-11
4146125323104470013,경기도 용인시 처인구 모현면 초부리 447-13,2026-03-11
4146125028106200003,경기도 용인시 처인구 포곡읍 유운리 620-3,2026-03-11
4146125021104110002,경기도 용인시 처인구 포곡읍 삼계리 411-2,2026-03-11
4146110800106650003,경기도 용인시 처인구 운학동 665-3,2026-03-11
4146125321104220000,경기도 용인시 처인구 모현면 왕산리 422,2026-03-11
4161035024200030019,경기도 광주시 남종면 삼성리 산3-19,2026-03-11
4161035026105360000,경기도 광주시 남종면 검천리 536,2026-03-11
4161025027104260019,경기도 광주시 오포읍 양벌리 426-19,2026-03-11
4161025027104260004,경기도 광주시 오포읍 양벌리 426-4,2026-03-11
4161011200100340002,경기도 광주시 역동 34-2,2026-03-11
4161034026101920001,경기도 광주시 퇴촌면 오리 192-1,2026-03-11
4161034026101870005,경기도 광주시 퇴촌면 오리 187-5,2026-03-11
4161025025101400000,경기도 광주시 오포읍 추자리 140,2026-03-11
4161025025101390002,경기도 광주시 오포읍 추자리 139-2,2026-03-11
4161025025101420001,경기도 광주시 오포읍 추자리 142-1,2026-03-11
4161035022100470007,경기도 광주시 남종면 금사리 47-7,2026-03-11
4161025025101420010,경기도 광주시 오포읍 추자리 142-10,2026-03-11
4161025025101420005,경기도 광주시 오포읍 추자리 142-5,2026-03-11
4161025025101390001,경기도 광주시 오포읍 추자리 139-1,2026-03-11
4161025027104360007,경기도 광주시 오포읍 양벌리 436-7,2026-03-11
4161025027100940000,경기도 광주시 오포읍 양벌리 94,2026-03-11
4161025027100170048,경기도 광주시 오포읍 양벌리 17-48,2026-03-11
4161025027100170053,경기도 광주시 오포읍 양벌리 17-53,2026-03-11
4161025027100940003,경기도 광주시 오포읍 양벌리 94-3,2026-03-11
4161035027200020007,경기도 광주시 남종면 수청리 산2-7,2026-03-11
4161034021102950000,경기도 광주시 퇴촌면 광동리 295,2026-03-11
4161034021103520000,경기도 광주시 퇴촌면 광동리 352,2026-03-11
4161035021104380004,경기도 광주시 남종면 분원리 438-4,2026-03-11
4161035027106970000,경기도 광주시 남종면 수청리 697,2026-03-11
4161034027100240004,경기도 광주시 퇴촌면 도마리 24-4,2026-03-11
4161034021103020005,경기도 광주시 퇴촌면 광동리 302-5,2026-03-11
4161034021103020001,경기도 광주시 퇴촌면 광동리 302-1,2026-03-11
4161034021103200001,경기도 광주시 퇴촌면 광동리 320-1,2026-03-11
4161034026200090006,경기도 광주시 퇴촌면 오리 산9-6,2026-03-11
4161034026200090000,경기도 광주시 퇴촌면 오리 산9,2026-03-11
4161034027102770000,경기도 광주시 퇴촌면 도마리 277,2026-03-11
4161025027104260020,경기도 광주시 오포읍 양벌리 426-20,2026-03-11
4161035021102500003,경기도 광주시 남종면 분원리 250-3,2026-03-11
4161035021102590008,경기도 광주시 남종면 분원리 259-8,2026-03-11
4161035022100050000,경기도 광주시 남종면 금사리 5,2026-03-11
4161035021102550037,경기도 광주시 남종면 분원리 255-37,2026-03-11
4161035021101080006,경기도 광주시 남종면 분원리 108-6,2026-03-11
4161035022101300001,경기도 광주시 남종면 금사리 130-1,2026-03-11
4161035022101300002,경기도 광주시 남종면 금사리 130-2,2026-03-11
4161035027100910000,경기도 광주시 남종면 수청리 91,2026-03-11
4161035027110970000,경기도 광주시 남종면 수청리 1097,2026-03-11
4161035027110980000,경기도 광주시 남종면 수청리 1098,2026-03-11
4161035021100430000,경기도 광주시 남종면 분원리 43,2026-03-11
4161035021104420016,경기도 광주시 남종면 분원리 442-16,2026-03-11
4161035021104380006,경기도 광주시 남종면 분원리 438-6,2026-03-11
4182032527101070013,경기도 가평군 청평면 삼회리 107-13,2026-03-11
4161035021101080002,경기도 광주시 남종면 분원리 108-2,2026-03-11
4161035021101250001,경기도 광주시 남종면 분원리 125-1,2026-03-11
4161035021104400003,경기도 광주시 남종면 분원리 440-3,2026-03-11
4161035021101030002,경기도 광주시 남종면 분원리 103-2,2026-03-11
4161035021101030007,경기도 광주시 남종면 분원리 103-7,2026-03-11
4161035021100820001,경기도 광주시 남종면 분원리 82-1,2026-03-11
4161035027105860000,경기도 광주시 남종면 수청리 586,2026-03-11
4161035022100610005,경기도 광주시 남종면 금사리 61-5,2026-03-11
4161035022100470003,경기도 광주시 남종면 금사리 47-3,2026-03-11
4161035022100450000,경기도 광주시 남종면 금사리 45,2026-03-11
4161035027105820000,경기도 광주시 남종면 수청리 582,2026-03-11
4161035022101490005,경기도 광주시 남종면 금사리 149-5,2026-03-11
4161035022101480001,경기도 광주시 남종면 금사리 148-1,2026-03-11
4161035022101480004,경기도 광주시 남종면 금사리 148-4,2026-03-11
4161035022101470000,경기도 광주시 남종면 금사리 147,2026-03-11
4161025025101450016,경기도 광주시 오포읍 추자리 145-16,2026-03-11
4161034030103370001,경기도 광주시 퇴촌면 정지리 337-1,2026-03-11
4161034030103500003,경기도 광주시 퇴촌면 정지리 350-3,2026-03-11
4161035027200970001,경기도 광주시 남종면 수청리 산97-1,2026-03-11
4161035026200940001,경기도 광주시 남종면 검천리 산94-1,2026-03-11
4161035026101090000,경기도 광주시 남종면 검천리 109,2026-03-11
4161035027103920001,경기도 광주시 남종면 수청리 392-1,2026-03-11
4161035027103940003,경기도 광주시 남종면 수청리 394-3,2026-03-11
4161034021102700002,경기도 광주시 퇴촌면 광동리 270-2,2026-03-11
4161035025105470021,경기도 광주시 남종면 귀여리 547-21,2026-03-11
4161025027100170047,경기도 광주시 오포읍 양벌리 17-47,2026-03-11
4161035027100880000,경기도 광주시 남종면 수청리 88,2026-03-11
4161035027108970000,경기도 광주시 남종면 수청리 897,2026-03-11
4161034021103250001,경기도 광주시 퇴촌면 광동리 325-1,2026-03-11
4161035027200020006,경기도 광주시 남종면 수청리 산2-6,2026-03-11
4161035023200220001,경기도 광주시 남종면 이석리 산22-1,2026-03-11
4161035025200020014,경기도 광주시 남종면 귀여리 산2-14,2026-03-11
4161035024103550001,경기도 광주시 남종면 삼성리 355-1,2026-03-11
4161025329105140000,경기도 광주시 초월읍 지월리 514,2026-03-11
4161025329105150000,경기도 광주시 초월읍 지월리 515,2026-03-11
4161025329105130004,경기도 광주시 초월읍 지월리 513-4,2026-03-11
4161034030104040002,경기도 광주시 퇴촌면 정지리 404-2,2026-03-11
4161034030104020000,경기도 광주시 퇴촌면 정지리 402,2026-03-11
4161025329105130000,경기도 광주시 초월읍 지월리 513,2026-03-11
4161025329105110001,경기도 광주시 초월읍 지월리 511-1,2026-03-11
4161025329105120001,경기도 광주시 초월읍 지월리 512-1,2026-03-11
4161034030200070006,경기도 광주시 퇴촌면 정지리 산7-6,2026-03-11
4161035022100420001,경기도 광주시 남종면 금사리 42-1,2026-03-11
4161035025104870001,경기도 광주시 남종면 귀여리 487-1,2026-03-11
4161035025104870002,경기도 광주시 남종면 귀여리 487-2,2026-03-11
4161035022100420002,경기도 광주시 남종면 금사리 42-2,2026-03-11
4161035025101510000,경기도 광주시 남종면 귀여리 151,2026-03-11
4161035025101500000,경기도 광주시 남종면 귀여리 150,2026-03-11
4161035025101490000,경기도 광주시 남종면 귀여리 149,2026-03-11
4161035026107180000,경기도 광주시 남종면 검천리 718,2026-03-11
4167033026100910004,경기도 여주시 금사면 전북리 91-4,2026-03-11
4161035027200020001,경기도 광주시 남종면 수청리 산2-1,2026-03-11
4161035025101420000,경기도 광주시 남종면 귀여리 142,2026-03-11
4161035025101400000,경기도 광주시 남종면 귀여리 140,2026-03-11
4161035025200170000,경기도 광주시 남종면 귀여리 산17,2026-03-11
4161035023101730001,경기도 광주시 남종면 이석리 173-1,2026-03-11
4161034028200010001,경기도 광주시 퇴촌면 무수리 산1-1,2026-03-11
4161034027200030001,경기도 광주시 퇴촌면 도마리 산3-1,2026-03-11
4161035026200080000,경기도 광주시 남종면 검천리 산8,2026-03-11
4161035026107220000,경기도 광주시 남종면 검천리 722,2026-03-11
4167033026100910001,경기도 여주시 금사면 전북리 91-1,2026-03-11
4167033026100540014,경기도 여주시 금사면 전북리 54-14,2026-03-11
4167033026100540015,경기도 여주시 금사면 전북리 54-15,2026-03-11
4167033026100540001,경기도 여주시 금사면 전북리 54-1,2026-03-11
4167033021101540000,경기도 여주시 금사면 이포리 154,2026-03-11
4167034023104080000,경기도 여주시 능서면 왕대리 408,2026-03-11
4167034024101850000,경기도 여주시 능서면 백석리 185,2026-03-11
4167034024101800000,경기도 여주시 능서면 백석리 180,2026-03-11
4167031033103160001,경기도 여주시 점동면 도리 316-1,2026-03-11
4167032029100520006,경기도 여주시 흥천면 상백리 52-6,2026-03-11
4167032029100520010,경기도 여주시 흥천면 상백리 52-10,2026-03-11
4167035034105430018,경기도 여주시 대신면 천서리 543-18,2026-03-11
4167035034105550002,경기도 여주시 대신면 천서리 555-2,2026-03-11
4182032527101070014,경기도 가평군 청평면 삼회리 107-14,2026-03-11
4167035034105560000,경기도 여주시 대신면 천서리 556,2026-03-11
4167035035102940033,경기도 여주시 대신면 당남리 294-33,2026-03-11
4167035035102940034,경기도 여주시 대신면 당남리 294-34,2026-03-11
4167035034107020001,경기도 여주시 대신면 천서리 702-1,2026-03-11
4167035034107040000,경기도 여주시 대신면 천서리 704,2026-03-11
4167035034107000002,경기도 여주시 대신면 천서리 700-2,2026-03-11
4167035034107010001,경기도 여주시 대신면 천서리 701-1,2026-03-11
4167035034107000001,경기도 여주시 대신면 천서리 700-1,2026-03-11
4167035034106930001,경기도 여주시 대신면 천서리 693-1,2026-03-11
4167035034106910000,경기도 여주시 대신면 천서리 691,2026-03-11
4167035034107020005,경기도 여주시 대신면 천서리 702-5,2026-03-11
4167035034107030000,경기도 여주시 대신면 천서리 703,2026-03-11
4167035035103030001,경기도 여주시 대신면 당남리 303-1,2026-03-11
4167035034105430013,경기도 여주시 대신면 천서리 543-13,2026-03-11
4167035034105430017,경기도 여주시 대신면 천서리 543-17,2026-03-11
4167035034104850000,경기도 여주시 대신면 천서리 485,2026-03-11
4167035034200490002,경기도 여주시 대신면 천서리 산49-2,2026-03-11
4167035034200490001,경기도 여주시 대신면 천서리 산49-1,2026-03-11
4182032527200400000,경기도 가평군 청평면 삼회리 산40,2026-03-11
4182032527200400009,경기도 가평군 청평면 삼회리 산40-9,2026-03-11
4182032527200400017,경기도 가평군 청평면 삼회리 산40-17,2026-03-11
4182032527101900002,경기도 가평군 청평면 삼회리 190-2,2026-03-11
4182032527101820000,경기도 가평군 청평면 삼회리 182,2026-03-11
4182032527200400008,경기도 가평군 청평면 삼회리 산40-8,2026-03-11
4182032527200240009,경기도 가평군 청평면 삼회리 산24-9,2026-03-11
4182032527104320000,경기도 가평군 청평면 삼회리 432,2026-03-11
4182032527102920012,경기도 가평군 청평면 삼회리 292-12,2026-03-11
4182032527101070026,경기도 가평군 청평면 삼회리 107-26,2026-03-11
4182032527101070009,경기도 가평군 청평면 삼회리 107-9,2026-03-11
4182032527101070010,경기도 가평군 청평면 삼회리 107-10,2026-03-11
4182032527101070017,경기도 가평군 청평면 삼회리 107-17,2026-03-11
4182032527101070016,경기도 가평군 청평면 삼회리 107-16,2026-03-11
4182032527101070008,경기도 가평군 청평면 삼회리 107-8,2026-03-11
4182032527101070015,경기도 가평군 청평면 삼회리 107-15,2026-03-11
4182032527100940016,경기도 가평군 청평면 삼회리 94-16,2026-03-11
4182032527101920006,경기도 가평군 청평면 삼회리 192-6,2026-03-11
4182032527101920013,경기도 가평군 청평면 삼회리 192-13,2026-03-11
4182032527101920007,경기도 가평군 청평면 삼회리 192-7,2026-03-11
4182032527101920009,경기도 가평군 청평면 삼회리 192-9,2026-03-11
4182032527101070023,경기도 가평군 청평면 삼회리 107-23,2026-03-11
4182032527101070001,경기도 가평군 청평면 삼회리 107-1,2026-03-11
4182032527101070019,경기도 가평군 청평면 삼회리 107-19,2026-03-11
4182032527101890048,경기도 가평군 청평면 삼회리 189-48,2026-03-11
4182032527101890040,경기도 가평군 청평면 삼회리 189-40,2026-03-11
4182032527102760003,경기도 가평군 청평면 삼회리 276-3,2026-03-11
4182032527101060027,경기도 가평군 청평면 삼회리 106-27,2026-03-11
4182032527101920014,경기도 가평군 청평면 삼회리 192-14,2026-03-11
4182032527101070018,경기도 가평군 청평면 삼회리 107-18,2026-03-11
4182032527200240001,경기도 가평군 청평면 삼회리 산24-1,2026-03-11
4182032527102080014,경기도 가평군 청평면 삼회리 208-14,2026-03-11
4182032527104310002,경기도 가평군 청평면 삼회리 431-2,2026-03-11
4182032527101060032,경기도 가평군 청평면 삼회리 106-32,2026-03-11
4182032527101060041,경기도 가평군 청평면 삼회리 106-41,2026-03-11
4182032527101060040,경기도 가평군 청평면 삼회리 106-40,2026-03-11
4182032527101060012,경기도 가평군 청평면 삼회리 106-12,2026-03-11
4182032527101060026,경기도 가평군 청평면 삼회리 106-26,2026-03-11
4182032527101060030,경기도 가평군 청평면 삼회리 106-30,2026-03-11
4182032527101060019,경기도 가평군 청평면 삼회리 106-19,2026-03-11
4182032527101060039,경기도 가평군 청평면 삼회리 106-39,2026-03-11
4182032527101260001,경기도 가평군 청평면 삼회리 126-1,2026-03-11
4182032527101080010,경기도 가평군 청평면 삼회리 108-10,2026-03-11
4182032527101070011,경기도 가평군 청평면 삼회리 107-11,2026-03-11
4182032527101060038,경기도 가평군 청평면 삼회리 106-38,2026-03-11
4182032527101060037,경기도 가평군 청평면 삼회리 106-37,2026-03-11
4182032527101060042,경기도 가평군 청평면 삼회리 106-42,2026-03-11
4182032527101060015,경기도 가평군 청평면 삼회리 106-15,2026-03-11
4182032527101060016,경기도 가평군 청평면 삼회리 106-16,2026-03-11
4182032527101060009,경기도 가평군 청평면 삼회리 106-9,2026-03-11
4182032527101040011,경기도 가평군 청평면 삼회리 104-11,2026-03-11
4182032527101040014,경기도 가평군 청평면 삼회리 104-14,2026-03-11
4182032527101030003,경기도 가평군 청평면 삼회리 103-3,2026-03-11
4182032527101040012,경기도 가평군 청평면 삼회리 104-12,2026-03-11
4182032527101020013,경기도 가평군 청평면 삼회리 102-13,2026-03-11
4182032527101920012,경기도 가평군 청평면 삼회리 192-12,2026-03-11
4182032527101000013,경기도 가평군 청평면 삼회리 100-13,2026-03-11
4182032527101070004,경기도 가평군 청평면 삼회리 107-4,2026-03-11
4182032527101070007,경기도 가평군 청평면 삼회리 107-7,2026-03-11
4182032527101890008,경기도 가평군 청평면 삼회리 189-8,2026-03-11
4182032527101070002,경기도 가평군 청평면 삼회리 107-2,2026-03-11
4182032527101060035,경기도 가평군 청평면 삼회리 106-35,2026-03-11
4182032527102100001,경기도 가평군 청평면 삼회리 210-1,2026-03-11
4182032527103210006,경기도 가평군 청평면 삼회리 321-6,2026-03-11
4182032527102920005,경기도 가평군 청평면 삼회리 292-5,2026-03-11
4182032527102920011,경기도 가평군 청평면 삼회리 292-11,2026-03-11
4182032527101060020,경기도 가평군 청평면 삼회리 106-20,2026-03-11
4182032527101920008,경기도 가평군 청평면 삼회리 192-8,2026-03-11
4182032527101640000,경기도 가평군 청평면 삼회리 164,2026-03-11
4182032527101930032,경기도 가평군 청평면 삼회리 193-32,2026-03-11
4182032527101890038,경기도 가평군 청평면 삼회리 189-38,2026-03-11
4182032527101930005,경기도 가평군 청평면 삼회리 193-5,2026-03-11
4182032527101060018,경기도 가평군 청평면 삼회리 106-18,2026-03-11
4182032527101060003,경기도 가평군 청평면 삼회리 106-3,2026-03-11
4182032527101060023,경기도 가평군 청평면 삼회리 106-23,2026-03-11
4182032527101060024,경기도 가평군 청평면 삼회리 106-24,2026-03-11
4182032527101030001,경기도 가평군 청평면 삼회리 103-1,2026-03-11
4182032527101040008,경기도 가평군 청평면 삼회리 104-8,2026-03-11
4182032527101040013,경기도 가평군 청평면 삼회리 104-13,2026-03-11
4182032527101020006,경기도 가평군 청평면 삼회리 102-6,2026-03-11
4182032527101060014,경기도 가평군 청평면 삼회리 106-14,2026-03-11
4182032527101780001,경기도 가평군 청평면 삼회리 178-1,2026-03-11
4182032527103880012,경기도 가평군 청평면 삼회리 388-12,2026-03-11
4182032527103880001,경기도 가평군 청평면 삼회리 388-1,2026-03-11
4182032527101980004,경기도 가평군 청평면 삼회리 198-4,2026-03-11
4182032527101980018,경기도 가평군 청평면 삼회리 198-18,2026-03-11
4182032527101930023,경기도 가평군 청평면 삼회리 193-23,2026-03-11
4182032527101930024,경기도 가평군 청평면 삼회리 193-24,2026-03-11
4182032527101910011,경기도 가평군 청평면 삼회리 191-11,2026-03-11
4182032527104790014,경기도 가평군 청평면 삼회리 479-14,2026-03-11
4182032527104790020,경기도 가평군 청평면 삼회리 479-20,2026-03-11
4182032527101910010,경기도 가평군 청평면 삼회리 191-10,2026-03-11
4182032527101930039,경기도 가평군 청평면 삼회리 193-39,2026-03-11
4182032527101930021,경기도 가평군 청평면 삼회리 193-21,2026-03-11
4182032527101920000,경기도 가평군 청평면 삼회리 192,2026-03-11
4182032527101930036,경기도 가평군 청평면 삼회리 193-36,2026-03-11
4182032527101930018,경기도 가평군 청평면 삼회리 193-18,2026-03-11
4182032527101930034,경기도 가평군 청평면 삼회리 193-34,2026-03-11
4182032527101930033,경기도 가평군 청평면 삼회리 193-33,2026-03-11
4182032527101930020,경기도 가평군 청평면 삼회리 193-20,2026-03-11
4182032527101930003,경기도 가평군 청평면 삼회리 193-3,2026-03-11
4182032527101930025,경기도 가평군 청평면 삼회리 193-25,2026-03-11
4182032527101890005,경기도 가평군 청평면 삼회리 189-5,2026-03-11
4182032527101100008,경기도 가평군 청평면 삼회리 110-8,2026-03-11
4182032527101060021,경기도 가평군 청평면 삼회리 106-21,2026-03-11
4182032527101020009,경기도 가평군 청평면 삼회리 102-9,2026-03-11
4182032527101180004,경기도 가평군 청평면 삼회리 118-4,2026-03-11
4182032527101920002,경기도 가평군 청평면 삼회리 192-2,2026-03-11
4182032527101930028,경기도 가평군 청평면 삼회리 193-28,2026-03-11
4182032527101930017,경기도 가평군 청평면 삼회리 193-17,2026-03-11
4182032527101930038,경기도 가평군 청평면 삼회리 193-38,2026-03-11
4182032527101930035,경기도 가평군 청평면 삼회리 193-35,2026-03-11
4182032527101930016,경기도 가평군 청평면 삼회리 193-16,2026-03-11
4182032527101930037,경기도 가평군 청평면 삼회리 193-37,2026-03-11
4182032527101930019,경기도 가평군 청평면 삼회리 193-19,2026-03-11
4182032527101920003,경기도 가평군 청평면 삼회리 192-3,2026-03-11
4182032527101920004,경기도 가평군 청평면 삼회리 192-4,2026-03-11
4182032527101930001,경기도 가평군 청평면 삼회리 193-1,2026-03-11
4182032527101890003,경기도 가평군 청평면 삼회리 189-3,2026-03-11
4182032527101060017,경기도 가평군 청평면 삼회리 106-17,2026-03-11
4182032527101060036,경기도 가평군 청평면 삼회리 106-36,2026-03-11
4182032527101780002,경기도 가평군 청평면 삼회리 178-2,2026-03-11
4182032527101980017,경기도 가평군 청평면 삼회리 198-17,2026-03-11
4182032527101890020,경기도 가평군 청평면 삼회리 189-20,2026-03-11
4182032527101890021,경기도 가평군 청평면 삼회리 189-21,2026-03-11
4182032527101930006,경기도 가평군 청평면 삼회리 193-6,2026-03-11
4182032527101070021,경기도 가평군 청평면 삼회리 107-21,2026-03-11
4182032527101890043,경기도 가평군 청평면 삼회리 189-43,2026-03-11
4182032527104230000,경기도 가평군 청평면 삼회리 423,2026-03-11
4182032527101250000,경기도 가평군 청평면 삼회리 125,2026-03-11
4182032527102930000,경기도 가평군 청평면 삼회리 293,2026-03-11
4182032527102920007,경기도 가평군 청평면 삼회리 292-7,2026-03-11
4182032527104240000,경기도 가평군 청평면 삼회리 424,2026-03-11
4182032527104210000,경기도 가평군 청평면 삼회리 421,2026-03-11
4182032527104170000,경기도 가평군 청평면 삼회리 417,2026-03-11
4182032527104290002,경기도 가평군 청평면 삼회리 429-2,2026-03-11
4182032527104160000,경기도 가평군 청평면 삼회리 416,2026-03-11
4182032527102920006,경기도 가평군 청평면 삼회리 292-6,2026-03-11
4182032527101710016,경기도 가평군 청평면 삼회리 171-16,2026-03-11
4182032527101710013,경기도 가평군 청평면 삼회리 171-13,2026-03-11
4182032527102070005,경기도 가평군 청평면 삼회리 207-5,2026-03-11
4182032527102060000,경기도 가평군 청평면 삼회리 206,2026-03-11
4182032527101060028,경기도 가평군 청평면 삼회리 106-28,2026-03-11
4182032527101060029,경기도 가평군 청평면 삼회리 106-29,2026-03-11
4182032527101920005,경기도 가평군 청평면 삼회리 192-5,2026-03-11
4182032527102920001,경기도 가평군 청평면 삼회리 292-1,2026-03-11
4182032527102940000,경기도 가평군 청평면 삼회리 294,2026-03-11
4182032527103880009,경기도 가평군 청평면 삼회리 388-9,2026-03-11
4182032527103870000,경기도 가평군 청평면 삼회리 387,2026-03-11
4182032527103860000,경기도 가평군 청평면 삼회리 386,2026-03-11
4182032527101360000,경기도 가평군 청평면 삼회리 136,2026-03-11
4182032527102090005,경기도 가평군 청평면 삼회리 209-5,2026-03-11
4182032527102090004,경기도 가평군 청평면 삼회리 209-4,2026-03-11
4182032527101070020,경기도 가평군 청평면 삼회리 107-20,2026-03-11
4182032527104310001,경기도 가평군 청평면 삼회리 431-1,2026-03-11
4182032527104290001,경기도 가평군 청평면 삼회리 429-1,2026-03-11
4182032527104990007,경기도 가평군 청평면 삼회리 499-7,2026-03-11
4182032527104180000,경기도 가평군 청평면 삼회리 418,2026-03-11
4182032527101040015,경기도 가평군 청평면 삼회리 104-15,2026-03-11
4182032527101890027,경기도 가평군 청평면 삼회리 189-27,2026-03-11
4182032527101090000,경기도 가평군 청평면 삼회리 109,2026-03-11
4182032527101060010,경기도 가평군 청평면 삼회리 106-10,2026-03-11
4182032527101060025,경기도 가평군 청평면 삼회리 106-25,2026-03-11
4182032527101060002,경기도 가평군 청평면 삼회리 106-2,2026-03-11
4182032527101890002,경기도 가평군 청평면 삼회리 189-2,2026-03-11
4182032527101070000,경기도 가평군 청평면 삼회리 107,2026-03-11
4182032527101070012,경기도 가평군 청평면 삼회리 107-12,2026-03-11
4182032527101080001,경기도 가평군 청평면 삼회리 108-1,2026-03-11
4182032527101060034,경기도 가평군 청평면 삼회리 106-34,2026-03-11
4182032527101070003,경기도 가평군 청평면 삼회리 107-3,2026-03-11
4182032527101070022,경기도 가평군 청평면 삼회리 107-22,2026-03-11
4182032527101930022,경기도 가평군 청평면 삼회리 193-22,2026-03-11
4182032527101930027,경기도 가평군 청평면 삼회리 193-27,2026-03-11
4182032527104790018,경기도 가평군 청평면 삼회리 479-18,2026-03-11
4182032527101070025,경기도 가평군 청평면 삼회리 107-25,2026-03-11
4182032527101930015,경기도 가평군 청평면 삼회리 193-15,2026-03-11
4182032527101060013,경기도 가평군 청평면 삼회리 106-13,2026-03-11
4182032527102920004,경기도 가평군 청평면 삼회리 292-4,2026-03-11
4182032527102920003,경기도 가평군 청평면 삼회리 292-3,2026-03-11
4182032527102920008,경기도 가평군 청평면 삼회리 292-8,2026-03-11
4182032527103210001,경기도 가평군 청평면 삼회리 321-1,2026-03-11
4182032527102960000,경기도 가평군 청평면 삼회리 296,2026-03-11
4182032527101070024,경기도 가평군 청평면 삼회리 107-24,2026-03-11
4182032527104740024,경기도 가평군 청평면 삼회리 474-24,2026-03-11
4182032527104740020,경기도 가평군 청평면 삼회리 474-20,2026-03-11
4182032527102920009,경기도 가평군 청평면 삼회리 292-9,2026-03-11
4182032527104720002,경기도 가평군 청평면 삼회리 472-2,2026-03-11
4182032527103880008,경기도 가평군 청평면 삼회리 388-8,2026-03-11
4182032527103880005,경기도 가평군 청평면 삼회리 388-5,2026-03-11
4182032527101000001,경기도 가평군 청평면 삼회리 100-1,2026-03-11
4182032527101000015,경기도 가평군 청평면 삼회리 100-15,2026-03-11
4182032527104990011,경기도 가평군 청평면 삼회리 499-11,2026-03-11
4182032527102460002,경기도 가평군 청평면 삼회리 246-2,2026-03-11
4182032527101060033,경기도 가평군 청평면 삼회리 106-33,2026-03-11
4182032527101920011,경기도 가평군 청평면 삼회리 192-11,2026-03-11
4182032527101920010,경기도 가평군 청평면 삼회리 192-10,2026-03-11
4182032527101070005,경기도 가평군 청평면 삼회리 107-5,2026-03-11
4182032527101070006,경기도 가평군 청평면 삼회리 107-6,2026-03-11
4182032527103210003,경기도 가평군 청평면 삼회리 321-3,2026-03-11
4182032527103910001,경기도 가평군 청평면 삼회리 391-1,2026-03-11
4182032527102950000,경기도 가평군 청평면 삼회리 295,2026-03-11
4182032527102760002,경기도 가평군 청평면 삼회리 276-2,2026-03-11
4182032527104200000,경기도 가평군 청평면 삼회리 420,2026-03-11
4182032527101180007,경기도 가평군 청평면 삼회리 118-7,2026-03-11
4182032527104990008,경기도 가평군 청평면 삼회리 499-8,2026-03-11
4182032527104370000,경기도 가평군 청평면 삼회리 437,2026-03-11
4182032527104190000,경기도 가평군 청평면 삼회리 419,2026-03-11
4182032527104310003,경기도 가평군 청평면 삼회리 431-3,2026-03-11
4182032527104990010,경기도 가평군 청평면 삼회리 499-10,2026-03-11
4182032527104220000,경기도 가평군 청평면 삼회리 422,2026-03-11
4182032527102740006,경기도 가평군 청평면 삼회리 274-6,2026-03-11
4183035028104430009,경기도 양평군 서종면 수입리 443-9,2026-03-11
4182032527102760001,경기도 가평군 청평면 삼회리 276-1,2026-03-11
4182032527103040000,경기도 가평군 청평면 삼회리 304,2026-03-11
4182032527104740017,경기도 가평군 청평면 삼회리 474-17,2026-03-11
4182032527103210005,경기도 가평군 청평면 삼회리 321-5,2026-03-11
4182032527200400011,경기도 가평군 청평면 삼회리 산40-11,2026-03-11
4182032527200400010,경기도 가평군 청평면 삼회리 산40-10,2026-03-11
4182032527200400004,경기도 가평군 청평면 삼회리 산40-4,2026-03-11
4182032527102920010,경기도 가평군 청평면 삼회리 292-10,2026-03-11
4182032527200400007,경기도 가평군 청평면 삼회리 산40-7,2026-03-11
4182032527200400003,경기도 가평군 청평면 삼회리 산40-3,2026-03-11
4182032527101000008,경기도 가평군 청평면 삼회리 100-8,2026-03-11
4182032527101000014,경기도 가평군 청평면 삼회리 100-14,2026-03-11
4182032527106000015,경기도 가평군 청평면 삼회리 600-15,2026-03-11
4183041023100240019,경기도 양평군 개군면 앙덕리 24-19,2026-03-11
4182032527103110000,경기도 가평군 청평면 삼회리 311,2026-03-11
4182032527106020005,경기도 가평군 청평면 삼회리 602-5,2026-03-11
4182032527104550000,경기도 가평군 청평면 삼회리 455,2026-03-11
4182032527106000013,경기도 가평군 청평면 삼회리 600-13,2026-03-11
4182032527103210000,경기도 가평군 청평면 삼회리 321,2026-03-11
4182032527103210002,경기도 가평군 청평면 삼회리 321-2,2026-03-11
4182032527103210004,경기도 가평군 청평면 삼회리 321-4,2026-03-11
4182032527200400012,경기도 가평군 청평면 삼회리 산40-12,2026-03-11
4182032527104990002,경기도 가평군 청평면 삼회리 499-2,2026-03-11
4182032527104290000,경기도 가평군 청평면 삼회리 429,2026-03-11
4182032527104560000,경기도 가평군 청평면 삼회리 456,2026-03-11
4182032527104150000,경기도 가평군 청평면 삼회리 415,2026-03-11
4182032527104140000,경기도 가평군 청평면 삼회리 414,2026-03-11
4182032527104080004,경기도 가평군 청평면 삼회리 408-4,2026-03-11
4182032524201000001,경기도 가평군 청평면 대성리 산100-1,2026-03-11
4182032524103210156,경기도 가평군 청평면 대성리 321-156,2026-03-11
4182032524103210155,경기도 가평군 청평면 대성리 321-155,2026-03-11
4182032524103740000,경기도 가평군 청평면 대성리 374,2026-03-11
4182032524103760004,경기도 가평군 청평면 대성리 376-4,2026-03-11
4182032524201000002,경기도 가평군 청평면 대성리 산100-2,2026-03-11
4182032524200990002,경기도 가평군 청평면 대성리 산99-2,2026-03-11
4182032524103760001,경기도 가평군 청평면 대성리 376-1,2026-03-11
4182032524103840002,경기도 가평군 청평면 대성리 384-2,2026-03-11
4182032524103790001,경기도 가평군 청평면 대성리 379-1,2026-03-11
4182032524103210157,경기도 가평군 청평면 대성리 321-157,2026-03-11
4183035028104450002,경기도 양평군 서종면 수입리 445-2,2026-03-11
4182032524103210027,경기도 가평군 청평면 대성리 321-27,2026-03-11
4182032524103330020,경기도 가평군 청평면 대성리 333-20,2026-03-11
4182032524103210039,경기도 가평군 청평면 대성리 321-39,2026-03-11
4182032524103210115,경기도 가평군 청평면 대성리 321-115,2026-03-11
4182032524103210041,경기도 가평군 청평면 대성리 321-41,2026-03-11
4182032525103610000,경기도 가평군 청평면 호명리 361,2026-03-11
4182032525103400003,경기도 가평군 청평면 호명리 340-3,2026-03-11
4182032524102870002,경기도 가평군 청평면 대성리 287-2,2026-03-11
4182032524103330021,경기도 가평군 청평면 대성리 333-21,2026-03-11
4182032524103210074,경기도 가평군 청평면 대성리 321-74,2026-03-11
4182032524102800002,경기도 가평군 청평면 대성리 280-2,2026-03-11
4182032524103210154,경기도 가평군 청평면 대성리 321-154,2026-03-11
4182032524201000003,경기도 가평군 청평면 대성리 산100-3,2026-03-11
4182032524201100022,경기도 가평군 청평면 대성리 산110-22,2026-03-11
4182032524103210114,경기도 가평군 청평면 대성리 321-114,2026-03-11
4182032524103210153,경기도 가평군 청평면 대성리 321-153,2026-03-11
4182032524102800001,경기도 가평군 청평면 대성리 280-1,2026-03-11
4182032524103210040,경기도 가평군 청평면 대성리 321-40,2026-03-11
4182032526101400006,경기도 가평군 청평면 고성리 140-6,2026-03-11
4182032526101400003,경기도 가평군 청평면 고성리 140-3,2026-03-11
4182032526100820001,경기도 가평군 청평면 고성리 82-1,2026-03-11
4182032526107510002,경기도 가평군 청평면 고성리 751-2,2026-03-11
4182032525200340000,경기도 가평군 청평면 호명리 산34,2026-03-11
4182031023107450004,경기도 가평군 설악면 회곡리 745-4,2026-03-11
4182031023107440024,경기도 가평군 설악면 회곡리 744-24,2026-03-11
4182031023107370009,경기도 가평군 설악면 회곡리 737-9,2026-03-11
4182031023107370004,경기도 가평군 설악면 회곡리 737-4,2026-03-11
4182031023107370003,경기도 가평군 설악면 회곡리 737-3,2026-03-11
4183034024109120004,경기도 양평군 옥천면 아신리 912-4,2026-03-11
4182032524103840001,경기도 가평군 청평면 대성리 384-1,2026-03-11
4182032524103050004,경기도 가평군 청평면 대성리 305-4,2026-03-11
4182032524103880001,경기도 가평군 청평면 대성리 388-1,2026-03-11
4182032524103850000,경기도 가평군 청평면 대성리 385,2026-03-11
4182032524103870000,경기도 가평군 청평면 대성리 387,2026-03-11
4182032527103790003,경기도 가평군 청평면 삼회리 379-3,2026-03-11
4182032524103050005,경기도 가평군 청평면 대성리 305-5,2026-03-11
4182032527100610000,경기도 가평군 청평면 삼회리 61,2026-03-11
4182032524103090004,경기도 가평군 청평면 대성리 309-4,2026-03-11
4182032524103070000,경기도 가평군 청평면 대성리 307,2026-03-11
4182032524103050003,경기도 가평군 청평면 대성리 305-3,2026-03-11
4182032524103090005,경기도 가평군 청평면 대성리 309-5,2026-03-11
4182032524103860000,경기도 가평군 청평면 대성리 386,2026-03-11
4183041022101060003,경기도 양평군 개군면 구미리 106-3,2026-03-11
4183041021101100004,경기도 양평군 개군면 하자포리 110-4,2026-03-11
4183025022103980001,경기도 양평군 양평읍 오빈리 398-1,2026-03-11
4183025031103510002,경기도 양평군 양평읍 회현리 351-2,2026-03-11
4183035028107240004,경기도 양평군 서종면 수입리 724-4,2026-03-11
4183031023106690004,경기도 양평군 강상면 교평리 669-4,2026-03-11
4183032021100700005,경기도 양평군 강하면 운심리 70-5,2026-03-11
4183035028106620009,경기도 양평군 서종면 수입리 662-9,2026-03-11
4183032021100420003,경기도 양평군 강하면 운심리 42-3,2026-03-11
4183035028106200004,경기도 양평군 서종면 수입리 620-4,2026-03-11
4183035028107910004,경기도 양평군 서종면 수입리 791-4,2026-03-11
4183031021102580002,경기도 양평군 강상면 병산리 258-2,2026-03-11
4183032021100430060,경기도 양평군 강하면 운심리 43-60,2026-03-11
4183035028106620005,경기도 양평군 서종면 수입리 662-5,2026-03-11
4183035028104450006,경기도 양평군 서종면 수입리 445-6,2026-03-11
4183032021100430064,경기도 양평군 강하면 운심리 43-64,2026-03-11
4183033021106430003,경기도 양평군 양서면 양수리 643-3,2026-03-11
4183035021110360004,경기도 양평군 서종면 문호리 1036-4,2026-03-11
4183031021102580003,경기도 양평군 강상면 병산리 258-3,2026-03-11
4183032021100620003,경기도 양평군 강하면 운심리 62-3,2026-03-11
4183035021110380000,경기도 양평군 서종면 문호리 1038,2026-03-11
4183035021110360006,경기도 양평군 서종면 문호리 1036-6,2026-03-11
4183035021110360002,경기도 양평군 서종면 문호리 1036-2,2026-03-11
4183035021105880000,경기도 양평군 서종면 문호리 588,2026-03-11
4183035021105830000,경기도 양평군 서종면 문호리 583,2026-03-11
4183041024104670005,경기도 양평군 개군면 석장리 467-5,2026-03-11
4183034021109240000,경기도 양평군 옥천면 옥천리 924,2026-03-11
4183035021105830002,경기도 양평군 서종면 문호리 583-2,2026-03-11
4183035021105820000,경기도 양평군 서종면 문호리 582,2026-03-11
4183034021109260002,경기도 양평군 옥천면 옥천리 926-2,2026-03-11
4183034021109210005,경기도 양평군 옥천면 옥천리 921-5,2026-03-11
4183034021109250005,경기도 양평군 옥천면 옥천리 925-5,2026-03-11
4183035028106180000,경기도 양평군 서종면 수입리 618,2026-03-11
4183035028104450004,경기도 양평군 서종면 수입리 445-4,2026-03-11
4183035028106490029,경기도 양평군 서종면 수입리 649-29,2026-03-11
4183035028106770003,경기도 양평군 서종면 수입리 677-3,2026-03-11
4183035028106560011,경기도 양평군 서종면 수입리 656-11,2026-03-11
4183035028106620008,경기도 양평군 서종면 수입리 662-8,2026-03-11
4183035028106770002,경기도 양평군 서종면 수입리 677-2,2026-03-11
4183035028106770001,경기도 양평군 서종면 수입리 677-1,2026-03-11
4183034021109240005,경기도 양평군 옥천면 옥천리 924-5,2026-03-11
4183034021200250007,경기도 양평군 옥천면 옥천리 산25-7,2026-03-11
4183034024108560009,경기도 양평군 옥천면 아신리 856-9,2026-03-11
4183034024109260015,경기도 양평군 옥천면 아신리 926-15,2026-03-11
4183034024109260003,경기도 양평군 옥천면 아신리 926-3,2026-03-11
4183034024109400002,경기도 양평군 옥천면 아신리 940-2,2026-03-11
4183034024108560008,경기도 양평군 옥천면 아신리 856-8,2026-03-11
4183034024109260014,경기도 양평군 옥천면 아신리 926-14,2026-03-11
4183034024109260012,경기도 양평군 옥천면 아신리 926-12,2026-03-11
4183034024109260011,경기도 양평군 옥천면 아신리 926-11,2026-03-11
4183034024109260009,경기도 양평군 옥천면 아신리 926-9,2026-03-11
4183034024109250000,경기도 양평군 옥천면 아신리 925,2026-03-11
4183034024109190001,경기도 양평군 옥천면 아신리 919-1,2026-03-11
4183034024105290001,경기도 양평군 옥천면 아신리 529-1,2026-03-11
4183034024105290007,경기도 양평군 옥천면 아신리 529-7,2026-03-11
4183034024108560004,경기도 양평군 옥천면 아신리 856-4,2026-03-11
4183034024109210009,경기도 양평군 옥천면 아신리 921-9,2026-03-11
4183034024105290008,경기도 양평군 옥천면 아신리 529-8,2026-03-11
4183034024105290004,경기도 양평군 옥천면 아신리 529-4,2026-03-11
4183035021105810080,경기도 양평군 서종면 문호리 581-80,2026-03-11
4183033027100700004,경기도 양평군 양서면 대심리 70-4,2026-03-11
4183033027100700005,경기도 양평군 양서면 대심리 70-5,2026-03-11
4183033028103910006,경기도 양평군 양서면 국수리 391-6,2026-03-11
4183033025105620001,경기도 양평군 양서면 신원리 562-1,2026-03-11
4183033027101740000,경기도 양평군 양서면 대심리 174,2026-03-11
4183035021105870000,경기도 양평군 서종면 문호리 587,2026-03-11
4183033026103030008,경기도 양평군 양서면 도곡리 303-8,2026-03-11
4183035028107910003,경기도 양평군 서종면 수입리 791-3,2026-03-11
4183035028106200000,경기도 양평군 서종면 수입리 620,2026-03-11
4183025022101730003,경기도 양평군 양평읍 오빈리 173-3,2026-03-11
4183025022101500081,경기도 양평군 양평읍 오빈리 150-81,2026-03-11
4183025022104360000,경기도 양평군 양평읍 오빈리 436,2026-03-11
4183035028106180001,경기도 양평군 서종면 수입리 618-1,2026-03-11
4183035028106180002,경기도 양평군 서종면 수입리 618-2,2026-03-11
4183035028106620010,경기도 양평군 서종면 수입리 662-10,2026-03-11
4183035028106620007,경기도 양평군 서종면 수입리 662-7,2026-03-11
4183033021104030000,경기도 양평군 양서면 양수리 403,2026-03-11
4183033021104030003,경기도 양평군 양서면 양수리 403-3,2026-03-11
4183035028104420021,경기도 양평군 서종면 수입리 442-21,2026-03-11
4183025022104150005,경기도 양평군 양평읍 오빈리 415-5,2026-03-11
4183034024104890001,경기도 양평군 옥천면 아신리 489-1,2026-03-11
4183025022103980004,경기도 양평군 양평읍 오빈리 398-4,2026-03-11
4183034024104880004,경기도 양평군 옥천면 아신리 488-4,2026-03-11
4183034024104890005,경기도 양평군 옥천면 아신리 489-5,2026-03-11
4183034024104880001,경기도 양평군 옥천면 아신리 488-1,2026-03-11
4183035028106560012,경기도 양평군 서종면 수입리 656-12,2026-03-11
4183035028104420032,경기도 양평군 서종면 수입리 442-32,2026-03-11
4183035021105810081,경기도 양평군 서종면 문호리 581-81,2026-03-11
4183031021104930000,경기도 양평군 강상면 병산리 493,2026-03-11
4183032026104320000,경기도 양평군 강하면 전수리 432,2026-03-11
4183032026104310001,경기도 양평군 강하면 전수리 431-1,2026-03-11
4183032026100240013,경기도 양평군 강하면 전수리 24-13,2026-03-11
4183032026104950006,경기도 양평군 강하면 전수리 495-6,2026-03-11
4183033029102880001,경기도 양평군 양서면 복포리 288-1,2026-03-11
4183033029102860002,경기도 양평군 양서면 복포리 286-2,2026-03-11
4183032026104330006,경기도 양평군 강하면 전수리 433-6,2026-03-11
4183032026100180013,경기도 양평군 강하면 전수리 18-13,2026-03-11
4183032026104330004,경기도 양평군 강하면 전수리 433-4,2026-03-11
4183032026100180014,경기도 양평군 강하면 전수리 18-14,2026-03-11
4183033029102900003,경기도 양평군 양서면 복포리 290-3,2026-03-11
4183033029102880007,경기도 양평군 양서면 복포리 288-7,2026-03-11
4183032026104680004,경기도 양평군 강하면 전수리 468-4,2026-03-11
4183032026100240012,경기도 양평군 강하면 전수리 24-12,2026-03-11
4183033029102460003,경기도 양평군 양서면 복포리 246-3,2026-03-11
4183032026104910000,경기도 양평군 강하면 전수리 491,2026-03-11
4183032026104960000,경기도 양평군 강하면 전수리 496,2026-03-11
4183032026104900002,경기도 양평군 강하면 전수리 490-2,2026-03-11
4183032026100240010,경기도 양평군 강하면 전수리 24-10,2026-03-11
4183032026100240002,경기도 양평군 강하면 전수리 24-2,2026-03-11
4183035021105960010,경기도 양평군 서종면 문호리 596-10,2026-03-11
4183032026105610006,경기도 양평군 강하면 전수리 561-6,2026-03-11
4183032026105610004,경기도 양평군 강하면 전수리 561-4,2026-03-11
4183032026105610002,경기도 양평군 강하면 전수리 561-2,2026-03-11
4183033029103390000,경기도 양평군 양서면 복포리 339,2026-03-11
4183033029102910004,경기도 양평군 양서면 복포리 291-4,2026-03-11
4183033029102880006,경기도 양평군 양서면 복포리 288-6,2026-03-11
4183033029102880004,경기도 양평군 양서면 복포리 288-4,2026-03-11
4183033029102880002,경기도 양평군 양서면 복포리 288-2,2026-03-11
4183033029102870000,경기도 양평군 양서면 복포리 287,2026-03-11
4183033029102850003,경기도 양평군 양서면 복포리 285-3,2026-03-11
4183033029102410000,경기도 양평군 양서면 복포리 241,2026-03-11
4183032026104690002,경기도 양평군 강하면 전수리 469-2,2026-03-11
4183033029102410001,경기도 양평군 양서면 복포리 241-1,2026-03-11
4183032026104730002,경기도 양평군 강하면 전수리 473-2,2026-03-11
4183032026104680006,경기도 양평군 강하면 전수리 468-6,2026-03-11
4183033028103910003,경기도 양평군 양서면 국수리 391-3,2026-03-11
4183032026100240017,경기도 양평군 강하면 전수리 24-17,2026-03-11
4183032026104950003,경기도 양평군 강하면 전수리 495-3,2026-03-11
4183032026104900003,경기도 양평군 강하면 전수리 490-3,2026-03-11
4183032026104900001,경기도 양평군 강하면 전수리 490-1,2026-03-11
4183032026104950017,경기도 양평군 강하면 전수리 495-17,2026-03-11
4183032026104690001,경기도 양평군 강하면 전수리 469-1,2026-03-11
4183032026104950011,경기도 양평군 강하면 전수리 495-11,2026-03-11
4183033029102910003,경기도 양평군 양서면 복포리 291-3,2026-03-11
4183032026104680005,경기도 양평군 강하면 전수리 468-5,2026-03-11
4183032026100180012,경기도 양평군 강하면 전수리 18-12,2026-03-11
4183033029103230003,경기도 양평군 양서면 복포리 323-3,2026-03-11
4183033029103390003,경기도 양평군 양서면 복포리 339-3,2026-03-11
4211035030107380012,강원도 춘천시 서면 안보리 738-12,2026-03-11
4183033027100480004,경기도 양평군 양서면 대심리 48-4,2026-03-11
4183033029100850002,경기도 양평군 양서면 복포리 85-2,2026-03-11
4183033029100850004,경기도 양평군 양서면 복포리 85-4,2026-03-11
4183033029102230019,경기도 양평군 양서면 복포리 223-19,2026-03-11
4183033029102270004,경기도 양평군 양서면 복포리 227-4,2026-03-11
4183033029102270002,경기도 양평군 양서면 복포리 227-2,2026-03-11
4183032021100710007,경기도 양평군 강하면 운심리 71-7,2026-03-11
4183033029102280006,경기도 양평군 양서면 복포리 228-6,2026-03-11
4183033027100530052,경기도 양평군 양서면 대심리 53-52,2026-03-11
4183033029102280004,경기도 양평군 양서면 복포리 228-4,2026-03-11
4183033029102270005,경기도 양평군 양서면 복포리 227-5,2026-03-11
4183033029102270006,경기도 양평군 양서면 복포리 227-6,2026-03-11
4183033029102270003,경기도 양평군 양서면 복포리 227-3,2026-03-11
4183033027100700003,경기도 양평군 양서면 대심리 70-3,2026-03-11
4183033027100730006,경기도 양평군 양서면 대심리 73-6,2026-03-11
4183025022101500025,경기도 양평군 양평읍 오빈리 150-25,2026-03-11
4183025022101500026,경기도 양평군 양평읍 오빈리 150-26,2026-03-11
4183031021104930006,경기도 양평군 강상면 병산리 493-6,2026-03-11
4183025031106100009,경기도 양평군 양평읍 회현리 610-9,2026-03-11
4183025022101500083,경기도 양평군 양평읍 오빈리 150-83,2026-03-11
4183025022103760007,경기도 양평군 양평읍 오빈리 376-7,2026-03-11
4183025022101580003,경기도 양평군 양평읍 오빈리 158-3,2026-03-11
4183025022104110003,경기도 양평군 양평읍 오빈리 411-3,2026-03-11
4183041023100240008,경기도 양평군 개군면 앙덕리 24-8,2026-03-11
4183025022101500080,경기도 양평군 양평읍 오빈리 150-80,2026-03-11
4183031026105640007,경기도 양평군 강상면 세월리 564-7,2026-03-11
4183025022101590001,경기도 양평군 양평읍 오빈리 159-1,2026-03-11
4183041033102910002,경기도 양평군 개군면 상자포리 291-2,2026-03-11
4183031026105620000,경기도 양평군 강상면 세월리 562,2026-03-11
4183031026105640001,경기도 양평군 강상면 세월리 564-1,2026-03-11
4183031024200020000,경기도 양평군 강상면 신화리 산2,2026-03-11
4183031023102130007,경기도 양평군 강상면 교평리 213-7,2026-03-11
4183031023104690010,경기도 양평군 강상면 교평리 469-10,2026-03-11
4183031023104690009,경기도 양평군 강상면 교평리 469-9,2026-03-11
4183031023200040001,경기도 양평군 강상면 교평리 산4-1,2026-03-11
4183031023104700045,경기도 양평군 강상면 교평리 470-45,2026-03-11
4183031023100310017,경기도 양평군 강상면 교평리 31-17,2026-03-11
4183031023106690015,경기도 양평군 강상면 교평리 669-15,2026-03-11
4183031023101740003,경기도 양평군 강상면 교평리 174-3,2026-03-11
4183031023101750002,경기도 양평군 강상면 교평리 175-2,2026-03-11
4183031026105640005,경기도 양평군 강상면 세월리 564-5,2026-03-11
4183031023101740001,경기도 양평군 강상면 교평리 174-1,2026-03-11
4183031023104700044,경기도 양평군 강상면 교평리 470-44,2026-03-11
4183031023106690002,경기도 양평군 강상면 교평리 669-2,2026-03-11
4183031023104690011,경기도 양평군 강상면 교평리 469-11,2026-03-11
4183031023106690001,경기도 양평군 강상면 교평리 669-1,2026-03-11
4183031021100390000,경기도 양평군 강상면 병산리 39,2026-03-11
4183031023101750001,경기도 양평군 강상면 교평리 175-1,2026-03-11
4183031021110750015,경기도 양평군 강상면 병산리 1075-15,2026-03-11
4183031021110760002,경기도 양평군 강상면 병산리 1076-2,2026-03-11
4183031021110750014,경기도 양평군 강상면 병산리 1075-14,2026-03-11
4183031026105640006,경기도 양평군 강상면 세월리 564-6,2026-03-11
4183031021101810006,경기도 양평군 강상면 병산리 181-6,2026-03-11
4183031021100040011,경기도 양평군 강상면 병산리 4-11,2026-03-11
4183031021101810010,경기도 양평군 강상면 병산리 181-10,2026-03-11
4183032022103900004,경기도 양평군 강하면 왕창리 390-4,2026-03-11
4183025022101500048,경기도 양평군 양평읍 오빈리 150-48,2026-03-11
4183031021100400000,경기도 양평군 강상면 병산리 40,2026-03-11
4183032022103900003,경기도 양평군 강하면 왕창리 390-3,2026-03-11
4183032022103900005,경기도 양평군 강하면 왕창리 390-5,2026-03-11
4183031021101810013,경기도 양평군 강상면 병산리 181-13,2026-03-11
4183031021101810009,경기도 양평군 강상면 병산리 181-9,2026-03-11
4183031021101810002,경기도 양평군 강상면 병산리 181-2,2026-03-11
4183031021101810008,경기도 양평군 강상면 병산리 181-8,2026-03-11
4183025022104150001,경기도 양평군 양평읍 오빈리 415-1,2026-03-11
4183041024104670012,경기도 양평군 개군면 석장리 467-12,2026-03-11
4183025031106100155,경기도 양평군 양평읍 회현리 610-155,2026-03-11
4183025022101750005,경기도 양평군 양평읍 오빈리 175-5,2026-03-11
4183032021100700010,경기도 양평군 강하면 운심리 70-10,2026-03-11
4183025022103980008,경기도 양평군 양평읍 오빈리 398-8,2026-03-11
4183025022104140001,경기도 양평군 양평읍 오빈리 414-1,2026-03-11
4183025022103980007,경기도 양평군 양평읍 오빈리 398-7,2026-03-11
4183025022104360003,경기도 양평군 양평읍 오빈리 436-3,2026-03-11
4183041024200040000,경기도 양평군 개군면 석장리 산4,2026-03-11
4183025022104110000,경기도 양평군 양평읍 오빈리 411,2026-03-11
4183025022104460003,경기도 양평군 양평읍 오빈리 446-3,2026-03-11
4183031021100040005,경기도 양평군 강상면 병산리 4-5,2026-03-11
4183025021105560001,경기도 양평군 양평읍 양근리 556-1,2026-03-11
4183031023100160002,경기도 양평군 강상면 교평리 16-2,2026-03-11
4183025022101500079,경기도 양평군 양평읍 오빈리 150-79,2026-03-11
4183025022101500082,경기도 양평군 양평읍 오빈리 150-82,2026-03-11
4183025022103980009,경기도 양평군 양평읍 오빈리 398-9,2026-03-11
4183035028104420019,경기도 양평군 서종면 수입리 442-19,2026-03-11
4183035028104420042,경기도 양평군 서종면 수입리 442-42,2026-03-11
4183033029102230023,경기도 양평군 양서면 복포리 223-23,2026-03-11
4183025031106100154,경기도 양평군 양평읍 회현리 610-154,2026-03-11
4183035021201510012,경기도 양평군 서종면 문호리 산151-12,2026-03-11
4183031024200020003,경기도 양평군 강상면 신화리 산2-3,2026-03-11
4183025022101500037,경기도 양평군 양평읍 오빈리 150-37,2026-03-11
4183025022101750004,경기도 양평군 양평읍 오빈리 175-4,2026-03-11
4183035021106250000,경기도 양평군 서종면 문호리 625,2026-03-11
4183033021105480011,경기도 양평군 양서면 양수리 548-11,2026-03-11
4183033021105480010,경기도 양평군 양서면 양수리 548-10,2026-03-11
4183035028104450005,경기도 양평군 서종면 수입리 445-5,2026-03-11
4183033021106430006,경기도 양평군 양서면 양수리 643-6,2026-03-11
4183033021105480005,경기도 양평군 양서면 양수리 548-5,2026-03-11
4183033021106430002,경기도 양평군 양서면 양수리 643-2,2026-03-11
4183041024104670002,경기도 양평군 개군면 석장리 467-2,2026-03-11
4183025022103980003,경기도 양평군 양평읍 오빈리 398-3,2026-03-11
4183025022201150003,경기도 양평군 양평읍 오빈리 산115-3,2026-03-11
4183035021106260000,경기도 양평군 서종면 문호리 626,2026-03-11
4183025021105300005,경기도 양평군 양평읍 양근리 530-5,2026-03-11
4183035021105140010,경기도 양평군 서종면 문호리 514-10,2026-03-11
4211035030101840000,강원도 춘천시 서면 안보리 184,2026-03-11
4211035030107400008,강원도 춘천시 서면 안보리 740-8,2026-03-11
4211035030100250003,강원도 춘천시 서면 안보리 25-3,2026-03-11
4211035030106430004,강원도 춘천시 서면 안보리 643-4,2026-03-11
4211035030105970000,강원도 춘천시 서면 안보리 597,2026-03-11
4211040028103270001,강원도 춘천시 남산면 서천리 327-1,2026-03-11
4211035030101840001,강원도 춘천시 서면 안보리 184-1,2026-03-11
4211035030100810002,강원도 춘천시 서면 안보리 81-2,2026-03-11
4211035030100810008,강원도 춘천시 서면 안보리 81-8,2026-03-11
4211035030106380000,강원도 춘천시 서면 안보리 638,2026-03-11
4211035030106270000,강원도 춘천시 서면 안보리 627,2026-03-11
4211035030107380014,강원도 춘천시 서면 안보리 738-14,2026-03-11
4211035030107400010,강원도 춘천시 서면 안보리 740-10,2026-03-11
4211035030100290000,강원도 춘천시 서면 안보리 29,2026-03-11
4211040028105780003,강원도 춘천시 남산면 서천리 578-3,2026-03-11
4211035030107400006,강원도 춘천시 서면 안보리 740-6,2026-03-11
4211035030101790004,강원도 춘천시 서면 안보리 179-4,2026-03-11
4211035030100830000,강원도 춘천시 서면 안보리 83,2026-03-11
4211035030106040007,강원도 춘천시 서면 안보리 604-7,2026-03-11
4211035030106200003,강원도 춘천시 서면 안보리 620-3,2026-03-11
4211035030106370000,강원도 춘천시 서면 안보리 637,2026-03-11
4211035030106300001,강원도 춘천시 서면 안보리 630-1,2026-03-11
4211035030101790001,강원도 춘천시 서면 안보리 179-1,2026-03-11
4211035030106010000,강원도 춘천시 서면 안보리 601,2026-03-11
4211035030106220001,강원도 춘천시 서면 안보리 622-1,2026-03-11
4211035030107400012,강원도 춘천시 서면 안보리 740-12,2026-03-11
4211035030106040005,강원도 춘천시 서면 안보리 604-5,2026-03-11
4211035029103850011,강원도 춘천시 서면 당림리 385-11,2026-03-11
4211035030101840002,강원도 춘천시 서면 안보리 184-2,2026-03-11
4211035030106230011,강원도 춘천시 서면 안보리 623-11,2026-03-11
4211035029103860002,강원도 춘천시 서면 당림리 386-2,2026-03-11
4211035030100820000,강원도 춘천시 서면 안보리 82,2026-03-11
4211035030107380005,강원도 춘천시 서면 안보리 738-5,2026-03-11
4211035029103850013,강원도 춘천시 서면 당림리 385-13,2026-03-11
4211035030106050000,강원도 춘천시 서면 안보리 605,2026-03-11
4211040028102980036,강원도 춘천시 남산면 서천리 298-36,2026-03-11
4211040028105780000,강원도 춘천시 남산면 서천리 578,2026-03-11
4211035030106220005,강원도 춘천시 서면 안보리 622-5,2026-03-11
4211035029103780005,강원도 춘천시 서면 당림리 378-5,2026-03-11
4211035030100260002,강원도 춘천시 서면 안보리 26-2,2026-03-11
4211040028100300006,강원도 춘천시 남산면 서천리 30-6,2026-03-11
4211035030106200004,강원도 춘천시 서면 안보리 620-4,2026-03-11
4211035030107400009,강원도 춘천시 서면 안보리 740-9,2026-03-11
4211035030107280000,강원도 춘천시 서면 안보리 728,2026-03-11
4211035030106020004,강원도 춘천시 서면 안보리 602-4,2026-03-11
4211035030100800000,강원도 춘천시 서면 안보리 80,2026-03-11
4211035030100800002,강원도 춘천시 서면 안보리 80-2,2026-03-11
4211040028105840000,강원도 춘천시 남산면 서천리 584,2026-03-11
4211040028105780002,강원도 춘천시 남산면 서천리 578-2,2026-03-11
4211040028104710002,강원도 춘천시 남산면 서천리 471-2,2026-03-11
4313038524107950000,충청북도 충주시 중앙탑면 장천리 795,2026-03-11
4313038524107960000,충청북도 충주시 중앙탑면 장천리 796,2026-03-11
4313038524107950004,충청북도 충주시 중앙탑면 장천리 795-4,2026-03-11
4136025625105360001,경기도 남양주시 화도읍 금남리 536-1,2026-03-11
4313038524105150001,충청북도 충주시 중앙탑면 장천리 515-1,2026-03-11
4313038524111310024,충청북도 충주시 중앙탑면 장천리 1131-24,2026-03-11
4313038524105160003,충청북도 충주시 중앙탑면 장천리 516-3,2026-03-11
4313038524105150002,충청북도 충주시 중앙탑면 장천리 515-2,2026-03-11
4313038524105160001,충청북도 충주시 중앙탑면 장천리 516-1,2026-03-11
4313038524107950006,충청북도 충주시 중앙탑면 장천리 795-6,2026-03-11
4313038524107950005,충청북도 충주시 중앙탑면 장천리 795-5,2026-03-11
4313038524105070001,충청북도 충주시 중앙탑면 장천리 507-1,2026-03-11
4313038524105140000,충청북도 충주시 중앙탑면 장천리 514,2026-03-11
4136025625108060051,경기도 남양주시 화도읍 금남리 806-51,2026-03-11
4136025625108060026,경기도 남양주시 화도읍 금남리 806-26,2026-03-11
4136025625108130001,경기도 남양주시 화도읍 금남리 813-1,2026-03-11
4136025625108060019,경기도 남양주시 화도읍 금남리 806-19,2026-03-11
4136025625108060038,경기도 남양주시 화도읍 금남리 806-38,2026-03-11
4136025625108060043,경기도 남양주시 화도읍 금남리 806-43,2026-03-11
4136025625108130009,경기도 남양주시 화도읍 금남리 813-9,2026-03-11
4136025625108130008,경기도 남양주시 화도읍 금남리 813-8,2026-03-11
4136025625108060050,경기도 남양주시 화도읍 금남리 806-50,2026-03-11
4136025625108060056,경기도 남양주시 화도읍 금남리 806-56,2026-03-11
4136025625108060042,경기도 남양주시 화도읍 금남리 806-42,2026-03-11
4136025625108060024,경기도 남양주시 화도읍 금남리 806-24,2026-03-11
4136025625108060021,경기도 남양주시 화도읍 금남리 806-21,2026-03-11
4136025625106740000,경기도 남양주시 화도읍 금남리 674,2026-03-11
4136025625104170041,경기도 남양주시 화도읍 금남리 417-41,2026-03-11
4136025625101550003,경기도 남양주시 화도읍 금남리 155-3,2026-03-11
4136025625104170008,경기도 남양주시 화도읍 금남리 417-8,2026-03-11
4136025625105360003,경기도 남양주시 화도읍 금남리 536-3,2026-03-11
4136025625101760004,경기도 남양주시 화도읍 금남리 176-4,2026-03-11
4136025625103590013,경기도 남양주시 화도읍 금남리 359-13,2026-03-11
4136025625104170010,경기도 남양주시 화도읍 금남리 417-10,2026-03-11
4136025625104530001,경기도 남양주시 화도읍 금남리 453-1,2026-03-11
4136025625105110120,경기도 남양주시 화도읍 금남리 511-120,2026-03-11
4136025625104170011,경기도 남양주시 화도읍 금남리 417-11,2026-03-11
4136025625104170032,경기도 남양주시 화도읍 금남리 417-32,2026-03-11
4136025624100730007,경기도 남양주시 화도읍 구암리 73-7,2026-03-11
4136025624100730001,경기도 남양주시 화도읍 구암리 73-1,2026-03-11
4136025625101190001,경기도 남양주시 화도읍 금남리 119-1,2026-03-11
4136025625101160008,경기도 남양주시 화도읍 금남리 116-8,2026-03-11
4136025625107730004,경기도 남양주시 화도읍 금남리 773-4,2026-03-11
4136025624100440000,경기도 남양주시 화도읍 구암리 44,2026-03-11
4136025625101190002,경기도 남양주시 화도읍 금남리 119-2,2026-03-11
4136025624100450000,경기도 남양주시 화도읍 구암리 45,2026-03-11
4136025624100400000,경기도 남양주시 화도읍 구암리 40,2026-03-11
4136025625105600017,경기도 남양주시 화도읍 금남리 560-17,2026-03-11
4136025625106960001,경기도 남양주시 화도읍 금남리 696-1,2026-03-11
4136025625107200000,경기도 남양주시 화도읍 금남리 720,2026-03-11
4136025625107140001,경기도 남양주시 화도읍 금남리 714-1,2026-03-11
4136025625107190000,경기도 남양주시 화도읍 금남리 719,2026-03-11
4136025625107160002,경기도 남양주시 화도읍 금남리 716-2,2026-03-11
4136025625107730007,경기도 남양주시 화도읍 금남리 773-7,2026-03-11
4136025625107160005,경기도 남양주시 화도읍 금남리 716-5,2026-03-11
4136025625107730002,경기도 남양주시 화도읍 금남리 773-2,2026-03-11
4136025625105620044,경기도 남양주시 화도읍 금남리 562-44,2026-03-11
4136025625107730006,경기도 남양주시 화도읍 금남리 773-6,2026-03-11
4136025625107730001,경기도 남양주시 화도읍 금남리 773-1,2026-03-11
4136025625107160004,경기도 남양주시 화도읍 금남리 716-4,2026-03-11
4136025625106300000,경기도 남양주시 화도읍 금남리 630,2026-03-11
4136025625107330000,경기도 남양주시 화도읍 금남리 733,2026-03-11
4136025625107350000,경기도 남양주시 화도읍 금남리 735,2026-03-11
4136025625107350001,경기도 남양주시 화도읍 금남리 735-1,2026-03-11
4136025625107350002,경기도 남양주시 화도읍 금남리 735-2,2026-03-11
4136025625107970001,경기도 남양주시 화도읍 금남리 797-1,2026-03-11
4136025625108060055,경기도 남양주시 화도읍 금남리 806-55,2026-03-11
4136025625108060017,경기도 남양주시 화도읍 금남리 806-17,2026-03-11
4136025625108060032,경기도 남양주시 화도읍 금남리 806-32,2026-03-11
4136025625107980002,경기도 남양주시 화도읍 금남리 798-2,2026-03-11
4136025625107980001,경기도 남양주시 화도읍 금남리 798-1,2026-03-11
4136025625108000002,경기도 남양주시 화도읍 금남리 800-2,2026-03-11
4136025625108060023,경기도 남양주시 화도읍 금남리 806-23,2026-03-11
4136025625107990001,경기도 남양주시 화도읍 금남리 799-1,2026-03-11
4136025625108000003,경기도 남양주시 화도읍 금남리 800-3,2026-03-11
4136025625108060040,경기도 남양주시 화도읍 금남리 806-40,2026-03-11
4136025625108060018,경기도 남양주시 화도읍 금남리 806-18,2026-03-11
4136025625108060053,경기도 남양주시 화도읍 금남리 806-53,2026-03-11
4136025625108060046,경기도 남양주시 화도읍 금남리 806-46,2026-03-11
4136025625108060047,경기도 남양주시 화도읍 금남리 806-47,2026-03-11
4136025625108060048,경기도 남양주시 화도읍 금남리 806-48,2026-03-11
4136025625108060049,경기도 남양주시 화도읍 금남리 806-49,2026-03-11
4136025625105170004,경기도 남양주시 화도읍 금남리 517-4,2026-03-11
4136025625105710001,경기도 남양주시 화도읍 금남리 571-1,2026-03-11
4136025625105170007,경기도 남양주시 화도읍 금남리 517-7,2026-03-11
4136025625105600007,경기도 남양주시 화도읍 금남리 560-7,2026-03-11
4136025625105160001,경기도 남양주시 화도읍 금남리 516-1,2026-03-11
4136025625105160002,경기도 남양주시 화도읍 금남리 516-2,2026-03-11
4136025625105170005,경기도 남양주시 화도읍 금남리 517-5,2026-03-11
4136025625106720000,경기도 남양주시 화도읍 금남리 672,2026-03-11
4136025625105600025,경기도 남양주시 화도읍 금남리 560-25,2026-03-11
4136025625105600006,경기도 남양주시 화도읍 금남리 560-6,2026-03-11
4136025625106730000,경기도 남양주시 화도읍 금남리 673,2026-03-11
4136036025100670011,경기도 남양주시 조안면 삼봉리 67-11,2026-03-11
4136025625106300002,경기도 남양주시 화도읍 금남리 630-2,2026-03-11
4136025625106300020,경기도 남양주시 화도읍 금남리 630-20,2026-03-11
4136025624100420004,경기도 남양주시 화도읍 구암리 42-4,2026-03-11
4136025624100420000,경기도 남양주시 화도읍 구암리 42,2026-03-11
4136036021104570005,경기도 남양주시 조안면 능내리 457-5,2026-03-11
4136036021105530004,경기도 남양주시 조안면 능내리 553-4,2026-03-11
4136036021104760003,경기도 남양주시 조안면 능내리 476-3,2026-03-11
4136036021105430000,경기도 남양주시 조안면 능내리 543,2026-03-11
4136036021105430002,경기도 남양주시 조안면 능내리 543-2,2026-03-11
4136036021105430001,경기도 남양주시 조안면 능내리 543-1,2026-03-11
4136036021104490001,경기도 남양주시 조안면 능내리 449-1,2026-03-11
4136036021105380005,경기도 남양주시 조안면 능내리 538-5,2026-03-11
4136036021104480000,경기도 남양주시 조안면 능내리 448,2026-03-11
4136036021104490002,경기도 남양주시 조안면 능내리 449-2,2026-03-11
4136036021104500001,경기도 남양주시 조안면 능내리 450-1,2026-03-11
4136036021104500002,경기도 남양주시 조안면 능내리 450-2,2026-03-11
4136036022102340000,경기도 남양주시 조안면 조안리 234,2026-03-11
4136036022103520000,경기도 남양주시 조안면 조안리 352,2026-03-11
4136036024200190003,경기도 남양주시 조안면 송촌리 19-3,2026-03-11
4136036024108510000,경기도 남양주시 조안면 송촌리 851,2026-03-11
4136036024108450002,경기도 남양주시 조안면 송촌리 845-2,2026-03-11
4136036024105670002,경기도 남양주시 조안면 송촌리 567-2,2026-03-11
4136036025100700001,경기도 남양주시 조안면 삼봉리 70-1,2026-03-11
4136036024105640000,경기도 남양주시 조안면 송촌리 564,2026-03-11
4136036025106030015,경기도 남양주시 조안면 삼봉리 603-15,2026-03-11
4136036025100120004,경기도 남양주시 조안면 삼봉리 12-4,2026-03-11
4136036025100120017,경기도 남양주시 조안면 삼봉리 12-17,2026-03-11
4136025625104170043,경기도 남양주시 화도읍 금남리 417-43,2026-03-11
4136025625104170045,경기도 남양주시 화도읍 금남리 417-45,2026-03-11
4136036025100670020,경기도 남양주시 조안면 삼봉리 67-20,2026-03-11
4136036025100670010,경기도 남양주시 조안면 삼봉리 67-10,2026-03-11
4136036025100680001,경기도 남양주시 조안면 삼봉리 68-1,2026-03-11
4136025625107730005,경기도 남양주시 화도읍 금남리 773-5,2026-03-11
4136025625101530006,경기도 남양주시 화도읍 금남리 153-6,2026-03-11
4136025625101530008,경기도 남양주시 화도읍 금남리 153-8,2026-03-11
4136036021105200002,경기도 남양주시 조안면 능내리 520-2,2026-03-11
4136025625105280005,경기도 남양주시 화도읍 금남리 528-5,2026-03-11
4136025625107980000,경기도 남양주시 화도읍 금남리 798,2026-03-11
4136025625107990000,경기도 남양주시 화도읍 금남리 799,2026-03-11
4136025625101750000,경기도 남양주시 화도읍 금남리 175,2026-03-11
4136025625101750003,경기도 남양주시 화도읍 금남리 175-3,2026-03-11
4136036021101490000,경기도 남양주시 조안면 능내리 149,2026-03-11
4136036021104570001,경기도 남양주시 조안면 능내리 457-1,2026-03-11
4136036021105420002,경기도 남양주시 조안면 능내리 542-2,2026-03-11
4136025625102160000,경기도 남양주시 화도읍 금남리 216,2026-03-11
4136036021104510001,경기도 남양주시 조안면 능내리 451-1,2026-03-11
4136025625107970006,경기도 남양주시 화도읍 금남리 797-6,2026-03-11
4136036025100150000,경기도 남양주시 조안면 삼봉리 15,2026-03-11
4136036025100670009,경기도 남양주시 조안면 삼봉리 67-9,2026-03-11
4136036025100150002,경기도 남양주시 조안면 삼봉리 15-2,2026-03-11
4136036025100670018,경기도 남양주시 조안면 삼봉리 67-18,2026-03-11
4136036025100670017,경기도 남양주시 조안면 삼봉리 67-17,2026-03-11
4136036025100670024,경기도 남양주시 조안면 삼봉리 67-24,2026-03-11
4136036025100670013,경기도 남양주시 조안면 삼봉리 67-13,2026-03-11
4136036025100670021,경기도 남양주시 조안면 삼봉리 67-21,2026-03-11
4136036025100670019,경기도 남양주시 조안면 삼봉리 67-19,2026-03-11
4136036025100670016,경기도 남양주시 조안면 삼봉리 67-16,2026-03-11
4136036025100140005,경기도 남양주시 조안면 삼봉리 14-5,2026-03-11
4136036025100670022,경기도 남양주시 조안면 삼봉리 67-22,2026-03-11
4136036025100670023,경기도 남양주시 조안면 삼봉리 67-23,2026-03-11
4136036025100670012,경기도 남양주시 조안면 삼봉리 67-12,2026-03-11
4136036025100670008,경기도 남양주시 조안면 삼봉리 67-8,2026-03-11
4136036025100670001,경기도 남양주시 조안면 삼봉리 67-1,2026-03-11
4136025624100530000,경기도 남양주시 화도읍 구암리 53,2026-03-11
4136036025100700004,경기도 남양주시 조안면 삼봉리 70-4,2026-03-11
4136036025100150003,경기도 남양주시 조안면 삼봉리 15-3,2026-03-11
4136025625108060022,경기도 남양주시 화도읍 금남리 806-22,2026-03-11
4136036025100700003,경기도 남양주시 조안면 삼봉리 70-3,2026-03-11
4136036025100700000,경기도 남양주시 조안면 삼봉리 70,2026-03-11
4136036025100670003,경기도 남양주시 조안면 삼봉리 67-3,2026-03-11
4136025625101720003,경기도 남양주시 화도읍 금남리 172-3,2026-03-11
4136025625103620011,경기도 남양주시 화도읍 금남리 362-11,2026-03-11
4136025625107950001,경기도 남양주시 화도읍 금남리 795-1,2026-03-11
4136036021104720002,경기도 남양주시 조안면 능내리 472-2,2026-03-11
4136036025100660002,경기도 남양주시 조안면 삼봉리 66-2,2026-03-11
4136036025100670014,경기도 남양주시 조안면 삼봉리 67-14,2026-03-11
4136025625108060039,경기도 남양주시 화도읍 금남리 806-39,2026-03-11
4136036021104720010,경기도 남양주시 조안면 능내리 472-10,2026-03-11
4136025625108060020,경기도 남양주시 화도읍 금남리 806-20,2026-03-11
4136025625104250005,경기도 남양주시 화도읍 금남리 425-5,2026-03-11
4136036025103750005,경기도 남양주시 조안면 삼봉리 375-5,2026-03-11
4136036025103820001,경기도 남양주시 조안면 삼봉리 382-1,2026-03-11
4136036025103830001,경기도 남양주시 조안면 삼봉리 383-1,2026-03-11
4136025625104170044,경기도 남양주시 화도읍 금남리 417-44,2026-03-11
4136025625104170007,경기도 남양주시 화도읍 금남리 417-7,2026-03-11
4136025625104170046,경기도 남양주시 화도읍 금남리 417-46,2026-03-11
4146110500101950003,경기도 용인시 처인구 유방동 195-3,2026-03-11
4146110500101950001,경기도 용인시 처인구 유방동 195-1,2026-03-11
4146110500102210003,경기도 용인시 처인구 유방동 221-3,2026-03-11
4146110500102210002,경기도 용인시 처인구 유방동 221-2,2026-03-11
4146110500102210001,경기도 용인시 처인구 유방동 221-1,2026-03-11
4146110500103650002,경기도 용인시 처인구 유방동 365-2,2026-03-11
4146110800105140000,경기도 용인시 처인구 운학동 514,2026-03-11
4146110800103990020,경기도 용인시 처인구 운학동 399-20,2026-03-11
4146110800102140006,경기도 용인시 처인구 운학동 214-6,2026-03-11
4146110800102140005,경기도 용인시 처인구 운학동 214-5,2026-03-11
4146110800102140011,경기도 용인시 처인구 운학동 214-11,2026-03-11
4146110800103990021,경기도 용인시 처인구 운학동 399-21,2026-03-11
4146110800103650004,경기도 용인시 처인구 운학동 365-4,2026-03-11
4146110800101960000,경기도 용인시 처인구 운학동 196,2026-03-11
4146110900100600005,경기도 용인시 처인구 호동 60-5,2026-03-11
4146110900100600004,경기도 용인시 처인구 호동 60-4,2026-03-11
4146110900100930008,경기도 용인시 처인구 호동 93-8,2026-03-11
4146125323108190020,경기도 용인시 처인구 모현면 초부리 819-20,2026-03-11
4146110900100990017,경기도 용인시 처인구 호동 99-17,2026-03-11
4146110900101790002,경기도 용인시 처인구 호동 179-2,2026-03-11
4146110800104130001,경기도 용인시 처인구 운학동 413-1,2026-03-11
4146110900103250000,경기도 용인시 처인구 호동 325,2026-03-11
4146110900100600002,경기도 용인시 처인구 호동 60-2,2026-03-11
4146110900102020001,경기도 용인시 처인구 호동 202-1,2026-03-11
4146110800105060000,경기도 용인시 처인구 운학동 506,2026-03-11
4146110900100600007,경기도 용인시 처인구 호동 60-7,2026-03-11
4146110900100600006,경기도 용인시 처인구 호동 60-6,2026-03-11
4146110900100600009,경기도 용인시 처인구 호동 60-9,2026-03-11
4146110900101020004,경기도 용인시 처인구 호동 102-4,2026-03-11
4146110900101020001,경기도 용인시 처인구 호동 102-1,2026-03-11
4146110800105010005,경기도 용인시 처인구 운학동 501-5,2026-03-11
4146110800105010006,경기도 용인시 처인구 운학동 501-6,2026-03-11
4146110800105030002,경기도 용인시 처인구 운학동 503-2,2026-03-11
4146110800103990019,경기도 용인시 처인구 운학동 399-19,2026-03-11
4211035030101710016,강원도 춘천시 서면 안보리 171-16,2026-03-11
4146110800104130004,경기도 용인시 처인구 운학동 413-4,2026-03-11
4146110800104780007,경기도 용인시 처인구 운학동 478-7,2026-03-11
4146110800104780006,경기도 용인시 처인구 운학동 478-6,2026-03-11
4146110800104780015,경기도 용인시 처인구 운학동 478-15,2026-03-11
4146110800104780014,경기도 용인시 처인구 운학동 478-14,2026-03-11
4146110800104780000,경기도 용인시 처인구 운학동 478,2026-03-11
4146110800104830004,경기도 용인시 처인구 운학동 483-4,2026-03-11
4146110800105340018,경기도 용인시 처인구 운학동 534-18,2026-03-11
4146110800105100002,경기도 용인시 처인구 운학동 510-2,2026-03-11
4146110800104890004,경기도 용인시 처인구 운학동 489-4,2026-03-11
4146110800104880001,경기도 용인시 처인구 운학동 488-1,2026-03-11
4146110800104920004,경기도 용인시 처인구 운학동 492-4,2026-03-11
4146110800104780016,경기도 용인시 처인구 운학동 478-16,2026-03-11
4146110800104240002,경기도 용인시 처인구 운학동 424-2,2026-03-11
4146110800105100001,경기도 용인시 처인구 운학동 510-1,2026-03-11
4146110800105050000,경기도 용인시 처인구 운학동 505,2026-03-11
4146110900103480009,경기도 용인시 처인구 호동 348-9,2026-03-11
4146110900101880000,경기도 용인시 처인구 호동 188,2026-03-11
4146110900100030001,경기도 용인시 처인구 호동 3-1,2026-03-11
4146111000103690003,경기도 용인시 처인구 해곡동 369-3,2026-03-11
4146110900100930002,경기도 용인시 처인구 호동 93-2,2026-03-11
4146110900101340001,경기도 용인시 처인구 호동 134-1,2026-03-11
4146110900101340000,경기도 용인시 처인구 호동 134,2026-03-11
4146110900102840000,경기도 용인시 처인구 호동 284,2026-03-11
4146110900100320005,경기도 용인시 처인구 호동 32-5,2026-03-11
4146125021102150001,경기도 용인시 처인구 포곡읍 삼계리 215-1,2026-03-11
4146125021102080004,경기도 용인시 처인구 포곡읍 삼계리 208-4,2026-03-11
4146125021102080003,경기도 용인시 처인구 포곡읍 삼계리 208-3,2026-03-11
4146110800105100003,경기도 용인시 처인구 운학동 510-3,2026-03-11
4146125024101050002,경기도 용인시 처인구 포곡읍 영문리 105-2,2026-03-11
4146125028106200009,경기도 용인시 처인구 포곡읍 유운리 620-9,2026-03-11
4146125323108190046,경기도 용인시 처인구 모현면 초부리 819-46,2026-03-11
4146125322105630010,경기도 용인시 처인구 모현면 갈담리 563-10,2026-03-11
4146125322105820002,경기도 용인시 처인구 모현면 갈담리 582-2,2026-03-11
4146125322103040008,경기도 용인시 처인구 모현면 갈담리 304-8,2026-03-11
4146125322103040017,경기도 용인시 처인구 모현면 갈담리 304-17,2026-03-11
4146125323108190035,경기도 용인시 처인구 모현면 초부리 819-35,2026-03-11
4146125323108190013,경기도 용인시 처인구 모현면 초부리 819-13,2026-03-11
4182032527101010002,경기도 가평군 청평면 삼회리 101-2,2026-03-11
4146125323108190058,경기도 용인시 처인구 모현면 초부리 819-58,2026-03-11
4146125322105800012,경기도 용인시 처인구 모현면 갈담리 580-12,2026-03-11
4146125322105800014,경기도 용인시 처인구 모현면 갈담리 580-14,2026-03-11
4146125322105820006,경기도 용인시 처인구 모현면 갈담리 582-6,2026-03-11
4146125322105830001,경기도 용인시 처인구 모현면 갈담리 583-1,2026-03-11
4146125323100620000,경기도 용인시 처인구 모현면 초부리 62,2026-03-11
4146125323104540001,경기도 용인시 처인구 모현면 초부리 454-1,2026-03-11
4146125323104540000,경기도 용인시 처인구 모현면 초부리 454,2026-03-11
4146125324101120149,경기도 용인시 처인구 모현면 일산리 112-149,2026-03-11
4146125324101120008,경기도 용인시 처인구 모현면 일산리 112-8,2026-03-11
4146125324100990030,경기도 용인시 처인구 모현면 일산리 99-30,2026-03-11
4146110800104860003,경기도 용인시 처인구 운학동 486-3,2026-03-11
4146110800105880001,경기도 용인시 처인구 운학동 588-1,2026-03-11
4146110800104830001,경기도 용인시 처인구 운학동 483-1,2026-03-11
4146110800104830002,경기도 용인시 처인구 운학동 483-2,2026-03-11
4146110900200860003,경기도 용인시 처인구 호동 산86-3,2026-03-11
4146125323104470012,경기도 용인시 처인구 모현면 초부리 447-12,2026-03-11
4146125021104280001,경기도 용인시 처인구 포곡읍 삼계리 428-1,2026-03-11
4146125323108190029,경기도 용인시 처인구 모현면 초부리 819-29,2026-03-11
4146125323108190003,경기도 용인시 처인구 모현면 초부리 819-3,2026-03-11
4146125323108190057,경기도 용인시 처인구 모현면 초부리 819-57,2026-03-11
4146125021102580003,경기도 용인시 처인구 포곡읍 삼계리 258-3,2026-03-11
4146125021102490003,경기도 용인시 처인구 포곡읍 삼계리 249-3,2026-03-11
4146125021102580000,경기도 용인시 처인구 포곡읍 삼계리 258,2026-03-11
4146110900102620000,경기도 용인시 처인구 호동 262,2026-03-11
4146125322103040007,경기도 용인시 처인구 모현면 갈담리 304-7,2026-03-11
4146125322103060001,경기도 용인시 처인구 모현면 갈담리 306-1,2026-03-11
4146125322103060003,경기도 용인시 처인구 모현면 갈담리 306-3,2026-03-11
4146125322103040016,경기도 용인시 처인구 모현면 갈담리 304-16,2026-03-11
4146110800103990007,경기도 용인시 처인구 운학동 399-7,2026-03-11
4146110800103990009,경기도 용인시 처인구 운학동 399-9,2026-03-11
4146110800103990018,경기도 용인시 처인구 운학동 399-18,2026-03-11
4146110800105230007,경기도 용인시 처인구 운학동 523-7,2026-03-11
4146125322105800006,경기도 용인시 처인구 모현면 갈담리 580-6,2026-03-11
4146125322105800007,경기도 용인시 처인구 모현면 갈담리 580-7,2026-03-11
4146125322105800009,경기도 용인시 처인구 모현면 갈담리 580-9,2026-03-11
4146125322105800010,경기도 용인시 처인구 모현면 갈담리 580-10,2026-03-11
4146125322105800011,경기도 용인시 처인구 모현면 갈담리 580-11,2026-03-11
4146125322105840012,경기도 용인시 처인구 모현면 갈담리 584-12,2026-03-11
4146125322105840015,경기도 용인시 처인구 모현면 갈담리 584-15,2026-03-11
4146125322105840016,경기도 용인시 처인구 모현면 갈담리 584-16,2026-03-11
4146125322105840017,경기도 용인시 처인구 모현면 갈담리 584-17,2026-03-11
4146125322105880006,경기도 용인시 처인구 모현면 갈담리 588-6,2026-03-11
4146125322105880007,경기도 용인시 처인구 모현면 갈담리 588-7,2026-03-11
4146125322105880008,경기도 용인시 처인구 모현면 갈담리 588-8,2026-03-11
4146125322105630003,경기도 용인시 처인구 모현면 갈담리 563-3,2026-03-11
4146125322105820003,경기도 용인시 처인구 모현면 갈담리 582-3,2026-03-11
4146110800105130003,경기도 용인시 처인구 운학동 513-3,2026-03-11
4146110800103900000,경기도 용인시 처인구 운학동 390,2026-03-11
4146110800104290007,경기도 용인시 처인구 운학동 429-7,2026-03-11
4146110900101760000,경기도 용인시 처인구 호동 176,2026-03-11
4146110700105490006,경기도 용인시 처인구 마평동 549-6,2026-03-11
4146125028101060000,경기도 용인시 처인구 포곡읍 유운리 106,2026-03-11
4146125028100230003,경기도 용인시 처인구 포곡읍 유운리 23-3,2026-03-11
4146125028100230001,경기도 용인시 처인구 포곡읍 유운리 23-1,2026-03-11
4146125028100230002,경기도 용인시 처인구 포곡읍 유운리 23-2,2026-03-11
4146125028100230000,경기도 용인시 처인구 포곡읍 유운리 23,2026-03-11
4146125323108190031,경기도 용인시 처인구 모현면 초부리 819-31,2026-03-11
4146125322105800003,경기도 용인시 처인구 모현면 갈담리 580-3,2026-03-11
4146125322105820004,경기도 용인시 처인구 모현면 갈담리 582-4,2026-03-11
4146125322105820005,경기도 용인시 처인구 모현면 갈담리 582-5,2026-03-11
4161025026107670001,경기도 광주시 오포읍 매산리 767-1,2026-03-11
4146125322105630002,경기도 용인시 처인구 모현면 갈담리 563-2,2026-03-11
4146125322105630004,경기도 용인시 처인구 모현면 갈담리 563-4,2026-03-11
4146125322105630006,경기도 용인시 처인구 모현면 갈담리 563-6,2026-03-11
4146125322105630007,경기도 용인시 처인구 모현면 갈담리 563-7,2026-03-11
4161035025105470031,경기도 광주시 남종면 귀여리 547-31,2026-03-11
4161025026107670003,경기도 광주시 오포읍 매산리 767-3,2026-03-11
4161034028100080007,경기도 광주시 퇴촌면 무수리 8-7,2026-03-11
4161034028100080008,경기도 광주시 퇴촌면 무수리 8-8,2026-03-11
4161034028100080009,경기도 광주시 퇴촌면 무수리 8-9,2026-03-11
4161034028100080010,경기도 광주시 퇴촌면 무수리 8-10,2026-03-11
4161035027200990000,경기도 광주시 남종면 수청리 산99,2026-03-11
4161034021103220001,경기도 광주시 퇴촌면 광동리 322-1,2026-03-11
4161034021103220002,경기도 광주시 퇴촌면 광동리 322-2,2026-03-11
4161034021103230002,경기도 광주시 퇴촌면 광동리 323-2,2026-03-11
4161035021104310001,경기도 광주시 남종면 분원리 431-1,2026-03-11
4161034021103470000,경기도 광주시 퇴촌면 광동리 347,2026-03-11
4161035021104420008,경기도 광주시 남종면 분원리 442-8,2026-03-11
4161035021101410005,경기도 광주시 남종면 분원리 141-5,2026-03-11
4161035021101410009,경기도 광주시 남종면 분원리 141-9,2026-03-11
4161035021101410000,경기도 광주시 남종면 분원리 141,2026-03-11
4161035025102810006,경기도 광주시 남종면 귀여리 281-6,2026-03-11
4161034021103200003,경기도 광주시 퇴촌면 광동리 320-3,2026-03-11
4182032527102020019,경기도 가평군 청평면 삼회리 202-19,2026-03-11
4161035026100280002,경기도 광주시 남종면 검천리 28-2,2026-03-11
4161035021100160000,경기도 광주시 남종면 분원리 16,2026-03-11
4161035021200160002,경기도 광주시 남종면 분원리 산16-2,2026-03-11
4161035022102530000,경기도 광주시 남종면 금사리 253,2026-03-11
4161035022102520000,경기도 광주시 남종면 금사리 252,2026-03-11
4161034030200060000,경기도 광주시 퇴촌면 정지리 산6,2026-03-11
4161035022102300004,경기도 광주시 남종면 금사리 230-4,2026-03-11
4161035021102550026,경기도 광주시 남종면 분원리 255-26,2026-03-11
4161035021102590002,경기도 광주시 남종면 분원리 259-2,2026-03-11
4161035021102550027,경기도 광주시 남종면 분원리 255-27,2026-03-11
4161035022101340000,경기도 광주시 남종면 금사리 134,2026-03-11
4183025022102490006,경기도 양평군 양평읍 오빈리 249-6,2026-03-11
4161035022101370000,경기도 광주시 남종면 금사리 137,2026-03-11
4161035022102300001,경기도 광주시 남종면 금사리 230-1,2026-03-11
4161035027100410000,경기도 광주시 남종면 수청리 41,2026-03-11
4161035027100410001,경기도 광주시 남종면 수청리 41-1,2026-03-11
4161035027100450003,경기도 광주시 남종면 수청리 45-3,2026-03-11
4161035027100480000,경기도 광주시 남종면 수청리 48,2026-03-11
4161034030101640008,경기도 광주시 퇴촌면 정지리 164-8,2026-03-11
4161034029101450001,경기도 광주시 퇴촌면 원당리 145-1,2026-03-11
4161035021104420005,경기도 광주시 남종면 분원리 442-5,2026-03-11
4161035021104420035,경기도 광주시 남종면 분원리 442-35,2026-03-11
4161035021104420010,경기도 광주시 남종면 분원리 442-10,2026-03-11
4161035021100350000,경기도 광주시 남종면 분원리 35,2026-03-11
4161035021100440005,경기도 광주시 남종면 분원리 44-5,2026-03-11
4161035021100690005,경기도 광주시 남종면 분원리 69-5,2026-03-11
4161035022101970000,경기도 광주시 남종면 금사리 197,2026-03-11
4161034029200020005,경기도 광주시 퇴촌면 원당리 산2-5,2026-03-11
4161035027100470003,경기도 광주시 남종면 수청리 47-3,2026-03-11
4161035022101430004,경기도 광주시 남종면 금사리 143-4,2026-03-11
4161035022101430006,경기도 광주시 남종면 금사리 143-6,2026-03-11
4161034028100080011,경기도 광주시 퇴촌면 무수리 8-11,2026-03-11
4161034028100080014,경기도 광주시 퇴촌면 무수리 8-14,2026-03-11
4161034028100080012,경기도 광주시 퇴촌면 무수리 8-12,2026-03-11
4161034028100080015,경기도 광주시 퇴촌면 무수리 8-15,2026-03-11
4161034029200020004,경기도 광주시 퇴촌면 원당리 산2-4,2026-03-11
4182032527102020020,경기도 가평군 청평면 삼회리 202-20,2026-03-11
4161035021102550019,경기도 광주시 남종면 분원리 255-19,2026-03-11
4161035021101240000,경기도 광주시 남종면 분원리 124,2026-03-11
4161035027104100000,경기도 광주시 남종면 수청리 410,2026-03-11
4161035027103880001,경기도 광주시 남종면 수청리 388-1,2026-03-11
4161035021101090006,경기도 광주시 남종면 분원리 109-6,2026-03-11
4161035021200140015,경기도 광주시 남종면 분원리 산14-15,2026-03-11
4161035021104300002,경기도 광주시 남종면 분원리 430-2,2026-03-11
4161035021104300012,경기도 광주시 남종면 분원리 430-12,2026-03-11
4161035021104300004,경기도 광주시 남종면 분원리 430-4,2026-03-11
4161035021101300000,경기도 광주시 남종면 분원리 130,2026-03-11
4161035021101410004,경기도 광주시 남종면 분원리 141-4,2026-03-11
4161035021101420000,경기도 광주시 남종면 분원리 142,2026-03-11
4161035021101530006,경기도 광주시 남종면 분원리 153-6,2026-03-11
4161035027103880003,경기도 광주시 남종면 수청리 388-3,2026-03-11
4161034028100080013,경기도 광주시 퇴촌면 무수리 8-13,2026-03-11
4161035027105790000,경기도 광주시 남종면 수청리 579,2026-03-11
4161034030200050000,경기도 광주시 퇴촌면 정지리 산5,2026-03-11
4161035027100450001,경기도 광주시 남종면 수청리 45-1,2026-03-11
4161035026200270000,경기도 광주시 남종면 검천리 산27,2026-03-11
4161035023100760010,경기도 광주시 남종면 이석리 76-10,2026-03-11
4161035027201390002,경기도 광주시 남종면 수청리 산139-2,2026-03-11
4161035027200950000,경기도 광주시 남종면 수청리 산95,2026-03-11
4161035025200050004,경기도 광주시 남종면 귀여리 산5-4,2026-03-11
4161035027106990000,경기도 광주시 남종면 수청리 699,2026-03-11
4161035021101530000,경기도 광주시 남종면 분원리 153,2026-03-11
4161035022200040005,경기도 광주시 남종면 금사리 산4-5,2026-03-11
4161035023100740003,경기도 광주시 남종면 이석리 74-3,2026-03-11
4161035023100740002,경기도 광주시 남종면 이석리 74-2,2026-03-11
4161035023100740006,경기도 광주시 남종면 이석리 74-6,2026-03-11
4161035021101410002,경기도 광주시 남종면 분원리 141-2,2026-03-11
4161035021100690004,경기도 광주시 남종면 분원리 69-4,2026-03-11
4161025026107660002,경기도 광주시 오포읍 매산리 766-2,2026-03-11
4161035021101410003,경기도 광주시 남종면 분원리 141-3,2026-03-11
4161035021102550020,경기도 광주시 남종면 분원리 255-20,2026-03-11
4161035026108640001,경기도 광주시 남종면 검천리 864-1,2026-03-11
4161035027201310003,경기도 광주시 남종면 수청리 산131-3,2026-03-11
4161035027200150000,경기도 광주시 남종면 수청리 산15,2026-03-11
4161035026104990001,경기도 광주시 남종면 검천리 499-1,2026-03-11
4161035026104600001,경기도 광주시 남종면 검천리 460-1,2026-03-11
4161035027201310002,경기도 광주시 남종면 수청리 산131-2,2026-03-11
4161035026200580002,경기도 광주시 남종면 검천리 산58-2,2026-03-11
4161035022200130000,경기도 광주시 남종면 금사리 산13,2026-03-11
4161035025200750006,경기도 광주시 남종면 귀여리 산75-6,2026-03-11
4161035027100340000,경기도 광주시 남종면 수청리 34,2026-03-11
4161035027201390000,경기도 광주시 남종면 수청리 산139,2026-03-11
4161034021103250005,경기도 광주시 퇴촌면 광동리 325-5,2026-03-11
4161035026200580001,경기도 광주시 남종면 검천리 산58-1,2026-03-11
4161034028200040011,경기도 광주시 퇴촌면 무수리 산4-11,2026-03-11
4161035025200030009,경기도 광주시 남종면 귀여리 산3-9,2026-03-11
4161035023200310000,경기도 광주시 남종면 이석리 산31,2026-03-11
4161035025200060001,경기도 광주시 남종면 귀여리 산6-1,2026-03-11
4161035024200150002,경기도 광주시 남종면 삼성리 산15-2,2026-03-11
4161035027100470004,경기도 광주시 남종면 수청리 47-4,2026-03-11
4161035027201310000,경기도 광주시 남종면 수청리 산131,2026-03-11
4161035021102030001,경기도 광주시 남종면 분원리 203-1,2026-03-11
4161034028200040002,경기도 광주시 퇴촌면 무수리 산4-2,2026-03-11
4161035021102000000,경기도 광주시 남종면 분원리 200,2026-03-11
4161035027100310000,경기도 광주시 남종면 수청리 31,2026-03-11
4161035021101930000,경기도 광주시 남종면 분원리 193,2026-03-11
4161035026101120001,경기도 광주시 남종면 검천리 112-1,2026-03-11
4161035026101120002,경기도 광주시 남종면 검천리 112-2,2026-03-11
4167010500101200000,경기도 여주시 단현동 120,2026-03-11
4167010100100480003,경기도 여주시 상동 48-3,2026-03-11
4167010100100480002,경기도 여주시 상동 48-2,2026-03-11
4182032527101010018,경기도 가평군 청평면 삼회리 101-18,2026-03-11
4167032022101750001,경기도 여주시 흥천면 계신리 175-1,2026-03-11
4182032527102040025,경기도 가평군 청평면 삼회리 204-25,2026-03-11
4182032527102040022,경기도 가평군 청평면 삼회리 204-22,2026-03-11
4182032527102020002,경기도 가평군 청평면 삼회리 202-2,2026-03-11
4182032527101990020,경기도 가평군 청평면 삼회리 199-20,2026-03-11
4182032527101990039,경기도 가평군 청평면 삼회리 199-39,2026-03-11
4182032527102040018,경기도 가평군 청평면 삼회리 204-18,2026-03-11
4182032527102040010,경기도 가평군 청평면 삼회리 204-10,2026-03-11
4182032527102020026,경기도 가평군 청평면 삼회리 202-26,2026-03-11
4182032527101990023,경기도 가평군 청평면 삼회리 199-23,2026-03-11
4182032527100870003,경기도 가평군 청평면 삼회리 87-3,2026-03-11
4182032527100950002,경기도 가평군 청평면 삼회리 95-2,2026-03-11
4182032527101010020,경기도 가평군 청평면 삼회리 101-20,2026-03-11
4182032527101990021,경기도 가평군 청평면 삼회리 199-21,2026-03-11
4182032527100880000,경기도 가평군 청평면 삼회리 88,2026-03-11
4182032527100870007,경기도 가평군 청평면 삼회리 87-7,2026-03-11
4182032527102610001,경기도 가평군 청평면 삼회리 261-1,2026-03-11
4182032527102610003,경기도 가평군 청평면 삼회리 261-3,2026-03-11
4182032527102610004,경기도 가평군 청평면 삼회리 261-4,2026-03-11
4182032527102610007,경기도 가평군 청평면 삼회리 261-7,2026-03-11
4182032527102080007,경기도 가평군 청평면 삼회리 208-7,2026-03-11
4182032527102610010,경기도 가평군 청평면 삼회리 261-10,2026-03-11
4182032527102610006,경기도 가평군 청평면 삼회리 261-6,2026-03-11
4182032527102610002,경기도 가평군 청평면 삼회리 261-2,2026-03-11
4182032527102040021,경기도 가평군 청평면 삼회리 204-21,2026-03-11
4182032527102040023,경기도 가평군 청평면 삼회리 204-23,2026-03-11
4182032527102030004,경기도 가평군 청평면 삼회리 203-4,2026-03-11
4182032527102030000,경기도 가평군 청평면 삼회리 203,2026-03-11
4182032527102020031,경기도 가평군 청평면 삼회리 202-31,2026-03-11
4182032527101990019,경기도 가평군 청평면 삼회리 199-19,2026-03-11
4182032527101990017,경기도 가평군 청평면 삼회리 199-17,2026-03-11
4182032527101990016,경기도 가평군 청평면 삼회리 199-16,2026-03-11
4182032527102040012,경기도 가평군 청평면 삼회리 204-12,2026-03-11
4182032527102040015,경기도 가평군 청평면 삼회리 204-15,2026-03-11
4182032527102040008,경기도 가평군 청평면 삼회리 204-8,2026-03-11
4182032527102040024,경기도 가평군 청평면 삼회리 204-24,2026-03-11
4182032527102030007,경기도 가평군 청평면 삼회리 203-7,2026-03-11
4182032527102020024,경기도 가평군 청평면 삼회리 202-24,2026-03-11
4182032527101990025,경기도 가평군 청평면 삼회리 199-25,2026-03-11
4182032527102020022,경기도 가평군 청평면 삼회리 202-22,2026-03-11
4182032527101990024,경기도 가평군 청평면 삼회리 199-24,2026-03-11
4182032527101990038,경기도 가평군 청평면 삼회리 199-38,2026-03-11
4182032527102020032,경기도 가평군 청평면 삼회리 202-32,2026-03-11
4182032527102020007,경기도 가평군 청평면 삼회리 202-7,2026-03-11
4182032527101990031,경기도 가평군 청평면 삼회리 199-31,2026-03-11
4182032527101990032,경기도 가평군 청평면 삼회리 199-32,2026-03-11
4182032527101990028,경기도 가평군 청평면 삼회리 199-28,2026-03-11
4182032527101990027,경기도 가평군 청평면 삼회리 199-27,2026-03-11
4182032527101040016,경기도 가평군 청평면 삼회리 104-16,2026-03-11
4182032527102070009,경기도 가평군 청평면 삼회리 207-9,2026-03-11
4182032527102070012,경기도 가평군 청평면 삼회리 207-12,2026-03-11
4182032527102040003,경기도 가평군 청평면 삼회리 204-3,2026-03-11
4182032527102070011,경기도 가평군 청평면 삼회리 207-11,2026-03-11
4182032527102040016,경기도 가평군 청평면 삼회리 204-16,2026-03-11
4182032527102080025,경기도 가평군 청평면 삼회리 208-25,2026-03-11
4182032527102080015,경기도 가평군 청평면 삼회리 208-15,2026-03-11
4182032527102080006,경기도 가평군 청평면 삼회리 208-6,2026-03-11
4182032527102970000,경기도 가평군 청평면 삼회리 297,2026-03-11
4182032527100870008,경기도 가평군 청평면 삼회리 87-8,2026-03-11
4182032527101990029,경기도 가평군 청평면 삼회리 199-29,2026-03-11
4182032527102020034,경기도 가평군 청평면 삼회리 202-34,2026-03-11
4182032527101990013,경기도 가평군 청평면 삼회리 199-13,2026-03-11
4182032527101990015,경기도 가평군 청평면 삼회리 199-15,2026-03-11
4182032527101990012,경기도 가평군 청평면 삼회리 199-12,2026-03-11
4182032527101990011,경기도 가평군 청평면 삼회리 199-11,2026-03-11
4182032527101990007,경기도 가평군 청평면 삼회리 199-7,2026-03-11
4182032527101990009,경기도 가평군 청평면 삼회리 199-9,2026-03-11
4182032527101990037,경기도 가평군 청평면 삼회리 199-37,2026-03-11
4182032527101990010,경기도 가평군 청평면 삼회리 199-10,2026-03-11
4182032527101990033,경기도 가평군 청평면 삼회리 199-33,2026-03-11
4182032527101990034,경기도 가평군 청평면 삼회리 199-34,2026-03-11
4182032527101930031,경기도 가평군 청평면 삼회리 193-31,2026-03-11
4182032527101980010,경기도 가평군 청평면 삼회리 198-10,2026-03-11
4182032527101930012,경기도 가평군 청평면 삼회리 193-12,2026-03-11
4182032527101030004,경기도 가평군 청평면 삼회리 103-4,2026-03-11
4182032527101980001,경기도 가평군 청평면 삼회리 198-1,2026-03-11
4182032527101930029,경기도 가평군 청평면 삼회리 193-29,2026-03-11
4182032527101930030,경기도 가평군 청평면 삼회리 193-30,2026-03-11
4182032527101910016,경기도 가평군 청평면 삼회리 191-16,2026-03-11
4182032527101040007,경기도 가평군 청평면 삼회리 104-7,2026-03-11
4182032527101930004,경기도 가평군 청평면 삼회리 193-4,2026-03-11
4182032527101910003,경기도 가평군 청평면 삼회리 191-3,2026-03-11
4182032527101890035,경기도 가평군 청평면 삼회리 189-35,2026-03-11
4182032527101980002,경기도 가평군 청평면 삼회리 198-2,2026-03-11
4182032527101930014,경기도 가평군 청평면 삼회리 193-14,2026-03-11
4182032527101930013,경기도 가평군 청평면 삼회리 193-13,2026-03-11
4182032527101930040,경기도 가평군 청평면 삼회리 193-40,2026-03-11
4182032527102040013,경기도 가평군 청평면 삼회리 204-13,2026-03-11
4182032527102020027,경기도 가평군 청평면 삼회리 202-27,2026-03-11
4182032527102040011,경기도 가평군 청평면 삼회리 204-11,2026-03-11
4182032527102030005,경기도 가평군 청평면 삼회리 203-5,2026-03-11
4182032527102080024,경기도 가평군 청평면 삼회리 208-24,2026-03-11
4182032527102090001,경기도 가평군 청평면 삼회리 209-1,2026-03-11
4182032527102040019,경기도 가평군 청평면 삼회리 204-19,2026-03-11
4182032527102070001,경기도 가평군 청평면 삼회리 207-1,2026-03-11
4182032527101990040,경기도 가평군 청평면 삼회리 199-40,2026-03-11
4182032527101990030,경기도 가평군 청평면 삼회리 199-30,2026-03-11
4182032527102020033,경기도 가평군 청평면 삼회리 202-33,2026-03-11
4182032527101990018,경기도 가평군 청평면 삼회리 199-18,2026-03-11
4182032527101990026,경기도 가평군 청평면 삼회리 199-26,2026-03-11
4182032527101990035,경기도 가평군 청평면 삼회리 199-35,2026-03-11
4182032527102020030,경기도 가평군 청평면 삼회리 202-30,2026-03-11
4182032527101990022,경기도 가평군 청평면 삼회리 199-22,2026-03-11
4182032527102020021,경기도 가평군 청평면 삼회리 202-21,2026-03-11
4182032527102030008,경기도 가평군 청평면 삼회리 203-8,2026-03-11
4182032527102020025,경기도 가평군 청평면 삼회리 202-25,2026-03-11
4182032527102020018,경기도 가평군 청평면 삼회리 202-18,2026-03-11
4182032527102030006,경기도 가평군 청평면 삼회리 203-6,2026-03-11
4182032527100900000,경기도 가평군 청평면 삼회리 90,2026-03-11
4182032527101980015,경기도 가평군 청평면 삼회리 198-15,2026-03-11
4182032527100870009,경기도 가평군 청평면 삼회리 87-9,2026-03-11
4182032527102080027,경기도 가평군 청평면 삼회리 208-27,2026-03-11
4182032527102040017,경기도 가평군 청평면 삼회리 204-17,2026-03-11
4182032527101710017,경기도 가평군 청평면 삼회리 171-17,2026-03-11
4182032527101990000,경기도 가평군 청평면 삼회리 199,2026-03-11
4182032527101990008,경기도 가평군 청평면 삼회리 199-8,2026-03-11
4182032527101990014,경기도 가평군 청평면 삼회리 199-14,2026-03-11
4182032527101990036,경기도 가평군 청평면 삼회리 199-36,2026-03-11
4182032527102020029,경기도 가평군 청평면 삼회리 202-29,2026-03-11
4182032527102020028,경기도 가평군 청평면 삼회리 202-28,2026-03-11
4182032527102020023,경기도 가평군 청평면 삼회리 202-23,2026-03-11
4182032527102040020,경기도 가평군 청평면 삼회리 204-20,2026-03-11
4182032527102040002,경기도 가평군 청평면 삼회리 204-2,2026-03-11
4182032527102040009,경기도 가평군 청평면 삼회리 204-9,2026-03-11
4182032527102040001,경기도 가평군 청평면 삼회리 204-1,2026-03-11
4182032527102040014,경기도 가평군 청평면 삼회리 204-14,2026-03-11
4182032527102020017,경기도 가평군 청평면 삼회리 202-17,2026-03-11
4182032527102030009,경기도 가평군 청평면 삼회리 203-9,2026-03-11
4182032527102040006,경기도 가평군 청평면 삼회리 204-6,2026-03-11
4182032527101930011,경기도 가평군 청평면 삼회리 193-11,2026-03-11
4182032527101930026,경기도 가평군 청평면 삼회리 193-26,2026-03-11
4182032527102980000,경기도 가평군 청평면 삼회리 298,2026-03-11
4182032527102610008,경기도 가평군 청평면 삼회리 261-8,2026-03-11
4182032527102070010,경기도 가평군 청평면 삼회리 207-10,2026-03-11
4182032527102610009,경기도 가평군 청평면 삼회리 261-9,2026-03-11
4182032527102610000,경기도 가평군 청평면 삼회리 261,2026-03-11
4182032527102970001,경기도 가평군 청평면 삼회리 297-1,2026-03-11
4182032527102970002,경기도 가평군 청평면 삼회리 297-2,2026-03-11
4182032527106200002,경기도 가평군 청평면 삼회리 620-2,2026-03-11
4182032524100680007,경기도 가평군 청평면 대성리 68-7,2026-03-11
4182032524201790005,경기도 가평군 청평면 대성리 산179-5,2026-03-11
4182032524103450003,경기도 가평군 청평면 대성리 345-3,2026-03-11
4182032524100680001,경기도 가평군 청평면 대성리 68-1,2026-03-11
4182032524103430007,경기도 가평군 청평면 대성리 343-7,2026-03-11
4182032524103430005,경기도 가평군 청평면 대성리 343-5,2026-03-11
4182032524103520002,경기도 가평군 청평면 대성리 352-2,2026-03-11
4182032525103390006,경기도 가평군 청평면 호명리 339-6,2026-03-11
4182032525103390001,경기도 가평군 청평면 호명리 339-1,2026-03-11
4182032524103470000,경기도 가평군 청평면 대성리 347,2026-03-11
4182032524103430002,경기도 가평군 청평면 대성리 343-2,2026-03-11
4182032525103390010,경기도 가평군 청평면 호명리 339-10,2026-03-11
4182032524103780001,경기도 가평군 청평면 대성리 378-1,2026-03-11
4182032524103460001,경기도 가평군 청평면 대성리 346-1,2026-03-11
4182032524103520001,경기도 가평군 청평면 대성리 352-1,2026-03-11
4182032525103390000,경기도 가평군 청평면 호명리 339,2026-03-11
4182032525102690001,경기도 가평군 청평면 호명리 269-1,2026-03-11
4182032524103520000,경기도 가평군 청평면 대성리 352,2026-03-11
4182032524106230025,경기도 가평군 청평면 대성리 623-25,2026-03-11
4182032526100660002,경기도 가평군 청평면 고성리 66-2,2026-03-11
4182032526103400005,경기도 가평군 청평면 고성리 340-5,2026-03-11
4182032526103400010,경기도 가평군 청평면 고성리 340-10,2026-03-11
4182032526103400008,경기도 가평군 청평면 고성리 340-8,2026-03-11
4183035021105920117,경기도 양평군 서종면 문호리 592-117,2026-03-11
4182032526104890002,경기도 가평군 청평면 고성리 489-2,2026-03-11
4182032526103400013,경기도 가평군 청평면 고성리 340-13,2026-03-11
4182032526103400011,경기도 가평군 청평면 고성리 340-11,2026-03-11
4182032526103400016,경기도 가평군 청평면 고성리 340-16,2026-03-11
4182032526101010000,경기도 가평군 청평면 고성리 101,2026-03-11
4182032526100660004,경기도 가평군 청평면 고성리 66-4,2026-03-11
4182032524103770001,경기도 가평군 청평면 대성리 377-1,2026-03-11
4182032526100680000,경기도 가평군 청평면 고성리 68,2026-03-11
4182032526100650002,경기도 가평군 청평면 고성리 65-2,2026-03-11
4182032526100670000,경기도 가평군 청평면 고성리 67,2026-03-11
4182032526201390006,경기도 가평군 청평면 고성리 산139-6,2026-03-11
4182032526100710000,경기도 가평군 청평면 고성리 71,2026-03-11
4182032526100780001,경기도 가평군 청평면 고성리 78-1,2026-03-11
4182032526100860001,경기도 가평군 청평면 고성리 86-1,2026-03-11
4182032526100700002,경기도 가평군 청평면 고성리 70-2,2026-03-11
4182032526100670002,경기도 가평군 청평면 고성리 67-2,2026-03-11
4182032526100920000,경기도 가평군 청평면 고성리 92,2026-03-11
4182032526100730002,경기도 가평군 청평면 고성리 73-2,2026-03-11
4182032526100660005,경기도 가평군 청평면 고성리 66-5,2026-03-11
4182032526100690000,경기도 가평군 청평면 고성리 69,2026-03-11
4182032526100640001,경기도 가평군 청평면 고성리 64-1,2026-03-11
4182032526101400005,경기도 가평군 청평면 고성리 140-5,2026-03-11
4182032526101360004,경기도 가평군 청평면 고성리 136-4,2026-03-11
4182032526105800004,경기도 가평군 청평면 고성리 580-4,2026-03-11
4182032526105820000,경기도 가평군 청평면 고성리 582,2026-03-11
4182032526105790003,경기도 가평군 청평면 고성리 579-3,2026-03-11
4182032526105840002,경기도 가평군 청평면 고성리 584-2,2026-03-11
4182032526100850002,경기도 가평군 청평면 고성리 85-2,2026-03-11
4182032526100940000,경기도 가평군 청평면 고성리 94,2026-03-11
4182032526100930000,경기도 가평군 청평면 고성리 93,2026-03-11
4182032526102600000,경기도 가평군 청평면 고성리 260,2026-03-11
4182032526103400007,경기도 가평군 청평면 고성리 340-7,2026-03-11
4182032526103400014,경기도 가평군 청평면 고성리 340-14,2026-03-11
4182032526100720002,경기도 가평군 청평면 고성리 72-2,2026-03-11
4182032525103390002,경기도 가평군 청평면 호명리 339-2,2026-03-11
4182032525200190001,경기도 가평군 청평면 호명리 산19-1,2026-03-11
4182032525102700002,경기도 가평군 청평면 호명리 270-2,2026-03-11
4182032526103400009,경기도 가평군 청평면 고성리 340-9,2026-03-11
4182032526103460000,경기도 가평군 청평면 고성리 346,2026-03-11
4182032525103390008,경기도 가평군 청평면 호명리 339-8,2026-03-11
4182032525201420013,경기도 가평군 청평면 호명리 산142-13,2026-03-11
4182032526103400003,경기도 가평군 청평면 고성리 340-3,2026-03-11
4182032526103400001,경기도 가평군 청평면 고성리 340-1,2026-03-11
4182032526103440003,경기도 가평군 청평면 고성리 344-3,2026-03-11
4182032526104890000,경기도 가평군 청평면 고성리 489,2026-03-11
4182032526103400006,경기도 가평군 청평면 고성리 340-6,2026-03-11
4182032526103400004,경기도 가평군 청평면 고성리 340-4,2026-03-11
4182032526103450000,경기도 가평군 청평면 고성리 345,2026-03-11
4182032526103400012,경기도 가평군 청평면 고성리 340-12,2026-03-11
4182032526103400015,경기도 가평군 청평면 고성리 340-15,2026-03-11
4182031023103510000,경기도 가평군 설악면 회곡리 351,2026-03-11
4182031023107440010,경기도 가평군 설악면 회곡리 744-10,2026-03-11
4182031023107440002,경기도 가평군 설악면 회곡리 744-2,2026-03-11
4182031023107440006,경기도 가평군 설악면 회곡리 744-6,2026-03-11
4182031023107440007,경기도 가평군 설악면 회곡리 744-7,2026-03-11
4182031023107370008,경기도 가평군 설악면 회곡리 737-8,2026-03-11
4182031023107370002,경기도 가평군 설악면 회곡리 737-2,2026-03-11
4182031023103510001,경기도 가평군 설악면 회곡리 351-1,2026-03-11
4182031024101390000,경기도 가평군 설악면 사룡리 139,2026-03-11
4182031024101660000,경기도 가평군 설악면 사룡리 166,2026-03-11
4182031023107370013,경기도 가평군 설악면 회곡리 737-13,2026-03-11
4182031023107370010,경기도 가평군 설악면 회곡리 737-10,2026-03-11
4182031023107370011,경기도 가평군 설악면 회곡리 737-11,2026-03-11
4182025033104620001,경기도 가평군 가평읍 복장리 462-1,2026-03-11
4182025033100230007,경기도 가평군 가평읍 복장리 23-7,2026-03-11
4182025033104510002,경기도 가평군 가평읍 복장리 451-2,2026-03-11
4182025033104620006,경기도 가평군 가평읍 복장리 462-6,2026-03-11
4182025033104620000,경기도 가평군 가평읍 복장리 462,2026-03-11
4182025033104620009,경기도 가평군 가평읍 복장리 462-9,2026-03-11
4182025033100230004,경기도 가평군 가평읍 복장리 23-4,2026-03-11
4182025034100920000,경기도 가평군 가평읍 금대리 92,2026-03-11
4182025034101250006,경기도 가평군 가평읍 금대리 125-6,2026-03-11
4182025034101260000,경기도 가평군 가평읍 금대리 126,2026-03-11
4182025034101260001,경기도 가평군 가평읍 금대리 126-1,2026-03-11
4182025034101280000,경기도 가평군 가평읍 금대리 128,2026-03-11
4183035028107590007,경기도 양평군 서종면 수입리 759-7,2026-03-11
4182025030202600001,경기도 가평군 가평읍 개곡리 산260-1,2026-03-11
4182032525103910001,경기도 가평군 청평면 호명리 391-1,2026-03-11
4182032527101040017,경기도 가평군 청평면 삼회리 104-17,2026-03-11
4182032524103210010,경기도 가평군 청평면 대성리 321-10,2026-03-11
4183025031104930009,경기도 양평군 양평읍 회현리 493-9,2026-03-11
4183025031103110000,경기도 양평군 양평읍 회현리 311,2026-03-11
4183025031104930012,경기도 양평군 양평읍 회현리 493-12,2026-03-11
4183041023100240016,경기도 양평군 개군면 앙덕리 24-16,2026-03-11
4183041021102530001,경기도 양평군 개군면 하자포리 253-1,2026-03-11
4183041021102530002,경기도 양평군 개군면 하자포리 253-2,2026-03-11
4183041023100240007,경기도 양평군 개군면 앙덕리 24-7,2026-03-11
4183033022105070039,경기도 양평군 양서면 용담리 507-39,2026-03-11
4183031021110750001,경기도 양평군 강상면 병산리 1075-1,2026-03-11
4183033021105840003,경기도 양평군 양서면 양수리 584-3,2026-03-11
4183033022105340011,경기도 양평군 양서면 용담리 534-11,2026-03-11
4183033021105070004,경기도 양평군 양서면 양수리 507-4,2026-03-11
4183033022105070027,경기도 양평군 양서면 용담리 507-27,2026-03-11
4183033022105070026,경기도 양평군 양서면 용담리 507-26,2026-03-11
4183033022105070029,경기도 양평군 양서면 용담리 507-29,2026-03-11
4183035028107670004,경기도 양평군 서종면 수입리 767-4,2026-03-11
4183035028106650004,경기도 양평군 서종면 수입리 665-4,2026-03-11
4183035021105960021,경기도 양평군 서종면 문호리 596-21,2026-03-11
4183035021105960020,경기도 양평군 서종면 문호리 596-20,2026-03-11
4183035021105920023,경기도 양평군 서종면 문호리 592-23,2026-03-11
4183034021108750005,경기도 양평군 옥천면 옥천리 875-5,2026-03-11
4183034021108750034,경기도 양평군 옥천면 옥천리 875-34,2026-03-11
4183034021108750020,경기도 양평군 옥천면 옥천리 875-20,2026-03-11
4183034021108760012,경기도 양평군 옥천면 옥천리 876-12,2026-03-11
4183034021108760011,경기도 양평군 옥천면 옥천리 876-11,2026-03-11
4183041024104670005,경기도 양평군 개군면 석장리 467-5,2026-03-11
4183034021109130003,경기도 양평군 옥천면 옥천리 913-3,2026-03-11
4183034021108690030,경기도 양평군 옥천면 옥천리 869-30,2026-03-11
4183034021109130007,경기도 양평군 옥천면 옥천리 913-7,2026-03-11
4183034021109130006,경기도 양평군 옥천면 옥천리 913-6,2026-03-11
4183034021108750002,경기도 양평군 옥천면 옥천리 875-2,2026-03-11
4183034021108750026,경기도 양평군 옥천면 옥천리 875-26,2026-03-11
4183034021108750024,경기도 양평군 옥천면 옥천리 875-24,2026-03-11
4183034021108750036,경기도 양평군 옥천면 옥천리 875-36,2026-03-11
4183034021108760002,경기도 양평군 옥천면 옥천리 876-2,2026-03-11
4183035021105730001,경기도 양평군 서종면 문호리 573-1,2026-03-11
4183035021105920107,경기도 양평군 서종면 문호리 592-107,2026-03-11
4183034021108750004,경기도 양평군 옥천면 옥천리 875-4,2026-03-11
4183034021108750037,경기도 양평군 옥천면 옥천리 875-37,2026-03-11
4183034021108750038,경기도 양평군 옥천면 옥천리 875-38,2026-03-11
4183034021108750003,경기도 양평군 옥천면 옥천리 875-3,2026-03-11
4183034021108690021,경기도 양평군 옥천면 옥천리 869-21,2026-03-11
4183034021108750039,경기도 양평군 옥천면 옥천리 875-39,2026-03-11
4183033022105070022,경기도 양평군 양서면 용담리 507-22,2026-03-11
4183034021108740000,경기도 양평군 옥천면 옥천리 874,2026-03-11
4183035028107930001,경기도 양평군 서종면 수입리 793-1,2026-03-11
4183035028107920003,경기도 양평군 서종면 수입리 792-3,2026-03-11
4183034021108720005,경기도 양평군 옥천면 옥천리 872-5,2026-03-11
4183034021108750025,경기도 양평군 옥천면 옥천리 875-25,2026-03-11
4183034021108750027,경기도 양평군 옥천면 옥천리 875-27,2026-03-11
4183034021108750035,경기도 양평군 옥천면 옥천리 875-35,2026-03-11
4183034021108760005,경기도 양평군 옥천면 옥천리 876-5,2026-03-11
4183034021108750001,경기도 양평군 옥천면 옥천리 875-1,2026-03-11
4183035028106490028,경기도 양평군 서종면 수입리 649-28,2026-03-11
4183035028106460007,경기도 양평군 서종면 수입리 646-7,2026-03-11
4183034021108720006,경기도 양평군 옥천면 옥천리 872-6,2026-03-11
4183033022105070042,경기도 양평군 양서면 용담리 507-42,2026-03-11
4183034021108750007,경기도 양평군 옥천면 옥천리 875-7,2026-03-11
4183034021108750006,경기도 양평군 옥천면 옥천리 875-6,2026-03-11
4183035028104430010,경기도 양평군 서종면 수입리 443-10,2026-03-11
4183035028106560010,경기도 양평군 서종면 수입리 656-10,2026-03-11
4183034021108720010,경기도 양평군 옥천면 옥천리 872-10,2026-03-11
4183034021200200002,경기도 양평군 옥천면 옥천리 산20-2,2026-03-11
4183034024109210008,경기도 양평군 옥천면 아신리 921-8,2026-03-11
4183035021105960011,경기도 양평군 서종면 문호리 596-11,2026-03-11
4183035021105960017,경기도 양평군 서종면 문호리 596-17,2026-03-11
4183034024109260008,경기도 양평군 옥천면 아신리 926-8,2026-03-11
4183034024109240001,경기도 양평군 옥천면 아신리 924-1,2026-03-11
4183034024104780014,경기도 양평군 옥천면 아신리 478-14,2026-03-11
4183034024104780013,경기도 양평군 옥천면 아신리 478-13,2026-03-11
4183034024104780011,경기도 양평군 옥천면 아신리 478-11,2026-03-11
4183034024104780007,경기도 양평군 옥천면 아신리 478-7,2026-03-11
4183034024104780012,경기도 양평군 옥천면 아신리 478-12,2026-03-11
4183034024104780005,경기도 양평군 옥천면 아신리 478-5,2026-03-11
4183034024109090008,경기도 양평군 옥천면 아신리 909-8,2026-03-11
4183034024109090004,경기도 양평군 옥천면 아신리 909-4,2026-03-11
4183035021105960004,경기도 양평군 서종면 문호리 596-4,2026-03-11
4183034024108560005,경기도 양평군 옥천면 아신리 856-5,2026-03-11
4183034024109250001,경기도 양평군 옥천면 아신리 925-1,2026-03-11
4183034024109210007,경기도 양평군 옥천면 아신리 921-7,2026-03-11
4183035021105960018,경기도 양평군 서종면 문호리 596-18,2026-03-11
4183034024105060001,경기도 양평군 옥천면 아신리 506-1,2026-03-11
4183034024109070001,경기도 양평군 옥천면 아신리 907-1,2026-03-11
4183034024109030002,경기도 양평군 옥천면 아신리 903-2,2026-03-11
4183034024109030006,경기도 양평군 옥천면 아신리 903-6,2026-03-11
4183034024105050000,경기도 양평군 옥천면 아신리 505,2026-03-11
4183035021105920115,경기도 양평군 서종면 문호리 592-115,2026-03-11
4183033027100600026,경기도 양평군 양서면 대심리 60-26,2026-03-11
4183033027100300046,경기도 양평군 양서면 대심리 30-46,2026-03-11
4183033021200260001,경기도 양평군 양서면 양수리 산26-1,2026-03-11
4183033027100300051,경기도 양평군 양서면 대심리 30-51,2026-03-11
4183033027100600021,경기도 양평군 양서면 대심리 60-21,2026-03-11
4183035028104430003,경기도 양평군 서종면 수입리 443-3,2026-03-11
4183035028107910000,경기도 양평군 서종면 수입리 791,2026-03-11
4183035021105920108,경기도 양평군 서종면 문호리 592-108,2026-03-11
4183035028107660000,경기도 양평군 서종면 수입리 766,2026-03-11
4183035028200490020,경기도 양평군 서종면 수입리 산49-20,2026-03-11
4183034024109030005,경기도 양평군 옥천면 아신리 903-5,2026-03-11
4183034024109060001,경기도 양평군 옥천면 아신리 906-1,2026-03-11
4183035028106430001,경기도 양평군 서종면 수입리 643-1,2026-03-11
4183034024109070004,경기도 양평군 옥천면 아신리 907-4,2026-03-11
4183034024109030004,경기도 양평군 옥천면 아신리 903-4,2026-03-11
4183034024109030003,경기도 양평군 옥천면 아신리 903-3,2026-03-11
4183035021105710001,경기도 양평군 서종면 문호리 571-1,2026-03-11
4183035028106490025,경기도 양평군 서종면 수입리 649-25,2026-03-11
4183033021200180001,경기도 양평군 양서면 양수리 산18-1,2026-03-11
4183031021101710004,경기도 양평군 강상면 병산리 171-4,2026-03-11
4183025021105010005,경기도 양평군 양평읍 양근리 501-5,2026-03-11
4183031021101890002,경기도 양평군 강상면 병산리 189-2,2026-03-11
4183031021101890004,경기도 양평군 강상면 병산리 189-4,2026-03-11
4183031021110720001,경기도 양평군 강상면 병산리 1072-1,2026-03-11
4183032026104680000,경기도 양평군 강하면 전수리 468,2026-03-11
4183032026104670022,경기도 양평군 강하면 전수리 467-22,2026-03-11
4183033029102460001,경기도 양평군 양서면 복포리 246-1,2026-03-11
4183033029101570006,경기도 양평군 양서면 복포리 157-6,2026-03-11
4183033029100850005,경기도 양평군 양서면 복포리 85-5,2026-03-11
4183032026104670000,경기도 양평군 강하면 전수리 467,2026-03-11
4183033029100850001,경기도 양평군 양서면 복포리 85-1,2026-03-11
4183033029101800000,경기도 양평군 양서면 복포리 180,2026-03-11
4183032026104230002,경기도 양평군 강하면 전수리 423-2,2026-03-11
4183033027100650001,경기도 양평군 양서면 대심리 65-1,2026-03-11
4183033029102020002,경기도 양평군 양서면 복포리 202-2,2026-03-11
4183033027101930003,경기도 양평군 양서면 대심리 193-3,2026-03-11
4183033027100970003,경기도 양평군 양서면 대심리 97-3,2026-03-11
4183033027100970016,경기도 양평군 양서면 대심리 97-16,2026-03-11
4183031021101890000,경기도 양평군 강상면 병산리 189,2026-03-11
4183031021101890003,경기도 양평군 강상면 병산리 189-3,2026-03-11
4183031021101880002,경기도 양평군 강상면 병산리 188-2,2026-03-11
4183031021111160002,경기도 양평군 강상면 병산리 1116-2,2026-03-11
4183031021101890001,경기도 양평군 강상면 병산리 189-1,2026-03-11
4183031021101880004,경기도 양평군 강상면 병산리 188-4,2026-03-11
4183041023100240030,경기도 양평군 개군면 앙덕리 24-30,2026-03-11
4183041023100240032,경기도 양평군 개군면 앙덕리 24-32,2026-03-11
4183025021105020012,경기도 양평군 양평읍 양근리 502-12,2026-03-11
4183025031104930016,경기도 양평군 양평읍 회현리 493-16,2026-03-11
4183041023100240023,경기도 양평군 개군면 앙덕리 24-23,2026-03-11
4183031025100310019,경기도 양평군 강상면 화양리 31-19,2026-03-11
4183031025100310001,경기도 양평군 강상면 화양리 31-1,2026-03-11
4183031025100310016,경기도 양평군 강상면 화양리 31-16,2026-03-11
4183031025100310017,경기도 양평군 강상면 화양리 31-17,2026-03-11
4183025031103110002,경기도 양평군 양평읍 회현리 311-2,2026-03-11
4183031025100310003,경기도 양평군 강상면 화양리 31-3,2026-03-11
4183031025100310015,경기도 양평군 강상면 화양리 31-15,2026-03-11
4183031025100310018,경기도 양평군 강상면 화양리 31-18,2026-03-11
4183031025100310020,경기도 양평군 강상면 화양리 31-20,2026-03-11
4183031023102210003,경기도 양평군 강상면 교평리 221-3,2026-03-11
4183031023101890001,경기도 양평군 강상면 교평리 189-1,2026-03-11
4183031021101880005,경기도 양평군 강상면 병산리 188-5,2026-03-11
4183031023102230000,경기도 양평군 강상면 교평리 223,2026-03-11
4183031023102220000,경기도 양평군 강상면 교평리 222,2026-03-11
4183031023101920000,경기도 양평군 강상면 교평리 192,2026-03-11
4183031023101890002,경기도 양평군 강상면 교평리 189-2,2026-03-11
4183031023102210004,경기도 양평군 강상면 교평리 221-4,2026-03-11
4183031023101900000,경기도 양평군 강상면 교평리 190,2026-03-11
4183031023101930000,경기도 양평군 강상면 교평리 193,2026-03-11
4183031023101940000,경기도 양평군 강상면 교평리 194,2026-03-11
4183031023101980001,경기도 양평군 강상면 교평리 198-1,2026-03-11
4183031023101890005,경기도 양평군 강상면 교평리 189-5,2026-03-11
4183031021101710002,경기도 양평군 강상면 병산리 171-2,2026-03-11
4183031021101710003,경기도 양평군 강상면 병산리 171-3,2026-03-11
4183031021101710001,경기도 양평군 강상면 병산리 171-1,2026-03-11
4183031021102590003,경기도 양평군 강상면 병산리 259-3,2026-03-11
4183031023102010000,경기도 양평군 강상면 교평리 201,2026-03-11
4183031021110720010,경기도 양평군 강상면 병산리 1072-10,2026-03-11
4183031021101710005,경기도 양평군 강상면 병산리 171-5,2026-03-11
4183031021101880003,경기도 양평군 강상면 병산리 188-3,2026-03-11
4183031021110720013,경기도 양평군 강상면 병산리 1072-13,2026-03-11
4183031021110720014,경기도 양평군 강상면 병산리 1072-14,2026-03-11
4183031021110750013,경기도 양평군 강상면 병산리 1075-13,2026-03-11
4183031021110720008,경기도 양평군 강상면 병산리 1072-8,2026-03-11
4183031021101880001,경기도 양평군 강상면 병산리 188-1,2026-03-11
4183031021101710006,경기도 양평군 강상면 병산리 171-6,2026-03-11
4183031021102590002,경기도 양평군 강상면 병산리 259-2,2026-03-11
4183035021105960014,경기도 양평군 서종면 문호리 596-14,2026-03-11
4183031021110550000,경기도 양평군 강상면 병산리 1055,2026-03-11
4183031021101880000,경기도 양평군 강상면 병산리 188,2026-03-11
4183031021101710000,경기도 양평군 강상면 병산리 171,2026-03-11
4183031023102030001,경기도 양평군 강상면 교평리 203-1,2026-03-11
4183025031103110004,경기도 양평군 양평읍 회현리 311-4,2026-03-11
4183025022103820020,경기도 양평군 양평읍 오빈리 382-20,2026-03-11
4183033025201910002,경기도 양평군 양서면 신원리 산191-2,2026-03-11
4183025031105200004,경기도 양평군 양평읍 회현리 520-4,2026-03-11
4183025031104930011,경기도 양평군 양평읍 회현리 493-11,2026-03-11
4183034024104250001,경기도 양평군 옥천면 아신리 425-1,2026-03-11
4183031023101890003,경기도 양평군 강상면 교평리 189-3,2026-03-11
4183031023102560000,경기도 양평군 강상면 교평리 256,2026-03-11
4183025032105050004,경기도 양평군 양평읍 창대리 505-4,2026-03-11
4183041021102340001,경기도 양평군 개군면 하자포리 234-1,2026-03-11
4183041021102530000,경기도 양평군 개군면 하자포리 253,2026-03-11
4183025021105010001,경기도 양평군 양평읍 양근리 501-1,2026-03-11
4183025021105020009,경기도 양평군 양평읍 양근리 502-9,2026-03-11
4183033022105110003,경기도 양평군 양서면 용담리 511-3,2026-03-11
4183033022105070028,경기도 양평군 양서면 용담리 507-28,2026-03-11
4183033022105340012,경기도 양평군 양서면 용담리 534-12,2026-03-11
4183033022105070019,경기도 양평군 양서면 용담리 507-19,2026-03-11
4183035021104390019,경기도 양평군 서종면 문호리 439-19,2026-03-11
4183035021104390025,경기도 양평군 서종면 문호리 439-25,2026-03-11
4183035021104900004,경기도 양평군 서종면 문호리 490-4,2026-03-11
4183035021105970009,경기도 양평군 서종면 문호리 597-9,2026-03-11
4183033021105760003,경기도 양평군 양서면 양수리 576-3,2026-03-11
4183033022102470013,경기도 양평군 양서면 용담리 247-13,2026-03-11
4183033021105070007,경기도 양평군 양서면 양수리 507-7,2026-03-11
4183033021105070012,경기도 양평군 양서면 양수리 507-12,2026-03-11
4183035028106730001,경기도 양평군 서종면 수입리 673-1,2026-03-11
4183035021105960005,경기도 양평군 서종면 문호리 596-5,2026-03-11
4183033022105340013,경기도 양평군 양서면 용담리 534-13,2026-03-11
4183033022102450005,경기도 양평군 양서면 용담리 245-5,2026-03-11
4183033022102710004,경기도 양평군 양서면 용담리 271-4,2026-03-11
4183035021104390026,경기도 양평군 서종면 문호리 439-26,2026-03-11
4183033022105340002,경기도 양평군 양서면 용담리 534-2,2026-03-11
4183033022105310001,경기도 양평군 양서면 용담리 531-1,2026-03-11
4183035021104900006,경기도 양평군 서종면 문호리 490-6,2026-03-11
4183033022100660004,경기도 양평군 양서면 용담리 66-4,2026-03-11
4183035021105960000,경기도 양평군 서종면 문호리 596,2026-03-11
4211040028105310013,강원도 춘천시 남산면 서천리 531-13,2026-03-11
4183033022100660001,경기도 양평군 양서면 용담리 66-1,2026-03-11
4183033022102450002,경기도 양평군 양서면 용담리 245-2,2026-03-11
4183033022102470006,경기도 양평군 양서면 용담리 247-6,2026-03-11
4183035021104390022,경기도 양평군 서종면 문호리 439-22,2026-03-11
4183033022102450001,경기도 양평군 양서면 용담리 245-1,2026-03-11
4183033022102460002,경기도 양평군 양서면 용담리 246-2,2026-03-11
4183035021105960016,경기도 양평군 서종면 문호리 596-16,2026-03-11
4183035021105960015,경기도 양평군 서종면 문호리 596-15,2026-03-11
4183035021105960012,경기도 양평군 서종면 문호리 596-12,2026-03-11
4183033022100640005,경기도 양평군 양서면 용담리 64-5,2026-03-11
4183033022100640001,경기도 양평군 양서면 용담리 64-1,2026-03-11
4183033022102470002,경기도 양평군 양서면 용담리 247-2,2026-03-11
4183035021105950000,경기도 양평군 서종면 문호리 595,2026-03-11
4211035030101140003,강원도 춘천시 서면 안보리 114-3,2026-03-11
4211035030101670000,강원도 춘천시 서면 안보리 167,2026-03-11
4211035030107010006,강원도 춘천시 서면 안보리 701-6,2026-03-11
4211040028103610002,강원도 춘천시 남산면 서천리 361-2,2026-03-11
4211040028103270007,강원도 춘천시 남산면 서천리 327-7,2026-03-11
4211040028105310006,강원도 춘천시 남산면 서천리 531-6,2026-03-11
4211040028103560006,강원도 춘천시 남산면 서천리 356-6,2026-03-11
4211040028105410012,강원도 춘천시 남산면 서천리 541-12,2026-03-11
4211035030106690002,강원도 춘천시 서면 안보리 669-2,2026-03-11
4211035030105410000,강원도 춘천시 서면 안보리 541,2026-03-11
4211035030106980009,강원도 춘천시 서면 안보리 698-9,2026-03-11
4211040028103610003,강원도 춘천시 남산면 서천리 361-3,2026-03-11
4211040028104820000,강원도 춘천시 남산면 서천리 482,2026-03-11
4211040028100280015,강원도 춘천시 남산면 서천리 28-15,2026-03-11
4211040028103390003,강원도 춘천시 남산면 서천리 339-3,2026-03-11
4211035030100080001,강원도 춘천시 서면 안보리 8-1,2026-03-11
4211040028103610004,강원도 춘천시 남산면 서천리 361-4,2026-03-11
4211040028103380007,강원도 춘천시 남산면 서천리 338-7,2026-03-11
4211033021102270001,강원도 춘천시 신동면 의암리 227-1,2026-03-11
4211035030101650006,강원도 춘천시 서면 안보리 165-6,2026-03-11
4211035030106020001,강원도 춘천시 서면 안보리 602-1,2026-03-11
4211035030100970007,강원도 춘천시 서면 안보리 97-7,2026-03-11
4211035030106390001,강원도 춘천시 서면 안보리 639-1,2026-03-11
4211040028100280011,강원도 춘천시 남산면 서천리 28-11,2026-03-11
4211040028105310004,강원도 춘천시 남산면 서천리 531-4,2026-03-11
4211040028103130000,강원도 춘천시 남산면 서천리 313,2026-03-11
4211040028104840000,강원도 춘천시 남산면 서천리 484,2026-03-11
4211040028104860002,강원도 춘천시 남산면 서천리 486-2,2026-03-11
4211040028103610001,강원도 춘천시 남산면 서천리 361-1,2026-03-11
4211040028103620000,강원도 춘천시 남산면 서천리 362,2026-03-11
4211040028103560007,강원도 춘천시 남산면 서천리 356-7,2026-03-11
4211040028106210001,강원도 춘천시 남산면 서천리 621-1,2026-03-11
4211035030101140000,강원도 춘천시 서면 안보리 114,2026-03-11
4211035030101660001,강원도 춘천시 서면 안보리 166-1,2026-03-11
4211035030106020006,강원도 춘천시 서면 안보리 602-6,2026-03-11
4211040028103610006,강원도 춘천시 남산면 서천리 361-6,2026-03-11
4211040028103610000,강원도 춘천시 남산면 서천리 361,2026-03-11
4211040030103480000,강원도 춘천시 남산면 방하리 348,2026-03-11
4211035030101650003,강원도 춘천시 서면 안보리 165-3,2026-03-11
4211035030100970008,강원도 춘천시 서면 안보리 97-8,2026-03-11
4211035030106650011,강원도 춘천시 서면 안보리 665-11,2026-03-11
4211035030100550010,강원도 춘천시 서면 안보리 55-10,2026-03-11
4211040030104360000,강원도 춘천시 남산면 방하리 436,2026-03-11
4211040030103590001,강원도 춘천시 남산면 방하리 359-1,2026-03-11
4211040028103130001,강원도 춘천시 남산면 서천리 313-1,2026-03-11
4211035030100910000,강원도 춘천시 서면 안보리 91,2026-03-11
4211035030106430010,강원도 춘천시 서면 안보리 643-10,2026-03-11
4211035030105090007,강원도 춘천시 서면 안보리 509-7,2026-03-11
4211040028103380005,강원도 춘천시 남산면 서천리 338-5,2026-03-11
4211040028104860000,강원도 춘천시 남산면 서천리 486,2026-03-11
4211040028105310014,강원도 춘천시 남산면 서천리 531-14,2026-03-11
4211040028100280017,강원도 춘천시 남산면 서천리 28-17,2026-03-11
4211035030106330000,강원도 춘천시 서면 안보리 633,2026-03-11
4211035030106020009,강원도 춘천시 서면 안보리 602-9,2026-03-11
4211035030101630000,강원도 춘천시 서면 안보리 163,2026-03-11
4211035030101640000,강원도 춘천시 서면 안보리 164,2026-03-11
4211040028103270018,강원도 춘천시 남산면 서천리 327-18,2026-03-11
4211040028104860001,강원도 춘천시 남산면 서천리 486-1,2026-03-11
4211033021102280000,강원도 춘천시 신동면 의암리 228,2026-03-11
4211035030106390002,강원도 춘천시 서면 안보리 639-2,2026-03-11
4211040028105590008,강원도 춘천시 남산면 서천리 559-8,2026-03-11
4211040028105410034,강원도 춘천시 남산면 서천리 541-34,2026-03-11
4211040028103610005,강원도 춘천시 남산면 서천리 361-5,2026-03-11
4211040028103270010,강원도 춘천시 남산면 서천리 327-10,2026-03-11
4211034021103530001,강원도 춘천시 남면 관천리 353-1,2026-03-11
4211035030106430006,강원도 춘천시 서면 안보리 643-6,2026-03-11
4211035030105350007,강원도 춘천시 서면 안보리 535-7,2026-03-11
4211035030101140004,강원도 춘천시 서면 안보리 114-4,2026-03-11
4211040028103130002,강원도 춘천시 남산면 서천리 313-2,2026-03-11
4211040028103560000,강원도 춘천시 남산면 서천리 356,2026-03-11
4211040028105590007,강원도 춘천시 남산면 서천리 559-7,2026-03-11
4211035030105070005,강원도 춘천시 서면 안보리 507-5,2026-03-11
4211040028105410021,강원도 춘천시 남산면 서천리 541-21,2026-03-11
4211040028104840001,강원도 춘천시 남산면 서천리 484-1,2026-03-11
4211035030107390002,강원도 춘천시 서면 안보리 739-2,2026-03-11
4211035030106990004,강원도 춘천시 서면 안보리 699-4,2026-03-11
4211035030106430001,강원도 춘천시 서면 안보리 643-1,2026-03-11
4211035030101640001,강원도 춘천시 서면 안보리 164-1,2026-03-11
4211035029103080006,강원도 춘천시 서면 당림리 308-6,2026-03-11
4211040028104830000,강원도 춘천시 남산면 서천리 483,2026-03-11
4211040028105310008,강원도 춘천시 남산면 서천리 531-8,2026-03-11
4211035030106690001,강원도 춘천시 서면 안보리 669-1,2026-03-11
4211035030106970001,강원도 춘천시 서면 안보리 697-1,2026-03-11
4211040028103270006,강원도 춘천시 남산면 서천리 327-6,2026-03-11
4211040028105310011,강원도 춘천시 남산면 서천리 531-11,2026-03-11
4211035030100930005,강원도 춘천시 서면 안보리 93-5,2026-03-11
4211035030101660000,강원도 춘천시 서면 안보리 166,2026-03-11
4211035030106970014,강원도 춘천시 서면 안보리 697-14,2026-03-11
4211035030107420001,강원도 춘천시 서면 안보리 742-1,2026-03-11
4211035030101150001,강원도 춘천시 서면 안보리 115-1,2026-03-11
4211035030100540000,강원도 춘천시 서면 안보리 54,2026-03-11
4211040028105590006,강원도 춘천시 남산면 서천리 559-6,2026-03-11
4211040028103560005,강원도 춘천시 남산면 서천리 356-5,2026-03-11
4211040028105410005,강원도 춘천시 남산면 서천리 541-5,2026-03-11
4211040028103270011,강원도 춘천시 남산면 서천리 327-11,2026-03-11
4211040028103560008,강원도 춘천시 남산면 서천리 356-8,2026-03-11
4211040028103560003,강원도 춘천시 남산면 서천리 356-3,2026-03-11
4211035030100990001,강원도 춘천시 서면 안보리 99-1,2026-03-11
4136025625106620007,경기도 남양주시 화도읍 금남리 662-7,2026-03-11
4136025625106620053,경기도 남양주시 화도읍 금남리 662-53,2026-03-11
4136025625101900004,경기도 남양주시 화도읍 금남리 190-4,2026-03-11
4136025625101900002,경기도 남양주시 화도읍 금남리 190-2,2026-03-11
4136025625101540000,경기도 남양주시 화도읍 금남리 154,2026-03-11
4136025625107640000,경기도 남양주시 화도읍 금남리 764,2026-03-11
4136025625107630000,경기도 남양주시 화도읍 금남리 763,2026-03-11
4136025625106800008,경기도 남양주시 화도읍 금남리 680-8,2026-03-11
4136025625106800007,경기도 남양주시 화도읍 금남리 680-7,2026-03-11
4136025625107520011,경기도 남양주시 화도읍 금남리 752-11,2026-03-11
4136025625106620022,경기도 남양주시 화도읍 금남리 662-22,2026-03-11
4136025625101850000,경기도 남양주시 화도읍 금남리 185,2026-03-11
4136036021102630002,경기도 남양주시 조안면 능내리 263-2,2026-03-11
4136036024100150004,경기도 남양주시 조안면 송촌리 15-4,2026-03-11
4136036024100150002,경기도 남양주시 조안면 송촌리 15-2,2026-03-11
4136036024100150003,경기도 남양주시 조안면 송촌리 15-3,2026-03-11
4136036024100160001,경기도 남양주시 조안면 송촌리 16-1,2026-03-11
4136036023101600004,경기도 남양주시 조안면 진중리 160-4,2026-03-11
4136036025102740000,경기도 남양주시 조안면 삼봉리 274,2026-03-11
4136036025102750000,경기도 남양주시 조안면 삼봉리 275,2026-03-11
4136025625100920030,경기도 남양주시 화도읍 금남리 92-30,2026-03-11
4136025625101900005,경기도 남양주시 화도읍 금남리 190-5,2026-03-11
4136025625101910002,경기도 남양주시 화도읍 금남리 191-2,2026-03-11
4136025625101910003,경기도 남양주시 화도읍 금남리 191-3,2026-03-11
4136036025101980012,경기도 남양주시 조안면 삼봉리 198-12,2026-03-11
4136036025103460000,경기도 남양주시 조안면 삼봉리 346,2026-03-11
4136036025103460001,경기도 남양주시 조안면 삼봉리 346-1,2026-03-11
4136036025101550004,경기도 남양주시 조안면 삼봉리 155-4,2026-03-11
4136025625101530004,경기도 남양주시 화도읍 금남리 153-4,2026-03-11
4136025625101530007,경기도 남양주시 화도읍 금남리 153-7,2026-03-11
4136025625101550029,경기도 남양주시 화도읍 금남리 155-29,2026-03-11
4136036024100160007,경기도 남양주시 조안면 송촌리 16-7,2026-03-11
4136036024105660001,경기도 남양주시 조안면 송촌리 566-1,2026-03-11
4136025625100920028,경기도 남양주시 화도읍 금남리 92-28,2026-03-11
4136025625100920008,경기도 남양주시 화도읍 금남리 92-8,2026-03-11
4136036021102630001,경기도 남양주시 조안면 능내리 263-1,2026-03-11
4136036021104990011,경기도 남양주시 조안면 능내리 499-11,2026-03-11
4136025625101550007,경기도 남양주시 화도읍 금남리 155-7,2026-03-11
4136036024200190010,경기도 남양주시 조안면 송촌리 산19-10,2026-03-11
4136025625107620002,경기도 남양주시 화도읍 금남리 762-2,2026-03-11
4136025624100530007,경기도 남양주시 화도읍 구암리 53-7,2026-03-11
4136025625101860020,경기도 남양주시 화도읍 금남리 186-20,2026-03-11
4136025625101530005,경기도 남양주시 화도읍 금남리 153-5,2026-03-11
4136025625101860022,경기도 남양주시 화도읍 금남리 186-22,2026-03-11
4136025625101900007,경기도 남양주시 화도읍 금남리 190-7,2026-03-11
4146110900101410008,경기도 용인시 처인구 호동 141-8,2026-03-11
4136036023100620000,경기도 남양주시 조안면 진중리 62,2026-03-11
4136025625101550008,경기도 남양주시 화도읍 금남리 155-8,2026-03-11
4146110800105850003,경기도 용인시 처인구 운학동 585-3,2026-03-11
4146110900101950012,경기도 용인시 처인구 호동 195-12,2026-03-11
4146110400102840004,경기도 용인시 처인구 남동 284-4,2026-03-11
4146110400102840001,경기도 용인시 처인구 남동 284-1,2026-03-11
4146110400102870000,경기도 용인시 처인구 남동 287,2026-03-11
4146125322103360009,경기도 용인시 처인구 모현면 갈담리 336-9,2026-03-11
4146110400102840006,경기도 용인시 처인구 남동 284-6,2026-03-11
4146110400102840003,경기도 용인시 처인구 남동 284-3,2026-03-11
4146110500101900000,경기도 용인시 처인구 유방동 190,2026-03-11
4146110500102000001,경기도 용인시 처인구 유방동 200-1,2026-03-11
4146125023100420003,경기도 용인시 처인구 포곡읍 둔전리 42-3,2026-03-11
4146110500102340002,경기도 용인시 처인구 유방동 234-2,2026-03-11
4146125324100940003,경기도 용인시 처인구 모현면 일산리 94-3,2026-03-11
4146111000102670000,경기도 용인시 처인구 해곡동 267,2026-03-11
4146110500102350002,경기도 용인시 처인구 유방동 235-2,2026-03-11
4146110500102350001,경기도 용인시 처인구 유방동 235-1,2026-03-11
4146110500102230002,경기도 용인시 처인구 유방동 223-2,2026-03-11
4146110500102000008,경기도 용인시 처인구 유방동 200-8,2026-03-11
4146110500101990002,경기도 용인시 처인구 유방동 199-2,2026-03-11
4146110500103670002,경기도 용인시 처인구 유방동 367-2,2026-03-11
4146111000102660000,경기도 용인시 처인구 해곡동 266,2026-03-11
4146111000102650000,경기도 용인시 처인구 해곡동 265,2026-03-11
4146110500103670001,경기도 용인시 처인구 유방동 367-1,2026-03-11
4146110800103820001,경기도 용인시 처인구 운학동 382-1,2026-03-11
4146110800103850000,경기도 용인시 처인구 운학동 385,2026-03-11
4146110800102770000,경기도 용인시 처인구 운학동 277,2026-03-11
4146110900102780000,경기도 용인시 처인구 호동 278,2026-03-11
4146110900102290000,경기도 용인시 처인구 호동 229,2026-03-11
4146110900103630000,경기도 용인시 처인구 호동 363,2026-03-11
4146110900101850008,경기도 용인시 처인구 호동 185-8,2026-03-11
4146110900100820002,경기도 용인시 처인구 호동 82-2,2026-03-11
4146110900100820001,경기도 용인시 처인구 호동 82-1,2026-03-11
4146110900100720001,경기도 용인시 처인구 호동 72-1,2026-03-11
4146110900100730004,경기도 용인시 처인구 호동 73-4,2026-03-11
4146110900100380003,경기도 용인시 처인구 호동 38-3,2026-03-11
4146110900100730003,경기도 용인시 처인구 호동 73-3,2026-03-11
4146110900100730001,경기도 용인시 처인구 호동 73-1,2026-03-11
4146110900200180000,경기도 용인시 처인구 호동 산18,2026-03-11
4146110800102710000,경기도 용인시 처인구 운학동 271,2026-03-11
4146110900101030000,경기도 용인시 처인구 호동 103,2026-03-11
4146110800104110001,경기도 용인시 처인구 운학동 411-1,2026-03-11
4146110800105780000,경기도 용인시 처인구 운학동 578,2026-03-11
4146110800103820002,경기도 용인시 처인구 운학동 382-2,2026-03-11
4146110800103830000,경기도 용인시 처인구 운학동 383,2026-03-11
4146110800103840001,경기도 용인시 처인구 운학동 384-1,2026-03-11
4146110800103870000,경기도 용인시 처인구 운학동 387,2026-03-11
4146110900102060001,경기도 용인시 처인구 호동 206-1,2026-03-11
4146110900100730005,경기도 용인시 처인구 호동 73-5,2026-03-11
4146110900200970003,경기도 용인시 처인구 호동 산97-3,2026-03-11
4146110900200970002,경기도 용인시 처인구 호동 산97-2,2026-03-11
4146110800104780009,경기도 용인시 처인구 운학동 478-9,2026-03-11
4146110800105010003,경기도 용인시 처인구 운학동 501-3,2026-03-11
4146110900101570000,경기도 용인시 처인구 호동 157,2026-03-11
4146110800105020002,경기도 용인시 처인구 운학동 502-2,2026-03-11
4146110800105020003,경기도 용인시 처인구 운학동 502-3,2026-03-11
4146110800104100001,경기도 용인시 처인구 운학동 410-1,2026-03-11
4146110800104380004,경기도 용인시 처인구 운학동 438-4,2026-03-11
4146110800104380000,경기도 용인시 처인구 운학동 438,2026-03-11
4146110800104380005,경기도 용인시 처인구 운학동 438-5,2026-03-11
4146110800104730001,경기도 용인시 처인구 운학동 473-1,2026-03-11
4146110900200350004,경기도 용인시 처인구 호동 산35-4,2026-03-11
4146110800104100000,경기도 용인시 처인구 운학동 410,2026-03-11
4146110800104130002,경기도 용인시 처인구 운학동 413-2,2026-03-11
4146110800105830007,경기도 용인시 처인구 운학동 583-7,2026-03-11
4146110800104650011,경기도 용인시 처인구 운학동 465-11,2026-03-11
4146110800104650013,경기도 용인시 처인구 운학동 465-13,2026-03-11
4146110800104930001,경기도 용인시 처인구 운학동 493-1,2026-03-11
4146110800104930002,경기도 용인시 처인구 운학동 493-2,2026-03-11
4146110800104780011,경기도 용인시 처인구 운학동 478-11,2026-03-11
4146110800104650020,경기도 용인시 처인구 운학동 465-20,2026-03-11
4146110800104650021,경기도 용인시 처인구 운학동 465-21,2026-03-11
4146110900103630001,경기도 용인시 처인구 호동 363-1,2026-03-11
4146111000102630000,경기도 용인시 처인구 해곡동 263,2026-03-11
4146125023100320004,경기도 용인시 처인구 포곡읍 둔전리 32-4,2026-03-11
4146110900102060002,경기도 용인시 처인구 호동 206-2,2026-03-11
4146111000102620001,경기도 용인시 처인구 해곡동 262-1,2026-03-11
4146110900102760000,경기도 용인시 처인구 호동 276,2026-03-11
4146111000102620002,경기도 용인시 처인구 해곡동 262-2,2026-03-11
4146111000102590001,경기도 용인시 처인구 해곡동 259-1,2026-03-11
4146110900102010001,경기도 용인시 처인구 호동 201-1,2026-03-11
4146110900100490001,경기도 용인시 처인구 호동 49-1,2026-03-11
4146110900100490003,경기도 용인시 처인구 호동 49-3,2026-03-11
4146110900100420000,경기도 용인시 처인구 호동 42,2026-03-11
4146110900100370000,경기도 용인시 처인구 호동 37,2026-03-11
4146110900100380002,경기도 용인시 처인구 호동 38-2,2026-03-11
4146110900100380001,경기도 용인시 처인구 호동 38-1,2026-03-11
4146110900102300002,경기도 용인시 처인구 호동 230-2,2026-03-11
4146110900104240000,경기도 용인시 처인구 호동 424,2026-03-11
4146110900100440002,경기도 용인시 처인구 호동 44-2,2026-03-11
4146110900100390000,경기도 용인시 처인구 호동 39,2026-03-11
4146110900101410006,경기도 용인시 처인구 호동 141-6,2026-03-11
4146110900101300002,경기도 용인시 처인구 호동 130-2,2026-03-11
4146110900101410003,경기도 용인시 처인구 호동 141-3,2026-03-11
4146110900100110000,경기도 용인시 처인구 호동 11,2026-03-11
4146111000102620004,경기도 용인시 처인구 해곡동 262-4,2026-03-11
4146111000102620003,경기도 용인시 처인구 해곡동 262-3,2026-03-11
4146110900100120003,경기도 용인시 처인구 호동 12-3,2026-03-11
4146110900100120002,경기도 용인시 처인구 호동 12-2,2026-03-11
4146110900100120001,경기도 용인시 처인구 호동 12-1,2026-03-11
4146110900102010002,경기도 용인시 처인구 호동 201-2,2026-03-11
4146110900101960001,경기도 용인시 처인구 호동 196-1,2026-03-11
4146110900101960003,경기도 용인시 처인구 호동 196-3,2026-03-11
4146125021102870002,경기도 용인시 처인구 포곡읍 삼계리 287-2,2026-03-11
4146125021102890000,경기도 용인시 처인구 포곡읍 삼계리 289,2026-03-11
4146125021102330005,경기도 용인시 처인구 포곡읍 삼계리 233-5,2026-03-11
4146125021104270002,경기도 용인시 처인구 포곡읍 삼계리 427-2,2026-03-11
4146125021104270001,경기도 용인시 처인구 포곡읍 삼계리 427-1,2026-03-11
4146111000102620005,경기도 용인시 처인구 해곡동 262-5,2026-03-11
4146111000102640000,경기도 용인시 처인구 해곡동 264,2026-03-11
4146125023100310000,경기도 용인시 처인구 포곡읍 둔전리 31,2026-03-11
4146125023100150001,경기도 용인시 처인구 포곡읍 둔전리 15-1,2026-03-11
4146125322105300015,경기도 용인시 처인구 모현면 갈담리 530-15,2026-03-11
4146125024100420001,경기도 용인시 처인구 포곡읍 영문리 42-1,2026-03-11
4146125024101140005,경기도 용인시 처인구 포곡읍 영문리 114-5,2026-03-11
4146125024101050001,경기도 용인시 처인구 포곡읍 영문리 105-1,2026-03-11
4146125024101030000,경기도 용인시 처인구 포곡읍 영문리 103,2026-03-11
4146125023103510000,경기도 용인시 처인구 포곡읍 둔전리 351,2026-03-11
4146125023103570000,경기도 용인시 처인구 포곡읍 둔전리 357,2026-03-11
4146125023102540000,경기도 용인시 처인구 포곡읍 둔전리 254,2026-03-11
4146125322105280000,경기도 용인시 처인구 모현면 갈담리 528,2026-03-11
4146125322105820012,경기도 용인시 처인구 모현면 갈담리 582-12,2026-03-11
4146125322105820024,경기도 용인시 처인구 모현면 갈담리 582-24,2026-03-11
4146125322105820022,경기도 용인시 처인구 모현면 갈담리 582-22,2026-03-11
4146125322105820025,경기도 용인시 처인구 모현면 갈담리 582-25,2026-03-11
4146125322105250004,경기도 용인시 처인구 모현면 갈담리 525-4,2026-03-11
4146125322105300009,경기도 용인시 처인구 모현면 갈담리 530-9,2026-03-11
4146125322104600007,경기도 용인시 처인구 모현면 갈담리 460-7,2026-03-11
4146125322105260004,경기도 용인시 처인구 모현면 갈담리 526-4,2026-03-11
4146125322105850001,경기도 용인시 처인구 모현면 갈담리 585-1,2026-03-11
4146125322105310010,경기도 용인시 처인구 모현면 갈담리 531-10,2026-03-11
4146125322105300012,경기도 용인시 처인구 모현면 갈담리 530-12,2026-03-11
4146125322105250005,경기도 용인시 처인구 모현면 갈담리 525-5,2026-03-11
4146125322105300011,경기도 용인시 처인구 모현면 갈담리 530-11,2026-03-11
4146125322105310015,경기도 용인시 처인구 모현면 갈담리 531-15,2026-03-11
4146125322105310016,경기도 용인시 처인구 모현면 갈담리 531-16,2026-03-11
4146125322105250015,경기도 용인시 처인구 모현면 갈담리 525-15,2026-03-11
4146125023100240005,경기도 용인시 처인구 포곡읍 둔전리 24-5,2026-03-11
4146125322105250016,경기도 용인시 처인구 모현면 갈담리 525-16,2026-03-11
4146125322104600011,경기도 용인시 처인구 모현면 갈담리 460-11,2026-03-11
4146125322105840005,경기도 용인시 처인구 모현면 갈담리 584-5,2026-03-11
4146125322105840011,경기도 용인시 처인구 모현면 갈담리 584-11,2026-03-11
4146125322105840021,경기도 용인시 처인구 모현면 갈담리 584-21,2026-03-11
4146125322105880002,경기도 용인시 처인구 모현면 갈담리 588-2,2026-03-11
4146125322105820019,경기도 용인시 처인구 모현면 갈담리 582-19,2026-03-11
4146125321107200000,경기도 용인시 처인구 모현면 왕산리 720,2026-03-11
4146125021102050002,경기도 용인시 처인구 포곡읍 삼계리 205-2,2026-03-11
4146125322103070014,경기도 용인시 처인구 모현면 갈담리 307-14,2026-03-11
4146125323108280036,경기도 용인시 처인구 모현면 초부리 828-36,2026-03-11
4146110800105970003,경기도 용인시 처인구 운학동 597-3,2026-03-11
4146125322105800013,경기도 용인시 처인구 모현면 갈담리 580-13,2026-03-11
4146125322105820007,경기도 용인시 처인구 모현면 갈담리 582-7,2026-03-11
4146125322105840001,경기도 용인시 처인구 모현면 갈담리 584-1,2026-03-11
4146125324103210017,경기도 용인시 처인구 모현면 일산리 321-17,2026-03-11
4146125324100450006,경기도 용인시 처인구 모현면 일산리 45-6,2026-03-11
4146125324100170003,경기도 용인시 처인구 모현면 일산리 17-3,2026-03-11
4146125324103640001,경기도 용인시 처인구 모현면 일산리 364-1,2026-03-11
4146125324100990023,경기도 용인시 처인구 모현면 일산리 99-23,2026-03-11
4146125324100990022,경기도 용인시 처인구 모현면 일산리 99-22,2026-03-11
4146125324103150000,경기도 용인시 처인구 모현면 일산리 315,2026-03-11
4146125324103140001,경기도 용인시 처인구 모현면 일산리 314-1,2026-03-11
4146125322105320000,경기도 용인시 처인구 모현면 갈담리 532,2026-03-11
4146125324103700009,경기도 용인시 처인구 모현면 일산리 370-9,2026-03-11
4146125321108760002,경기도 용인시 처인구 모현면 왕산리 876-2,2026-03-11
4146125324103680004,경기도 용인시 처인구 모현면 일산리 368-4,2026-03-11
4146125324103680007,경기도 용인시 처인구 모현면 일산리 368-7,2026-03-11
4146125321108770000,경기도 용인시 처인구 모현면 왕산리 877,2026-03-11
4146125321108760006,경기도 용인시 처인구 모현면 왕산리 876-6,2026-03-11
4146125324103680006,경기도 용인시 처인구 모현면 일산리 368-6,2026-03-11
4146125324103680005,경기도 용인시 처인구 모현면 일산리 368-5,2026-03-11
4146125324105860002,경기도 용인시 처인구 모현면 일산리 586-2,2026-03-11
4146110800104890002,경기도 용인시 처인구 운학동 489-2,2026-03-11
4146110800105720000,경기도 용인시 처인구 운학동 572,2026-03-11
4146125324100420001,경기도 용인시 처인구 모현면 일산리 42-1,2026-03-11
4146125322103050000,경기도 용인시 처인구 모현면 갈담리 305,2026-03-11
4146110900100710001,경기도 용인시 처인구 호동 71-1,2026-03-11
4146110800103380013,경기도 용인시 처인구 운학동 338-13,2026-03-11
4146110800103380002,경기도 용인시 처인구 운학동 338-2,2026-03-11
4146110900102560000,경기도 용인시 처인구 호동 256,2026-03-11
4146125323104540004,경기도 용인시 처인구 모현면 초부리 454-4,2026-03-11
4146125023103510006,경기도 용인시 처인구 포곡읍 둔전리 351-6,2026-03-11
4146125024100050027,경기도 용인시 처인구 포곡읍 영문리 5-27,2026-03-11
4146125024100050022,경기도 용인시 처인구 포곡읍 영문리 5-22,2026-03-11
4146110800104110011,경기도 용인시 처인구 운학동 411-11,2026-03-11
4146125323104750000,경기도 용인시 처인구 모현면 초부리 475,2026-03-11
4146125322105820009,경기도 용인시 처인구 모현면 갈담리 582-9,2026-03-11
4161025021102230000,경기도 광주시 오포읍 고산리 223,2026-03-11
4146110900102060000,경기도 용인시 처인구 호동 206,2026-03-11
4146110900102070001,경기도 용인시 처인구 호동 207-1,2026-03-11
4146110800104650014,경기도 용인시 처인구 운학동 465-14,2026-03-11
4146110400201350000,경기도 용인시 처인구 남동 산135,2026-03-11
4146110900101850010,경기도 용인시 처인구 호동 185-10,2026-03-11
4146110800104650015,경기도 용인시 처인구 운학동 465-15,2026-03-11
4146110800106670000,경기도 용인시 처인구 운학동 667,2026-03-11
4146125324101810002,경기도 용인시 처인구 모현면 일산리 181-2,2026-03-11
4146125324101810004,경기도 용인시 처인구 모현면 일산리 181-4,2026-03-11
4146110900100900000,경기도 용인시 처인구 호동 90,2026-03-11
4146110800104300009,경기도 용인시 처인구 운학동 430-9,2026-03-11
4146125322105630009,경기도 용인시 처인구 모현면 갈담리 563-9,2026-03-11
4146125322105740000,경기도 용인시 처인구 모현면 갈담리 574,2026-03-11
4146125322105750000,경기도 용인시 처인구 모현면 갈담리 575,2026-03-11
4146110800104130003,경기도 용인시 처인구 운학동 413-3,2026-03-11
4146125023100320002,경기도 용인시 처인구 포곡읍 둔전리 32-2,2026-03-11
4146125023100240001,경기도 용인시 처인구 포곡읍 둔전리 24-1,2026-03-11
4146125324103220003,경기도 용인시 처인구 모현면 일산리 322-3,2026-03-11
4146125023100320003,경기도 용인시 처인구 포곡읍 둔전리 32-3,2026-03-11
4146110900101680000,경기도 용인시 처인구 호동 168,2026-03-11
4146125324103670000,경기도 용인시 처인구 모현면 일산리 367,2026-03-11
4146110800104110006,경기도 용인시 처인구 운학동 411-6,2026-03-11
4146110900102060003,경기도 용인시 처인구 호동 206-3,2026-03-11
4146125324103210021,경기도 용인시 처인구 모현면 일산리 321-21,2026-03-11
4146110500101970001,경기도 용인시 처인구 유방동 197-1,2026-03-11
4146110900201000000,경기도 용인시 처인구 호동 100,2026-03-11
4146110800104650031,경기도 용인시 처인구 운학동 465-31,2026-03-11
4146110900101140000,경기도 용인시 처인구 호동 114,2026-03-11
4146110900103630003,경기도 용인시 처인구 호동 363-3,2026-03-11
4146110900200990000,경기도 용인시 처인구 호동 산99,2026-03-11
4146110800104870001,경기도 용인시 처인구 운학동 487-1,2026-03-11
4146125321107160001,경기도 용인시 처인구 모현면 왕산리 716-1,2026-03-11
4146125324103750001,경기도 용인시 처인구 모현면 일산리 375-1,2026-03-11
4146110800104960003,경기도 용인시 처인구 운학동 496-3,2026-03-11
4146110900103630002,경기도 용인시 처인구 호동 363-2,2026-03-11
4146125322105260003,경기도 용인시 처인구 모현면 갈담리 526-3,2026-03-11
4146125322105290000,경기도 용인시 처인구 모현면 갈담리 529,2026-03-11
4146125322105300003,경기도 용인시 처인구 모현면 갈담리 530-3,2026-03-11
4146125322105840019,경기도 용인시 처인구 모현면 갈담리 584-19,2026-03-11
4146125322105850002,경기도 용인시 처인구 모현면 갈담리 585-2,2026-03-11
4146110900101700002,경기도 용인시 처인구 호동 170-2,2026-03-11
4146110900101700001,경기도 용인시 처인구 호동 170-1,2026-03-11
4146125322105300007,경기도 용인시 처인구 모현면 갈담리 530-7,2026-03-11
4146125322105300014,경기도 용인시 처인구 모현면 갈담리 530-14,2026-03-11
4146125322105310006,경기도 용인시 처인구 모현면 갈담리 531-6,2026-03-11
4146110900101960004,경기도 용인시 처인구 호동 196-4,2026-03-11
4146125322105300020,경기도 용인시 처인구 모현면 갈담리 530-20,2026-03-11
4146125322105300008,경기도 용인시 처인구 모현면 갈담리 530-8,2026-03-11
4146125323104740003,경기도 용인시 처인구 모현면 초부리 474-3,2026-03-11
4146110800105790000,경기도 용인시 처인구 운학동 579,2026-03-11
4146110800105970001,경기도 용인시 처인구 운학동 597-1,2026-03-11
4146125322103370000,경기도 용인시 처인구 모현면 갈담리 337,2026-03-11
4146125322103360008,경기도 용인시 처인구 모현면 갈담리 336-8,2026-03-11
4146125322103360010,경기도 용인시 처인구 모현면 갈담리 336-10,2026-03-11
4146110900100100008,경기도 용인시 처인구 호동 10-8,2026-03-11
4146125322103360007,경기도 용인시 처인구 모현면 갈담리 336-7,2026-03-11
4146125324100080000,경기도 용인시 처인구 모현면 일산리 8,2026-03-11
4146111000102600000,경기도 용인시 처인구 해곡동 260,2026-03-11
4146110800105950004,경기도 용인시 처인구 운학동 595-4,2026-03-11
4146111000102560001,경기도 용인시 처인구 해곡동 256-1,2026-03-11
4146125028100320002,경기도 용인시 처인구 포곡읍 유운리 32-2,2026-03-11
4146125028100320001,경기도 용인시 처인구 포곡읍 유운리 32-1,2026-03-11
4146110800104140001,경기도 용인시 처인구 운학동 414-1,2026-03-11
4146110800104370000,경기도 용인시 처인구 운학동 437,2026-03-11
4146125321108590000,경기도 용인시 처인구 모현면 왕산리 859,2026-03-11
4146125321108750000,경기도 용인시 처인구 모현면 왕산리 875,2026-03-11
4146110400102840007,경기도 용인시 처인구 남동 284-7,2026-03-11
4146125324103160001,경기도 용인시 처인구 모현면 일산리 316-1,2026-03-11
4146125322105820008,경기도 용인시 처인구 모현면 갈담리 582-8,2026-03-11
4146125324100990019,경기도 용인시 처인구 모현면 일산리 99-19,2026-03-11
4146110800103880002,경기도 용인시 처인구 운학동 388-2,2026-03-11
4161025021102260000,경기도 광주시 오포읍 고산리 226,2026-03-11
4146110800103880003,경기도 용인시 처인구 운학동 388-3,2026-03-11
4146110800103810003,경기도 용인시 처인구 운학동 381-3,2026-03-11
4146110800103810004,경기도 용인시 처인구 운학동 381-4,2026-03-11
4146110800103740002,경기도 용인시 처인구 운학동 374-2,2026-03-11
4146110800103730003,경기도 용인시 처인구 운학동 373-3,2026-03-11
4146125324101820000,경기도 용인시 처인구 모현면 일산리 182,2026-03-11
4146125324101810001,경기도 용인시 처인구 모현면 일산리 181-1,2026-03-11
4146110800106550001,경기도 용인시 처인구 운학동 655-1,2026-03-11
4146110800104060000,경기도 용인시 처인구 운학동 406,2026-03-11
4146125324101970000,경기도 용인시 처인구 모현면 일산리 197,2026-03-11
4146110900101350000,경기도 용인시 처인구 호동 135,2026-03-11
4146110800104780001,경기도 용인시 처인구 운학동 478-1,2026-03-11
4146125024100050014,경기도 용인시 처인구 포곡읍 영문리 5-14,2026-03-11
4146125024100050015,경기도 용인시 처인구 포곡읍 영문리 5-15,2026-03-11
4146125024100050037,경기도 용인시 처인구 포곡읍 영문리 5-37,2026-03-11
4146125322105820020,경기도 용인시 처인구 모현면 갈담리 582-20,2026-03-11
4146125322105300001,경기도 용인시 처인구 모현면 갈담리 530-1,2026-03-11
4146125322105820021,경기도 용인시 처인구 모현면 갈담리 582-21,2026-03-11
4146125322105820023,경기도 용인시 처인구 모현면 갈담리 582-23,2026-03-11
4146125322102840000,경기도 용인시 처인구 모현면 갈담리 284,2026-03-11
4146125322103280000,경기도 용인시 처인구 모현면 갈담리 328,2026-03-11
4146125322103280002,경기도 용인시 처인구 모현면 갈담리 328-2,2026-03-11
4146125322103290000,경기도 용인시 처인구 모현면 갈담리 329,2026-03-11
4146125322103290001,경기도 용인시 처인구 모현면 갈담리 329-1,2026-03-11
4146125322105640001,경기도 용인시 처인구 모현면 갈담리 564-1,2026-03-11
4146125322105760001,경기도 용인시 처인구 모현면 갈담리 576-1,2026-03-11
4146125322105770002,경기도 용인시 처인구 모현면 갈담리 577-2,2026-03-11
4146125322105780000,경기도 용인시 처인구 모현면 갈담리 578,2026-03-11
4146125322105790000,경기도 용인시 처인구 모현면 갈담리 579,2026-03-11
4146125322105820010,경기도 용인시 처인구 모현면 갈담리 582-10,2026-03-11
4146125323104740000,경기도 용인시 처인구 모현면 초부리 474,2026-03-11
4161035026105430000,경기도 광주시 남종면 검천리 543,2026-03-11
4161035026103160002,경기도 광주시 남종면 검천리 316-2,2026-03-11
4161035026103160004,경기도 광주시 남종면 검천리 316-4,2026-03-11
4161035026103170002,경기도 광주시 남종면 검천리 317-2,2026-03-11
4161011200102160064,경기도 광주시 역동 216-64,2026-03-11
4161025021102090000,경기도 광주시 오포읍 고산리 209,2026-03-11
4161025025101270002,경기도 광주시 오포읍 추자리 127-2,2026-03-11
4161025026106930000,경기도 광주시 오포읍 매산리 693,2026-03-11
4161025027100200005,경기도 광주시 오포읍 양벌리 20-5,2026-03-11
4161025330106300025,경기도 광주시 초월읍 무갑리 630-25,2026-03-11
4161035026107660001,경기도 광주시 남종면 검천리 766-1,2026-03-11
4161034026100060000,경기도 광주시 퇴촌면 오리 6,2026-03-11
4161035022102550000,경기도 광주시 남종면 금사리 255,2026-03-11
4161035021102440004,경기도 광주시 남종면 분원리 244-4,2026-03-11
4161035022101350000,경기도 광주시 남종면 금사리 135,2026-03-11
4161035027101360002,경기도 광주시 남종면 수청리 136-2,2026-03-11
4161035021100790000,경기도 광주시 남종면 분원리 79,2026-03-11
4161035027102940001,경기도 광주시 남종면 수청리 294-1,2026-03-11
4161035027102940002,경기도 광주시 남종면 수청리 294-2,2026-03-11
4161025025101760003,경기도 광주시 오포읍 추자리 176-3,2026-03-11
4161025025101740003,경기도 광주시 오포읍 추자리 174-3,2026-03-11
4161025025101730002,경기도 광주시 오포읍 추자리 173-2,2026-03-11
4161025025101730003,경기도 광주시 오포읍 추자리 173-3,2026-03-11
4161025025101720002,경기도 광주시 오포읍 추자리 172-2,2026-03-11
4161035026108230001,경기도 광주시 남종면 검천리 823-1,2026-03-11
4161035026108230003,경기도 광주시 남종면 검천리 823-3,2026-03-11
4161035022102010002,경기도 광주시 남종면 금사리 201-2,2026-03-11
4161025025101650001,경기도 광주시 오포읍 추자리 165-1,2026-03-11
4161025025101650002,경기도 광주시 오포읍 추자리 165-2,2026-03-11
4161025025101630000,경기도 광주시 오포읍 추자리 163,2026-03-11
4161025025101550007,경기도 광주시 오포읍 추자리 155-7,2026-03-11
4161025025101640000,경기도 광주시 오포읍 추자리 164,2026-03-11
4161035026107290000,경기도 광주시 남종면 검천리 729,2026-03-11
4161025025101460004,경기도 광주시 오포읍 추자리 146-4,2026-03-11
4161035026103090000,경기도 광주시 남종면 검천리 309,2026-03-11
4161035026103090001,경기도 광주시 남종면 검천리 309-1,2026-03-11
4161035026103090002,경기도 광주시 남종면 검천리 309-2,2026-03-11
4161035027103770001,경기도 광주시 남종면 수청리 377-1,2026-03-11
4161035024200160001,경기도 광주시 남종면 삼성리 산16-1,2026-03-11
4161035026107450001,경기도 광주시 남종면 검천리 745-1,2026-03-11
4161025329100190000,경기도 광주시 초월읍 지월리 19,2026-03-11
4161035026107460000,경기도 광주시 남종면 검천리 746,2026-03-11
4161035021101790000,경기도 광주시 남종면 분원리 179,2026-03-11
4161035022101600000,경기도 광주시 남종면 금사리 160,2026-03-11
4161025027100190007,경기도 광주시 오포읍 양벌리 19-7,2026-03-11
4161025027100190012,경기도 광주시 오포읍 양벌리 19-12,2026-03-11
4161035027102980003,경기도 광주시 남종면 수청리 298-3,2026-03-11
4161035021102550049,경기도 광주시 남종면 분원리 255-49,2026-03-11
4161025027104260003,경기도 광주시 오포읍 양벌리 426-3,2026-03-11
4161025026106280025,경기도 광주시 오포읍 매산리 628-25,2026-03-11
4161035022101590000,경기도 광주시 남종면 금사리 159,2026-03-11
4161035027102950001,경기도 광주시 남종면 수청리 295-1,2026-03-11
4161025026107600000,경기도 광주시 오포읍 매산리 760,2026-03-11
4161035026103080008,경기도 광주시 남종면 검천리 308-8,2026-03-11
4161035025200750057,경기도 광주시 남종면 귀여리 산75-57,2026-03-11
4161034026103390000,경기도 광주시 퇴촌면 오리 339,2026-03-11
4161035027200020004,경기도 광주시 남종면 수청리 산2-4,2026-03-11
4161035026108200001,경기도 광주시 남종면 검천리 820-1,2026-03-11
4161035026108200003,경기도 광주시 남종면 검천리 820-3,2026-03-11
4161035024200180000,경기도 광주시 남종면 삼성리 18,2026-03-11
4161035021101820000,경기도 광주시 남종면 분원리 182,2026-03-11
4161035021101830000,경기도 광주시 남종면 분원리 183,2026-03-11
4161035025101330000,경기도 광주시 남종면 귀여리 133,2026-03-11
4161035021101940000,경기도 광주시 남종면 분원리 194,2026-03-11
4161035021101600000,경기도 광주시 남종면 분원리 160,2026-03-11
4161035021101800000,경기도 광주시 남종면 분원리 180,2026-03-11
4167037023102160002,경기도 여주시 강천면 이호리 216-2,2026-03-11
4167033026100680002,경기도 여주시 금사면 전북리 68-2,2026-03-11
4167033026100670001,경기도 여주시 금사면 전북리 67-1,2026-03-11
4167033030100050002,경기도 여주시 금사면 금사리 5-2,2026-03-11
4167034024102760001,경기도 여주시 능서면 백석리 276-1,2026-03-11
4167011800104400000,경기도 여주시 연양동 440,2026-03-11
4167032029101500000,경기도 여주시 흥천면 상백리 150,2026-03-11
4167032021100440001,경기도 여주시 흥천면 복대리 44-1,2026-03-11
4167032021100640000,경기도 여주시 흥천면 복대리 64,2026-03-11
4167035022102760021,경기도 여주시 대신면 당산리 276-21,2026-03-11
4167032022101580000,경기도 여주시 흥천면 계신리 158,2026-03-11
4167032022101600000,경기도 여주시 흥천면 계신리 160,2026-03-11
4167032022101890003,경기도 여주시 흥천면 계신리 189-3,2026-03-11
4167035036105800003,경기도 여주시 대신면 보통리 580-3,2026-03-11
4167035036105610002,경기도 여주시 대신면 보통리 561-2,2026-03-11
4167035039103110001,경기도 여주시 대신면 양촌리 311-1,2026-03-11
4167035039103110003,경기도 여주시 대신면 양촌리 311-3,2026-03-11
4167035039103110004,경기도 여주시 대신면 양촌리 311-4,2026-03-11
4167035039103120000,경기도 여주시 대신면 양촌리 312,2026-03-11
4182032527200810047,경기도 가평군 청평면 삼회리 산81-47,2026-03-11
4182032527100840005,경기도 가평군 청평면 삼회리 84-5,2026-03-11
4182032527100840004,경기도 가평군 청평면 삼회리 84-4,2026-03-11
4182032527100840011,경기도 가평군 청평면 삼회리 84-11,2026-03-11
4182032527100840010,경기도 가평군 청평면 삼회리 84-10,2026-03-11
4182032527100940003,경기도 가평군 청평면 삼회리 94-3,2026-03-11
4182032527100940011,경기도 가평군 청평면 삼회리 94-11,2026-03-11
4182032527100940007,경기도 가평군 청평면 삼회리 94-7,2026-03-11
4182032527100840009,경기도 가평군 청평면 삼회리 84-9,2026-03-11
4182032527100840003,경기도 가평군 청평면 삼회리 84-3,2026-03-11
4182032527100840012,경기도 가평군 청평면 삼회리 84-12,2026-03-11
4182032527100940010,경기도 가평군 청평면 삼회리 94-10,2026-03-11
4182032527100940009,경기도 가평군 청평면 삼회리 94-9,2026-03-11
4182032527102710004,경기도 가평군 청평면 삼회리 271-4,2026-03-11
4182032527102630000,경기도 가평군 청평면 삼회리 263,2026-03-11
4182032527102640008,경기도 가평군 청평면 삼회리 264-8,2026-03-11
4182032527100840006,경기도 가평군 청평면 삼회리 84-6,2026-03-11
4182032527100820011,경기도 가평군 청평면 삼회리 82-11,2026-03-11
4182032527101020007,경기도 가평군 청평면 삼회리 102-7,2026-03-11
4182032527101020002,경기도 가평군 청평면 삼회리 102-2,2026-03-11
4182032527103030003,경기도 가평군 청평면 삼회리 303-3,2026-03-11
4182032527103030002,경기도 가평군 청평면 삼회리 303-2,2026-03-11
4182032527103030005,경기도 가평군 청평면 삼회리 303-5,2026-03-11
4182032527103030012,경기도 가평군 청평면 삼회리 303-12,2026-03-11
4182032527100840008,경기도 가평군 청평면 삼회리 84-8,2026-03-11
4182032527104680016,경기도 가평군 청평면 삼회리 468-16,2026-03-11
4182032527100850012,경기도 가평군 청평면 삼회리 85-12,2026-03-11
4182032527104680015,경기도 가평군 청평면 삼회리 468-15,2026-03-11
4182032527105890000,경기도 가평군 청평면 삼회리 589,2026-03-11
4182032527100840001,경기도 가평군 청평면 삼회리 84-1,2026-03-11
4182032527102170001,경기도 가평군 청평면 삼회리 217-1,2026-03-11
4182032527104680005,경기도 가평군 청평면 삼회리 468-5,2026-03-11
4182032527104680003,경기도 가평군 청평면 삼회리 468-3,2026-03-11
4182032527102710047,경기도 가평군 청평면 삼회리 271-47,2026-03-11
4182032527102640001,경기도 가평군 청평면 삼회리 264-1,2026-03-11
4182032527100850013,경기도 가평군 청평면 삼회리 85-13,2026-03-11
4182032527103960001,경기도 가평군 청평면 삼회리 396-1,2026-03-11
4182032527100840007,경기도 가평군 청평면 삼회리 84-7,2026-03-11
4182032527104700013,경기도 가평군 청평면 삼회리 470-13,2026-03-11
4182032527103030010,경기도 가평군 청평면 삼회리 303-10,2026-03-11
4182032527102620000,경기도 가평군 청평면 삼회리 262,2026-03-11
4182032527104680002,경기도 가평군 청평면 삼회리 468-2,2026-03-11
4182032527104680004,경기도 가평군 청평면 삼회리 468-4,2026-03-11
4182032527102750000,경기도 가평군 청평면 삼회리 275,2026-03-11
4182032527100850014,경기도 가평군 청평면 삼회리 85-14,2026-03-11
4182032527103960002,경기도 가평군 청평면 삼회리 396-2,2026-03-11
4182032527100940008,경기도 가평군 청평면 삼회리 94-8,2026-03-11
4182032524103490003,경기도 가평군 청평면 대성리 349-3,2026-03-11
4182032524103210108,경기도 가평군 청평면 대성리 321-108,2026-03-11
4182032524103210098,경기도 가평군 청평면 대성리 321-98,2026-03-11
4182032524103210094,경기도 가평군 청평면 대성리 321-94,2026-03-11
4182032524201150006,경기도 가평군 청평면 대성리 산115-6,2026-03-11
4182032524103210072,경기도 가평군 청평면 대성리 321-72,2026-03-11
4182032525103400017,경기도 가평군 청평면 호명리 340-17,2026-03-11
4182032524201100028,경기도 가평군 청평면 대성리 산110-28,2026-03-11
4182032524103210136,경기도 가평군 청평면 대성리 321-136,2026-03-11
4182032524103210118,경기도 가평군 청평면 대성리 321-118,2026-03-11
4182032524103210135,경기도 가평군 청평면 대성리 321-135,2026-03-11
4182032524103210056,경기도 가평군 청평면 대성리 321-56,2026-03-11
4182032526105790001,경기도 가평군 청평면 고성리 579-1,2026-03-11
4182032526107110000,경기도 가평군 청평면 고성리 711,2026-03-11
4182032526100580000,경기도 가평군 청평면 고성리 58,2026-03-11
4182032526105800000,경기도 가평군 청평면 고성리 580,2026-03-11
4182032526100120002,경기도 가평군 청평면 고성리 12-2,2026-03-11
4182032526100650000,경기도 가평군 청평면 고성리 65,2026-03-11
4182032526103810000,경기도 가평군 청평면 고성리 381,2026-03-11
4182032526105830000,경기도 가평군 청평면 고성리 583,2026-03-11
4182032526105590000,경기도 가평군 청평면 고성리 559,2026-03-11
4182031022102460001,경기도 가평군 설악면 선촌리 246-1,2026-03-11
4182031022102460007,경기도 가평군 설악면 선촌리 246-7,2026-03-11
4182031022102460011,경기도 가평군 설악면 선촌리 246-11,2026-03-11
4182031022102460010,경기도 가평군 설악면 선촌리 246-10,2026-03-11
4182031022102460008,경기도 가평군 설악면 선촌리 246-8,2026-03-11
4182031022102460006,경기도 가평군 설악면 선촌리 246-6,2026-03-11
4182031022102460004,경기도 가평군 설악면 선촌리 246-4,2026-03-11
4182031022102460003,경기도 가평군 설악면 선촌리 246-3,2026-03-11
4182025033100800027,경기도 가평군 가평읍 복장리 80-27,2026-03-11
4182031022102460014,경기도 가평군 설악면 선촌리 246-14,2026-03-11
4182031022102460012,경기도 가평군 설악면 선촌리 246-12,2026-03-11
4182031022102460009,경기도 가평군 설악면 선촌리 246-9,2026-03-11
4182031022102460005,경기도 가평군 설악면 선촌리 246-5,2026-03-11
4182031022102460002,경기도 가평군 설악면 선촌리 246-2,2026-03-11
4182031023102630002,경기도 가평군 설악면 회곡리 263-2,2026-03-11
4182031023102660012,경기도 가평군 설악면 회곡리 266-12,2026-03-11
4182031023102660013,경기도 가평군 설악면 회곡리 266-13,2026-03-11
4182031024200030021,경기도 가평군 설악면 사룡리 산3-21,2026-03-11
4182031022200030009,경기도 가평군 설악면 선촌리 산3-9,2026-03-11
4182031022200040000,경기도 가평군 설악면 선촌리 산4,2026-03-11
4182025033100800050,경기도 가평군 가평읍 복장리 80-50,2026-03-11
4182031022200030006,경기도 가평군 설악면 선촌리 산3-6,2026-03-11
4182032527200810006,경기도 가평군 청평면 삼회리 산81-6,2026-03-11
4182025030104440002,경기도 가평군 가평읍 개곡리 444-2,2026-03-11
4182025030104440003,경기도 가평군 가평읍 개곡리 444-3,2026-03-11
4182025030104440004,경기도 가평군 가평읍 개곡리 444-4,2026-03-11
4182025030202620000,경기도 가평군 가평읍 개곡리 산262,2026-03-11
4182025030104460000,경기도 가평군 가평읍 개곡리 446,2026-03-11
4182025030104470000,경기도 가평군 가평읍 개곡리 447,2026-03-11
4182025030104480000,경기도 가평군 가평읍 개곡리 448,2026-03-11
4182025030104410000,경기도 가평군 가평읍 개곡리 441,2026-03-11
4182025030104450000,경기도 가평군 가평읍 개곡리 445,2026-03-11
4182025032100250006,경기도 가평군 가평읍 산유리 25-6,2026-03-11
4182025032100250005,경기도 가평군 가평읍 산유리 25-5,2026-03-11
4182025033100800026,경기도 가평군 가평읍 복장리 80-26,2026-03-11
4182025033103920008,경기도 가평군 가평읍 복장리 392-8,2026-03-11
4182025032100250014,경기도 가평군 가평읍 산유리 25-14,2026-03-11
4182025033104270000,경기도 가평군 가평읍 복장리 427,2026-03-11
4182025034102830010,경기도 가평군 가평읍 금대리 283-10,2026-03-11
4182025034102830001,경기도 가평군 가평읍 금대리 283-1,2026-03-11
4182025034102830003,경기도 가평군 가평읍 금대리 283-3,2026-03-11
4182025033201340013,경기도 가평군 가평읍 복장리 산134-13,2026-03-11
4182025033107700003,경기도 가평군 가평읍 복장리 770-3,2026-03-11
4182025033104260001,경기도 가평군 가평읍 복장리 426-1,2026-03-11
4182025033104260000,경기도 가평군 가평읍 복장리 426,2026-03-11
4182025033104260002,경기도 가평군 가평읍 복장리 426-2,2026-03-11
4182025033104420000,경기도 가평군 가평읍 복장리 442,2026-03-11
4182025033103920003,경기도 가평군 가평읍 복장리 392-3,2026-03-11
4182025033103920001,경기도 가평군 가평읍 복장리 392-1,2026-03-11
4182025033104290001,경기도 가평군 가평읍 복장리 429-1,2026-03-11
4182025033104290002,경기도 가평군 가평읍 복장리 429-2,2026-03-11
4182025033104270002,경기도 가평군 가평읍 복장리 427-2,2026-03-11
4182025033104570001,경기도 가평군 가평읍 복장리 457-1,2026-03-11
4182025034101330000,경기도 가평군 가평읍 금대리 133,2026-03-11
4182025033104570003,경기도 가평군 가평읍 복장리 457-3,2026-03-11
4182025033104560003,경기도 가평군 가평읍 복장리 456-3,2026-03-11
4182025034101340000,경기도 가평군 가평읍 금대리 134,2026-03-11
4182025033104560002,경기도 가평군 가평읍 복장리 456-2,2026-03-11
4182025033104780000,경기도 가평군 가평읍 복장리 478,2026-03-11
4182032525103400001,경기도 가평군 청평면 호명리 340-1,2026-03-11
4182025034201700011,경기도 가평군 가평읍 금대리 산170-11,2026-03-11
4182025034201410003,경기도 가평군 가평읍 금대리 산141-3,2026-03-11
4182025034103300011,경기도 가평군 가평읍 금대리 330-11,2026-03-11
4182025034103300010,경기도 가평군 가평읍 금대리 330-10,2026-03-11
4182025034103300017,경기도 가평군 가평읍 금대리 330-17,2026-03-11
4182025034103300019,경기도 가평군 가평읍 금대리 330-19,2026-03-11
4182025034103300020,경기도 가평군 가평읍 금대리 330-20,2026-03-11
4182025034103300007,경기도 가평군 가평읍 금대리 330-7,2026-03-11
4182025034103300025,경기도 가평군 가평읍 금대리 330-25,2026-03-11
4182025034201410002,경기도 가평군 가평읍 금대리 산141-2,2026-03-11
4182025034201700013,경기도 가평군 가평읍 금대리 산170-13,2026-03-11
4182025034103300006,경기도 가평군 가평읍 금대리 330-6,2026-03-11
4182025034103300004,경기도 가평군 가평읍 금대리 330-4,2026-03-11
4182025034202080001,경기도 가평군 가평읍 금대리 산208-1,2026-03-11
4182025034105700004,경기도 가평군 가평읍 금대리 570-4,2026-03-11
4182025034201730002,경기도 가평군 가평읍 금대리 산173-2,2026-03-11
4182025034202080007,경기도 가평군 가평읍 금대리 산208-7,2026-03-11
4182025033104780001,경기도 가평군 가평읍 복장리 478-1,2026-03-11
4182025033104780002,경기도 가평군 가평읍 복장리 478-2,2026-03-11
4182025033104780005,경기도 가평군 가평읍 복장리 478-5,2026-03-11
4182032527100800007,경기도 가평군 청평면 삼회리 80-7,2026-03-11
4182032527105880001,경기도 가평군 청평면 삼회리 588-1,2026-03-11
4182032526107210002,경기도 가평군 청평면 고성리 721-2,2026-03-11
4182032526103480000,경기도 가평군 청평면 고성리 348,2026-03-11
4182032526107100000,경기도 가평군 청평면 고성리 710,2026-03-11
4182031023107450040,경기도 가평군 설악면 회곡리 745-40,2026-03-11
4182032525103400012,경기도 가평군 청평면 호명리 340-12,2026-03-11
4182032527200810041,경기도 가평군 청평면 삼회리 산81-41,2026-03-11
4182032527200810000,경기도 가평군 청평면 삼회리 산81,2026-03-11
4182025034100560001,경기도 가평군 가평읍 금대리 56-1,2026-03-11
4182032527200810043,경기도 가평군 청평면 삼회리 산81-43,2026-03-11
4182032524103880009,경기도 가평군 청평면 대성리 388-9,2026-03-11
4182025034103300021,경기도 가평군 가평읍 금대리 330-21,2026-03-11
4182025034103300018,경기도 가평군 가평읍 금대리 330-18,2026-03-11
4182032527200810042,경기도 가평군 청평면 삼회리 산81-42,2026-03-11
4182032524103880012,경기도 가평군 청평면 대성리 388-12,2026-03-11
4182032524103880003,경기도 가평군 청평면 대성리 388-3,2026-03-11
4182032524103880008,경기도 가평군 청평면 대성리 388-8,2026-03-11
4183033022100630003,경기도 양평군 양서면 용담리 63-3,2026-03-11
4183041021104050005,경기도 양평군 개군면 하자포리 405-5,2026-03-11
4183041021200280000,경기도 양평군 개군면 하자포리 산28,2026-03-11
4183025021105040021,경기도 양평군 양평읍 양근리 504-21,2026-03-11
4183025031103640040,경기도 양평군 양평읍 회현리 364-40,2026-03-11
4183041022101130012,경기도 양평군 개군면 구미리 113-12,2026-03-11
4183041022101130011,경기도 양평군 개군면 구미리 113-11,2026-03-11
4183041022100250006,경기도 양평군 개군면 구미리 25-6,2026-03-11
4183041022100250005,경기도 양평군 개군면 구미리 25-5,2026-03-11
4183025031105450000,경기도 양평군 양평읍 회현리 545,2026-03-11
4183041023101220000,경기도 양평군 개군면 앙덕리 122,2026-03-11
4183025031103200000,경기도 양평군 양평읍 회현리 320,2026-03-11
4183041023101470000,경기도 양평군 개군면 앙덕리 147,2026-03-11
4183041022101130013,경기도 양평군 개군면 구미리 113-13,2026-03-11
4183041021104090003,경기도 양평군 개군면 하자포리 409-3,2026-03-11
4183041022100250001,경기도 양평군 개군면 구미리 25-1,2026-03-11
4183041022101130018,경기도 양평군 개군면 구미리 113-18,2026-03-11
4183041022101130028,경기도 양평군 개군면 구미리 113-28,2026-03-11
4183025031105880002,경기도 양평군 양평읍 회현리 588-2,2026-03-11
4183025031103520001,경기도 양평군 양평읍 회현리 352-1,2026-03-11
4183033023106750005,경기도 양평군 양서면 부용리 675-5,2026-03-11
4183035021105840005,경기도 양평군 서종면 문호리 584-5,2026-03-11
4183033022105410000,경기도 양평군 양서면 용담리 541,2026-03-11
4183035028106620012,경기도 양평군 서종면 수입리 662-12,2026-03-11
4183035028107890000,경기도 양평군 서종면 수입리 789,2026-03-11
4183035021105920080,경기도 양평군 서종면 문호리 592-80,2026-03-11
4183035028108220004,경기도 양평군 서종면 수입리 822-4,2026-03-11
4183035028106620018,경기도 양평군 서종면 수입리 662-18,2026-03-11
4183035028106620017,경기도 양평군 서종면 수입리 662-17,2026-03-11
4183035028107890013,경기도 양평군 서종면 수입리 789-13,2026-03-11
4183035028107650000,경기도 양평군 서종면 수입리 765,2026-03-11
4183035021107720006,경기도 양평군 서종면 문호리 772-6,2026-03-11
4183035021201000007,경기도 양평군 서종면 문호리 산100-7,2026-03-11
4183032021200250000,경기도 양평군 강하면 운심리 산25,2026-03-11
4183035028106620016,경기도 양평군 서종면 수입리 662-16,2026-03-11
4183035028108220089,경기도 양평군 서종면 수입리 822-89,2026-03-11
4183025031106090001,경기도 양평군 양평읍 회현리 609-1,2026-03-11
4183035028106670019,경기도 양평군 서종면 수입리 667-19,2026-03-11
4183025031104970002,경기도 양평군 양평읍 회현리 497-2,2026-03-11
4183025031104890005,경기도 양평군 양평읍 회현리 489-5,2026-03-11
4183035028106650002,경기도 양평군 서종면 수입리 665-2,2026-03-11
4183041022100570000,경기도 양평군 개군면 구미리 57,2026-03-11
4183041022101130014,경기도 양평군 개군면 구미리 113-14,2026-03-11
4183035028106670020,경기도 양평군 서종면 수입리 667-20,2026-03-11
4183035028106720010,경기도 양평군 서종면 수입리 672-10,2026-03-11
4183035021105840006,경기도 양평군 서종면 문호리 584-6,2026-03-11
4183035028106560019,경기도 양평군 서종면 수입리 656-19,2026-03-11
4183035028106620014,경기도 양평군 서종면 수입리 662-14,2026-03-11
4183035028106620015,경기도 양평군 서종면 수입리 662-15,2026-03-11
4183035028106720006,경기도 양평군 서종면 수입리 672-6,2026-03-11
4183035028106620011,경기도 양평군 서종면 수입리 662-11,2026-03-11
4183035028106560015,경기도 양평군 서종면 수입리 656-15,2026-03-11
4183035028106670021,경기도 양평군 서종면 수입리 667-21,2026-03-11
4183035028106560014,경기도 양평군 서종면 수입리 656-14,2026-03-11
4183035021104900010,경기도 양평군 서종면 문호리 490-10,2026-03-11
4183032021103680002,경기도 양평군 강하면 운심리 368-2,2026-03-11
4183032021101620006,경기도 양평군 강하면 운심리 162-6,2026-03-11
4183032021103680001,경기도 양평군 강하면 운심리 368-1,2026-03-11
4183035021104900016,경기도 양평군 서종면 문호리 490-16,2026-03-11
4183034024104330001,경기도 양평군 옥천면 아신리 433-1,2026-03-11
4183033023106760000,경기도 양평군 양서면 부용리 676,2026-03-11
4183034024104810001,경기도 양평군 옥천면 아신리 481-1,2026-03-11
4183033027100530095,경기도 양평군 양서면 대심리 53-95,2026-03-11
4183035021105920060,경기도 양평군 서종면 문호리 592-60,2026-03-11
4183033027100530022,경기도 양평군 양서면 대심리 53-22,2026-03-11
4183035021105840007,경기도 양평군 서종면 문호리 584-7,2026-03-11
4183033027101070001,경기도 양평군 양서면 대심리 107-1,2026-03-11
4183033027101040001,경기도 양평군 양서면 대심리 104-1,2026-03-11
4183033027101060000,경기도 양평군 양서면 대심리 106,2026-03-11
4183033027101130001,경기도 양평군 양서면 대심리 113-1,2026-03-11
4183033027100690014,경기도 양평군 양서면 대심리 69-14,2026-03-11
4183033027100780002,경기도 양평군 양서면 대심리 78-2,2026-03-11
4183035021105920091,경기도 양평군 서종면 문호리 592-91,2026-03-11
4183033027100530042,경기도 양평군 양서면 대심리 53-42,2026-03-11
4183025031104850001,경기도 양평군 양평읍 회현리 485-1,2026-03-11
4183033027101120002,경기도 양평군 양서면 대심리 112-2,2026-03-11
4183033027101130002,경기도 양평군 양서면 대심리 113-2,2026-03-11
4183033027101150008,경기도 양평군 양서면 대심리 115-8,2026-03-11
4183035021105840009,경기도 양평군 서종면 문호리 584-9,2026-03-11
4183035021105840008,경기도 양평군 서종면 문호리 584-8,2026-03-11
4183033027100690006,경기도 양평군 양서면 대심리 69-6,2026-03-11
4183033027100590038,경기도 양평군 양서면 대심리 59-38,2026-03-11
4183033027100590050,경기도 양평군 양서면 대심리 59-50,2026-03-11
4183033027100970013,경기도 양평군 양서면 대심리 97-13,2026-03-11
4183033027100300050,경기도 양평군 양서면 대심리 30-50,2026-03-11
4183033022100970003,경기도 양평군 양서면 용담리 97-3,2026-03-11
4183033021102450009,경기도 양평군 양서면 양수리 245-9,2026-03-11
4183033022100970002,경기도 양평군 양서면 용담리 97-2,2026-03-11
4183033021100230000,경기도 양평군 양서면 양수리 23,2026-03-11
4183033021100320000,경기도 양평군 양서면 양수리 32,2026-03-11
4183033021100320003,경기도 양평군 양서면 양수리 32-3,2026-03-11
4183033021100310001,경기도 양평군 양서면 양수리 31-1,2026-03-11
4183033021100310002,경기도 양평군 양서면 양수리 31-2,2026-03-11
4183033021100290000,경기도 양평군 양서면 양수리 29,2026-03-11
4183033021100280000,경기도 양평군 양서면 양수리 28,2026-03-11
4183033021100270000,경기도 양평군 양서면 양수리 27,2026-03-11
4183033021100240000,경기도 양평군 양서면 양수리 24,2026-03-11
4183033021102450001,경기도 양평군 양서면 양수리 245-1,2026-03-11
4183033022100620000,경기도 양평군 양서면 용담리 62,2026-03-11
4183034024105080010,경기도 양평군 옥천면 아신리 508-10,2026-03-11
4183033023106750002,경기도 양평군 양서면 부용리 675-2,2026-03-11
4183033025201410000,경기도 양평군 양서면 신원리 산141,2026-03-11
4183035021105920090,경기도 양평군 서종면 문호리 592-90,2026-03-11
4183035028108220048,경기도 양평군 서종면 수입리 822-48,2026-03-11
4183033023106750004,경기도 양평군 양서면 부용리 675-4,2026-03-11
4183033021100210000,경기도 양평군 양서면 양수리 21,2026-03-11
4183033021100220000,경기도 양평군 양서면 양수리 22,2026-03-11
4183033021102450013,경기도 양평군 양서면 양수리 245-13,2026-03-11
4183035021105710002,경기도 양평군 서종면 문호리 571-2,2026-03-11
4183033021100260000,경기도 양평군 양서면 양수리 26,2026-03-11
4183033021100250000,경기도 양평군 양서면 양수리 25,2026-03-11
4183033021100200002,경기도 양평군 양서면 양수리 20-2,2026-03-11
4183033021102200003,경기도 양평군 양서면 양수리 220-3,2026-03-11
4183033023106750006,경기도 양평군 양서면 부용리 675-6,2026-03-11
4183033021100200001,경기도 양평군 양서면 양수리 20-1,2026-03-11
4183035028106560007,경기도 양평군 서종면 수입리 656-7,2026-03-11
4183035028106620013,경기도 양평군 서종면 수입리 662-13,2026-03-11
4183031021105080000,경기도 양평군 강상면 병산리 508,2026-03-11
4183032026104760009,경기도 양평군 강하면 전수리 476-9,2026-03-11
4183031021110750039,경기도 양평군 강상면 병산리 1075-39,2026-03-11
4183031021110750040,경기도 양평군 강상면 병산리 1075-40,2026-03-11
4183031021110750038,경기도 양평군 강상면 병산리 1075-38,2026-03-11
4183032026200140029,경기도 양평군 강하면 전수리 산14-29,2026-03-11
4183033027100530038,경기도 양평군 양서면 대심리 53-38,2026-03-11
4183033027100530078,경기도 양평군 양서면 대심리 53-78,2026-03-11
4183033027100770092,경기도 양평군 양서면 대심리 77-92,2026-03-11
4183033027100530020,경기도 양평군 양서면 대심리 53-20,2026-03-11
4183032026105370002,경기도 양평군 강하면 전수리 537-2,2026-03-11
4183033027100530041,경기도 양평군 양서면 대심리 53-41,2026-03-11
4183033027101090003,경기도 양평군 양서면 대심리 109-3,2026-03-11
4183033027101090001,경기도 양평군 양서면 대심리 109-1,2026-03-11
4183033029101340006,경기도 양평군 양서면 복포리 134-6,2026-03-11
4183033027100530021,경기도 양평군 양서면 대심리 53-21,2026-03-11
4183032026105370003,경기도 양평군 강하면 전수리 537-3,2026-03-11
4183032026104950021,경기도 양평군 강하면 전수리 495-21,2026-03-11
4183032026104950018,경기도 양평군 강하면 전수리 495-18,2026-03-11
4183033027101040006,경기도 양평군 양서면 대심리 104-6,2026-03-11
4183033027101080000,경기도 양평군 양서면 대심리 108,2026-03-11
4183033027100530068,경기도 양평군 양서면 대심리 53-68,2026-03-11
4183033029100820005,경기도 양평군 양서면 복포리 82-5,2026-03-11
4183033027101050001,경기도 양평군 양서면 대심리 105-1,2026-03-11
4183033027100970018,경기도 양평군 양서면 대심리 97-18,2026-03-11
4183033027100770093,경기도 양평군 양서면 대심리 77-93,2026-03-11
4183033027100530027,경기도 양평군 양서면 대심리 53-27,2026-03-11
4183033027101090002,경기도 양평군 양서면 대심리 109-2,2026-03-11
4183041022100250004,경기도 양평군 개군면 구미리 25-4,2026-03-11
4183033027100530067,경기도 양평군 양서면 대심리 53-67,2026-03-11
4183033027100770073,경기도 양평군 양서면 대심리 77-73,2026-03-11
4183033027100530045,경기도 양평군 양서면 대심리 53-45,2026-03-11
4183033027100690045,경기도 양평군 양서면 대심리 69-45,2026-03-11
4183033027100530096,경기도 양평군 양서면 대심리 53-96,2026-03-11
4183033027100530017,경기도 양평군 양서면 대심리 53-17,2026-03-11
4183033027100100003,경기도 양평군 양서면 대심리 10-3,2026-03-11
4183033027101050002,경기도 양평군 양서면 대심리 105-2,2026-03-11
4183033029100930002,경기도 양평군 양서면 복포리 93-2,2026-03-11
4183033027101040002,경기도 양평군 양서면 대심리 104-2,2026-03-11
4183033027101080002,경기도 양평군 양서면 대심리 108-2,2026-03-11
4183033026104740001,경기도 양평군 양서면 도곡리 474-1,2026-03-11
4183033027100530079,경기도 양평군 양서면 대심리 53-79,2026-03-11
4183033027101120003,경기도 양평군 양서면 대심리 112-3,2026-03-11
4183041023101220007,경기도 양평군 개군면 앙덕리 122-7,2026-03-11
4183033029100840003,경기도 양평군 양서면 복포리 84-3,2026-03-11
4183033027100530044,경기도 양평군 양서면 대심리 53-44,2026-03-11
4183033027100530069,경기도 양평군 양서면 대심리 53-69,2026-03-11
4183033027100770102,경기도 양평군 양서면 대심리 77-102,2026-03-11
4183033027100770103,경기도 양평군 양서면 대심리 77-103,2026-03-11
4183033028103720020,경기도 양평군 양서면 국수리 372-20,2026-03-11
4183033027100970008,경기도 양평군 양서면 대심리 97-8,2026-03-11
4183033027100970041,경기도 양평군 양서면 대심리 97-41,2026-03-11
4183033027100530029,경기도 양평군 양서면 대심리 53-29,2026-03-11
4183033029102140040,경기도 양평군 양서면 복포리 214-40,2026-03-11
4183033027100970017,경기도 양평군 양서면 대심리 97-17,2026-03-11
4183033027100970030,경기도 양평군 양서면 대심리 97-30,2026-03-11
4183033027101150000,경기도 양평군 양서면 대심리 115,2026-03-11
4183033027100970010,경기도 양평군 양서면 대심리 97-10,2026-03-11
4183033029102340000,경기도 양평군 양서면 복포리 234,2026-03-11
4183033027101130000,경기도 양평군 양서면 대심리 113,2026-03-11
4183033027100530066,경기도 양평군 양서면 대심리 53-66,2026-03-11
4183033027100970048,경기도 양평군 양서면 대심리 97-48,2026-03-11
4183033027100970035,경기도 양평군 양서면 대심리 97-35,2026-03-11
4183033029102350000,경기도 양평군 양서면 복포리 235,2026-03-11
4183033029101340011,경기도 양평군 양서면 복포리 134-11,2026-03-11
4183032022103650001,경기도 양평군 강하면 왕창리 365-1,2026-03-11
4183031021110720020,경기도 양평군 강상면 병산리 1072-20,2026-03-11
4183031021110720022,경기도 양평군 강상면 병산리 1072-22,2026-03-11
4183025022103820045,경기도 양평군 양평읍 오빈리 382-45,2026-03-11
4183025031105280001,경기도 양평군 양평읍 회현리 528-1,2026-03-11
4183025031106100160,경기도 양평군 양평읍 회현리 610-160,2026-03-11
4183025021105040108,경기도 양평군 양평읍 양근리 504-108,2026-03-11
4183025021105040104,경기도 양평군 양평읍 양근리 504-104,2026-03-11
4183041022101130006,경기도 양평군 개군면 구미리 113-6,2026-03-11
4183025031105290000,경기도 양평군 양평읍 회현리 529,2026-03-11
4183025031106030002,경기도 양평군 양평읍 회현리 603-2,2026-03-11
4183025031105130001,경기도 양평군 양평읍 회현리 513-1,2026-03-11
4183041023100240041,경기도 양평군 개군면 앙덕리 24-41,2026-03-11
4183041022101130002,경기도 양평군 개군면 구미리 113-2,2026-03-11
4183041022101130016,경기도 양평군 개군면 구미리 113-16,2026-03-11
4183025031105870002,경기도 양평군 양평읍 회현리 587-2,2026-03-11
4183025031106030003,경기도 양평군 양평읍 회현리 603-3,2026-03-11
4183025031105950000,경기도 양평군 양평읍 회현리 595,2026-03-11
4183025031105130002,경기도 양평군 양평읍 회현리 513-2,2026-03-11
4183041023101440000,경기도 양평군 개군면 앙덕리 144,2026-03-11
4183041021104050003,경기도 양평군 개군면 하자포리 405-3,2026-03-11
4183025031104900000,경기도 양평군 양평읍 회현리 490,2026-03-11
4183041023100770000,경기도 양평군 개군면 앙덕리 77,2026-03-11
4183041023101230000,경기도 양평군 개군면 앙덕리 123,2026-03-11
4183041023101240001,경기도 양평군 개군면 앙덕리 124-1,2026-03-11
4183041023101220005,경기도 양평군 개군면 앙덕리 122-5,2026-03-11
4183025031105240003,경기도 양평군 양평읍 회현리 524-3,2026-03-11
4183025031104900003,경기도 양평군 양평읍 회현리 490-3,2026-03-11
4183025031105330000,경기도 양평군 양평읍 회현리 533,2026-03-11
4183041023101460000,경기도 양평군 개군면 앙덕리 146,2026-03-11
4183041033103660008,경기도 양평군 개군면 상자포리 366-8,2026-03-11
4183025031105240001,경기도 양평군 양평읍 회현리 524-1,2026-03-11
4183041023100840002,경기도 양평군 개군면 앙덕리 84-2,2026-03-11
4183031023102470000,경기도 양평군 강상면 교평리 247,2026-03-11
4183031023102420002,경기도 양평군 강상면 교평리 242-2,2026-03-11
4183031021111160008,경기도 양평군 강상면 병산리 1116-8,2026-03-11
4183031021111160007,경기도 양평군 강상면 병산리 1116-7,2026-03-11
4183031021111160014,경기도 양평군 강상면 병산리 1116-14,2026-03-11
4183031021110750016,경기도 양평군 강상면 병산리 1075-16,2026-03-11
4183034024108610010,경기도 양평군 옥천면 아신리 861-10,2026-03-11
4183041023101220006,경기도 양평군 개군면 앙덕리 122-6,2026-03-11
4183041023101220004,경기도 양평군 개군면 앙덕리 122-4,2026-03-11
4183033027102040040,경기도 양평군 양서면 대심리 204-40,2026-03-11
4183025021105040106,경기도 양평군 양평읍 양근리 504-106,2026-03-11
4183025021105040105,경기도 양평군 양평읍 양근리 504-105,2026-03-11
4183031026100020003,경기도 양평군 강상면 세월리 2-3,2026-03-11
4183025022102020002,경기도 양평군 양평읍 오빈리 202-2,2026-03-11
4183033029100850000,경기도 양평군 양서면 복포리 85,2026-03-11
4183033029100850007,경기도 양평군 양서면 복포리 85-7,2026-03-11
4183033021102200013,경기도 양평군 양서면 양수리 220-13,2026-03-11
4183033029100800013,경기도 양평군 양서면 복포리 80-13,2026-03-11
4183041033102810000,경기도 양평군 개군면 상자포리 281,2026-03-11
4183034021109280007,경기도 양평군 옥천면 옥천리 928-7,2026-03-11
4183025031106060002,경기도 양평군 양평읍 회현리 606-2,2026-03-11
4183025031106030005,경기도 양평군 양평읍 회현리 603-5,2026-03-11
4183025031105870001,경기도 양평군 양평읍 회현리 587-1,2026-03-11
4183025031105440000,경기도 양평군 양평읍 회현리 544,2026-03-11
4183025031103520002,경기도 양평군 양평읍 회현리 352-2,2026-03-11
4183033027100530005,경기도 양평군 양서면 대심리 53-5,2026-03-11
4183034024108610001,경기도 양평군 옥천면 아신리 861-1,2026-03-11
4183033021100330000,경기도 양평군 양서면 양수리 33,2026-03-11
4183025021105040018,경기도 양평군 양평읍 양근리 504-18,2026-03-11
4183033027101040003,경기도 양평군 양서면 대심리 104-3,2026-03-11
4183041023101230001,경기도 양평군 개군면 앙덕리 123-1,2026-03-11
4183025031103260000,경기도 양평군 양평읍 회현리 326,2026-03-11
4183025031103590001,경기도 양평군 양평읍 회현리 359-1,2026-03-11
4183025031105790000,경기도 양평군 양평읍 회현리 579,2026-03-11
4183033027100970036,경기도 양평군 양서면 대심리 97-36,2026-03-11
4183033027100970037,경기도 양평군 양서면 대심리 97-37,2026-03-11
4183033027100970038,경기도 양평군 양서면 대심리 97-38,2026-03-11
4183033027100970032,경기도 양평군 양서면 대심리 97-32,2026-03-11
4183033027100970033,경기도 양평군 양서면 대심리 97-33,2026-03-11
4183033027100970006,경기도 양평군 양서면 대심리 97-6,2026-03-11
4183031023102420001,경기도 양평군 강상면 교평리 242-1,2026-03-11
4183033027100530050,경기도 양평군 양서면 대심리 53-50,2026-03-11
4183032026104670042,경기도 양평군 강하면 전수리 467-42,2026-03-11
4183031026100060015,경기도 양평군 강상면 세월리 6-15,2026-03-11
4183033027101120000,경기도 양평군 양서면 대심리 112,2026-03-11
4183031023101790001,경기도 양평군 강상면 교평리 179-1,2026-03-11
4183033027101020020,경기도 양평군 양서면 대심리 102-20,2026-03-11
4183033027101020024,경기도 양평군 양서면 대심리 102-24,2026-03-11
4183025021105040098,경기도 양평군 양평읍 양근리 504-98,2026-03-11
4183031026100030007,경기도 양평군 강상면 세월리 3-7,2026-03-11
4183041021102340003,경기도 양평군 개군면 하자포리 234-3,2026-03-11
4183033021105570004,경기도 양평군 양서면 양수리 557-4,2026-03-11
4183033022102770008,경기도 양평군 양서면 용담리 277-8,2026-03-11
4183033022103300002,경기도 양평군 양서면 용담리 330-2,2026-03-11
4183033022103280005,경기도 양평군 양서면 용담리 328-5,2026-03-11
4183033022103290002,경기도 양평군 양서면 용담리 329-2,2026-03-11
4183033022105130003,경기도 양평군 양서면 용담리 513-3,2026-03-11
4183033022105120002,경기도 양평군 양서면 용담리 512-2,2026-03-11
4183033023106750007,경기도 양평군 양서면 부용리 675-7,2026-03-11
4183033021105570007,경기도 양평군 양서면 양수리 557-7,2026-03-11
4183035028106720009,경기도 양평군 서종면 수입리 672-9,2026-03-11
4183035021105970005,경기도 양평군 서종면 문호리 597-5,2026-03-11
4183033027100530034,경기도 양평군 양서면 대심리 53-34,2026-03-11
4211035030200240003,강원도 춘천시 서면 안보리 산24-3,2026-03-11
4183035021201000001,경기도 양평군 서종면 문호리 산100-1,2026-03-11
4183033027101120001,경기도 양평군 양서면 대심리 112-1,2026-03-11
4183033021105570008,경기도 양평군 양서면 양수리 557-8,2026-03-11
4183031023102250003,경기도 양평군 강상면 교평리 225-3,2026-03-11
4183033022102800025,경기도 양평군 양서면 용담리 280-25,2026-03-11
4183035021106410017,경기도 양평군 서종면 문호리 641-17,2026-03-11
4183035021106410000,경기도 양평군 서종면 문호리 641,2026-03-11
4183035021105970007,경기도 양평군 서종면 문호리 597-7,2026-03-11
4183035021106410089,경기도 양평군 서종면 문호리 641-89,2026-03-11
4183035021106420000,경기도 양평군 서종면 문호리 642,2026-03-11
4183035021104900012,경기도 양평군 서종면 문호리 490-12,2026-03-11
4211040030101540002,강원도 춘천시 남산면 방하리 154-2,2026-03-11
4211040030102020033,강원도 춘천시 남산면 방하리 202-33,2026-03-11
4211035030100510000,강원도 춘천시 서면 안보리 51,2026-03-11
4211035030101810004,강원도 춘천시 서면 안보리 181-4,2026-03-11
4211040028103010004,강원도 춘천시 남산면 서천리 301-4,2026-03-11
4211035030100870001,강원도 춘천시 서면 안보리 87-1,2026-03-11
4211035028100750005,강원도 춘천시 서면 덕두원리 75-5,2026-03-11
4211035028100730004,강원도 춘천시 서면 덕두원리 73-4,2026-03-11
4211035029103880007,강원도 춘천시 서면 당림리 388-7,2026-03-11
4211040028106500000,강원도 춘천시 남산면 서천리 650,2026-03-11
4211040028106500008,강원도 춘천시 남산면 서천리 650-8,2026-03-11
4211040028103570003,강원도 춘천시 남산면 서천리 357-3,2026-03-11
4211040028103380008,강원도 춘천시 남산면 서천리 338-8,2026-03-11
4211035030100630019,강원도 춘천시 서면 안보리 63-19,2026-03-11
4211035028100740001,강원도 춘천시 서면 덕두원리 74-1,2026-03-11
4211035030100650001,강원도 춘천시 서면 안보리 65-1,2026-03-11
4211035030106170000,강원도 춘천시 서면 안보리 617,2026-03-11
4211040028103050000,강원도 춘천시 남산면 서천리 305,2026-03-11
4211040028106500007,강원도 춘천시 남산면 서천리 650-7,2026-03-11
4211040028106500003,강원도 춘천시 남산면 서천리 650-3,2026-03-11
4211035030100640001,강원도 춘천시 서면 안보리 64-1,2026-03-11
4211035030100630010,강원도 춘천시 서면 안보리 63-10,2026-03-11
4211035030100630013,강원도 춘천시 서면 안보리 63-13,2026-03-11
4211040028103260010,강원도 춘천시 남산면 서천리 326-10,2026-03-11
4211040028106500010,강원도 춘천시 남산면 서천리 650-10,2026-03-11
4211040028103010005,강원도 춘천시 남산면 서천리 301-5,2026-03-11
4211040028103210000,강원도 춘천시 남산면 서천리 321,2026-03-11
4211040027101700000,강원도 춘천시 남산면 강촌리 170,2026-03-11
4211040028105130000,강원도 춘천시 남산면 서천리 513,2026-03-11
4211040028105760000,강원도 춘천시 남산면 서천리 576,2026-03-11
4211040030102020017,강원도 춘천시 남산면 방하리 202-17,2026-03-11
4211035028100750001,강원도 춘천시 서면 덕두원리 75-1,2026-03-11
4211035030100630007,강원도 춘천시 서면 안보리 63-7,2026-03-11
4211035030105350011,강원도 춘천시 서면 안보리 535-11,2026-03-11
4211040030200500001,강원도 춘천시 남산면 방하리 50-1,2026-03-11
4211040028201680006,강원도 춘천시 남산면 서천리 산168-6,2026-03-11
4211040028105650001,강원도 춘천시 남산면 서천리 565-1,2026-03-11
4211040028106500001,강원도 춘천시 남산면 서천리 650-1,2026-03-11
4211035030100630008,강원도 춘천시 서면 안보리 63-8,2026-03-11
4211035030100600001,강원도 춘천시 서면 안보리 60-1,2026-03-11
4211035030100530003,강원도 춘천시 서면 안보리 53-3,2026-03-11
4211033021103030000,강원도 춘천시 신동면 의암리 303,2026-03-11
4211040028100500001,강원도 춘천시 남산면 서천리 50-1,2026-03-11
4211040030102940000,강원도 춘천시 남산면 방하리 294,2026-03-11
4211040030200500008,강원도 춘천시 남산면 방하리 50-8,2026-03-11
4211035030200240005,강원도 춘천시 서면 안보리 산24-5,2026-03-11
4211040028103010006,강원도 춘천시 남산면 서천리 301-6,2026-03-11
4211040027106410000,강원도 춘천시 남산면 강촌리 641,2026-03-11
4211040028106500025,강원도 춘천시 남산면 서천리 650-25,2026-03-11
4211035030101900000,강원도 춘천시 서면 안보리 190,2026-03-11
4211040028106500023,강원도 춘천시 남산면 서천리 650-23,2026-03-11
4211040028102980037,강원도 춘천시 남산면 서천리 298-37,2026-03-11
4211035030106090001,강원도 춘천시 서면 안보리 609-1,2026-03-11
4211040028103070005,강원도 춘천시 남산면 서천리 307-5,2026-03-11
4211040028102720000,강원도 춘천시 남산면 서천리 272,2026-03-11
4211035030101830001,강원도 춘천시 서면 안보리 183-1,2026-03-11
4211035030100670000,강원도 춘천시 서면 안보리 67,2026-03-11
4211035028100740003,강원도 춘천시 서면 덕두원리 74-3,2026-03-11
4211040028103260015,강원도 춘천시 남산면 서천리 326-15,2026-03-11
4211040028200090000,강원도 춘천시 남산면 서천리 산9,2026-03-11
4211040030103520003,강원도 춘천시 남산면 방하리 352-3,2026-03-11
4211040030102020013,강원도 춘천시 남산면 방하리 202-13,2026-03-11
4211035030100630003,강원도 춘천시 서면 안보리 63-3,2026-03-11
4211040030101540000,강원도 춘천시 남산면 방하리 154,2026-03-11
4211040028106500012,강원도 춘천시 남산면 서천리 650-12,2026-03-11
4211040028103010007,강원도 춘천시 남산면 서천리 301-7,2026-03-11
4211040028102900002,강원도 춘천시 남산면 서천리 290-2,2026-03-11
4211040028102980004,강원도 춘천시 남산면 서천리 298-4,2026-03-11
4211035028100750003,강원도 춘천시 서면 덕두원리 75-3,2026-03-11
4211035029103160002,강원도 춘천시 서면 당림리 316-2,2026-03-11
4211035029103970000,강원도 춘천시 서면 당림리 397,2026-03-11
4211035030100360000,강원도 춘천시 서면 안보리 36,2026-03-11
4211035030100360001,강원도 춘천시 서면 안보리 36-1,2026-03-11
4211040028103070004,강원도 춘천시 남산면 서천리 307-4,2026-03-11
4211040028200080000,강원도 춘천시 남산면 서천리 산8,2026-03-11
4211035030101870000,강원도 춘천시 서면 안보리 187,2026-03-11
4211035028100730001,강원도 춘천시 서면 덕두원리 73-1,2026-03-11
4211035030100870004,강원도 춘천시 서면 안보리 87-4,2026-03-11
4211040028100590003,강원도 춘천시 남산면 서천리 59-3,2026-03-11
4211035030200090009,강원도 춘천시 서면 안보리 산9-9,2026-03-11
4211035030100630009,강원도 춘천시 서면 안보리 63-9,2026-03-11
4211035030100600005,강원도 춘천시 서면 안보리 60-5,2026-03-11
4211035030101860000,강원도 춘천시 서면 안보리 186,2026-03-11
4211035030100920000,강원도 춘천시 서면 안보리 92,2026-03-11
4211035030101700001,강원도 춘천시 서면 안보리 170-1,2026-03-11
4211040030102020029,강원도 춘천시 남산면 방하리 202-29,2026-03-11
4211040030102020032,강원도 춘천시 남산면 방하리 202-32,2026-03-11
4211040030102930000,강원도 춘천시 남산면 방하리 293,2026-03-11
4211040028100600003,강원도 춘천시 남산면 서천리 60-3,2026-03-11
4211035030100630015,강원도 춘천시 서면 안보리 63-15,2026-03-11
4211035030100630011,강원도 춘천시 서면 안보리 63-11,2026-03-11
4211035030100600004,강원도 춘천시 서면 안보리 60-4,2026-03-11
4211040028106900002,강원도 춘천시 남산면 서천리 690-2,2026-03-11
4211035030105350001,강원도 춘천시 서면 안보리 535-1,2026-03-11
4211035030100630016,강원도 춘천시 서면 안보리 63-16,2026-03-11
4211040030102020001,강원도 춘천시 남산면 방하리 202-1,2026-03-11
4211040028102830001,강원도 춘천시 남산면 서천리 283-1,2026-03-11
4211035030107400013,강원도 춘천시 서면 안보리 740-13,2026-03-11
4211035030107450005,강원도 춘천시 서면 안보리 745-5,2026-03-11
4211040028106500014,강원도 춘천시 남산면 서천리 650-14,2026-03-11
4211035029103880006,강원도 춘천시 서면 당림리 388-6,2026-03-11
4211035029103880009,강원도 춘천시 서면 당림리 388-9,2026-03-11
4211040027106420001,강원도 춘천시 남산면 강촌리 642-1,2026-03-11
4211040028106500002,강원도 춘천시 남산면 서천리 650-2,2026-03-11
4211040028106500024,강원도 춘천시 남산면 서천리 650-24,2026-03-11
4211040028105760001,강원도 춘천시 남산면 서천리 576-1,2026-03-11
4211040030102020023,강원도 춘천시 남산면 방하리 202-23,2026-03-11
4211040028200150000,강원도 춘천시 남산면 서천리 산15,2026-03-11
4211033021103020000,강원도 춘천시 신동면 의암리 302,2026-03-11
4211035029103880010,강원도 춘천시 서면 당림리 388-10,2026-03-11
4211040028100600002,강원도 춘천시 남산면 서천리 60-2,2026-03-11
4211040028102970008,강원도 춘천시 남산면 서천리 297-8,2026-03-11
4211040028102900014,강원도 춘천시 남산면 서천리 290-14,2026-03-11
4211040028200110005,강원도 춘천시 남산면 서천리 산11-5,2026-03-11
4136025625105710003,경기도 남양주시 화도읍 금남리 571-3,2026-03-11
4136025625105600010,경기도 남양주시 화도읍 금남리 560-10,2026-03-11
4136025624101050001,경기도 남양주시 화도읍 구암리 105-1,2026-03-11
4136025624100910000,경기도 남양주시 화도읍 구암리 91,2026-03-11
4136025625100180002,경기도 남양주시 화도읍 금남리 18-2,2026-03-11
4136025625100830002,경기도 남양주시 화도읍 금남리 83-2,2026-03-11
4136025625105600012,경기도 남양주시 화도읍 금남리 560-12,2026-03-11
4136025625102230002,경기도 남양주시 화도읍 금남리 223-2,2026-03-11
4136025625100180007,경기도 남양주시 화도읍 금남리 18-7,2026-03-11
4136025625100190003,경기도 남양주시 화도읍 금남리 19-3,2026-03-11
4136036022102450000,경기도 남양주시 조안면 조안리 245,2026-03-11
4136036022102460000,경기도 남양주시 조안면 조안리 246,2026-03-11
4136036021102750012,경기도 남양주시 조안면 능내리 275-12,2026-03-11
4136036023101630000,경기도 남양주시 조안면 진중리 163,2026-03-11
4136036025103770000,경기도 남양주시 조안면 삼봉리 377,2026-03-11
4136025625200560270,경기도 남양주시 화도읍 금남리 산56-270,2026-03-11
4136025625100830003,경기도 남양주시 화도읍 금남리 83-3,2026-03-11
4136025625102190006,경기도 남양주시 화도읍 금남리 219-6,2026-03-11
4136036022102330000,경기도 남양주시 조안면 조안리 233,2026-03-11
4136036022102320002,경기도 남양주시 조안면 조안리 232-2,2026-03-11
4136036022102480000,경기도 남양주시 조안면 조안리 248,2026-03-11
4146110900101280001,경기도 용인시 처인구 호동 128-1,2026-03-11
4146110500101920001,경기도 용인시 처인구 유방동 192-1,2026-03-11
4146110500101880000,경기도 용인시 처인구 유방동 188,2026-03-11
4146110500102180002,경기도 용인시 처인구 유방동 218-2,2026-03-11
4146110500102000009,경기도 용인시 처인구 유방동 200-9,2026-03-11
4146110500102030002,경기도 용인시 처인구 유방동 203-2,2026-03-11
4146110500101500001,경기도 용인시 처인구 유방동 150-1,2026-03-11
4146110500101510000,경기도 용인시 처인구 유방동 151,2026-03-11
4146110500101590000,경기도 용인시 처인구 유방동 159,2026-03-11
4146110800106010013,경기도 용인시 처인구 운학동 601-13,2026-03-11
4146110800106010014,경기도 용인시 처인구 운학동 601-14,2026-03-11
4146110500102180003,경기도 용인시 처인구 유방동 218-3,2026-03-11
4146110500102180001,경기도 용인시 처인구 유방동 218-1,2026-03-11
4146110500102040000,경기도 용인시 처인구 유방동 204,2026-03-11
4146110500102030001,경기도 용인시 처인구 유방동 203-1,2026-03-11
4146125323105070001,경기도 용인시 처인구 모현읍 초부리 507-1,2026-03-11
4146110800105970009,경기도 용인시 처인구 운학동 597-9,2026-03-11
4146110800103320001,경기도 용인시 처인구 운학동 332-1,2026-03-11
4146110800106020000,경기도 용인시 처인구 운학동 602,2026-03-11
4146110800106020001,경기도 용인시 처인구 운학동 602-1,2026-03-11
4146110800104150002,경기도 용인시 처인구 운학동 415-2,2026-03-11
4146110800103650005,경기도 용인시 처인구 운학동 365-5,2026-03-11
4146110800102500000,경기도 용인시 처인구 운학동 250,2026-03-11
4146110800106030001,경기도 용인시 처인구 운학동 603-1,2026-03-11
4146110900101510002,경기도 용인시 처인구 호동 151-2,2026-03-11
4146110900103350008,경기도 용인시 처인구 호동 335-8,2026-03-11
4146110900102860000,경기도 용인시 처인구 호동 286,2026-03-11
4146110900200900000,경기도 용인시 처인구 호동 산90,2026-03-11
4146110900103350001,경기도 용인시 처인구 호동 335-1,2026-03-11
4146110900103350011,경기도 용인시 처인구 호동 335-11,2026-03-11
4146110900103350009,경기도 용인시 처인구 호동 335-9,2026-03-11
4146110900103340005,경기도 용인시 처인구 호동 334-5,2026-03-11
4146110900103350012,경기도 용인시 처인구 호동 335-12,2026-03-11
4146110900103280001,경기도 용인시 처인구 호동 328-1,2026-03-11
4146110900101920004,경기도 용인시 처인구 호동 192-4,2026-03-11
4146110900100990042,경기도 용인시 처인구 호동 99-42,2026-03-11
4146110900100990045,경기도 용인시 처인구 호동 99-45,2026-03-11
4146110900100990044,경기도 용인시 처인구 호동 99-44,2026-03-11
4146110900100990032,경기도 용인시 처인구 호동 99-32,2026-03-11
4146110900103340004,경기도 용인시 처인구 호동 334-4,2026-03-11
4146110900103340015,경기도 용인시 처인구 호동 334-15,2026-03-11
4146110900103340010,경기도 용인시 처인구 호동 334-10,2026-03-11
4146110900103340006,경기도 용인시 처인구 호동 334-6,2026-03-11
4146110900103320010,경기도 용인시 처인구 호동 332-10,2026-03-11
4146110900103320008,경기도 용인시 처인구 호동 332-8,2026-03-11
4146110900103320012,경기도 용인시 처인구 호동 332-12,2026-03-11
4146110900103320007,경기도 용인시 처인구 호동 332-7,2026-03-11
4146110800104110003,경기도 용인시 처인구 운학동 411-3,2026-03-11
4146110900102200001,경기도 용인시 처인구 호동 220-1,2026-03-11
4146110900102200002,경기도 용인시 처인구 호동 220-2,2026-03-11
4146110800106180000,경기도 용인시 처인구 운학동 618,2026-03-11
4146110800106200002,경기도 용인시 처인구 운학동 620-2,2026-03-11
4146110900101150000,경기도 용인시 처인구 호동 115,2026-03-11
4146110800104070000,경기도 용인시 처인구 운학동 407,2026-03-11
4146110900101160001,경기도 용인시 처인구 호동 116-1,2026-03-11
4146110800102830001,경기도 용인시 처인구 운학동 283-1,2026-03-11
4146110900103350010,경기도 용인시 처인구 호동 335-10,2026-03-11
4146110900101160000,경기도 용인시 처인구 호동 116,2026-03-11
4146110900102910001,경기도 용인시 처인구 호동 291-1,2026-03-11
4146110800104940000,경기도 용인시 처인구 운학동 494,2026-03-11
4146110900100450000,경기도 용인시 처인구 호동 45,2026-03-11
4146110900103540000,경기도 용인시 처인구 호동 354,2026-03-11
4146110900103530000,경기도 용인시 처인구 호동 353,2026-03-11
4146110900101510004,경기도 용인시 처인구 호동 151-4,2026-03-11
4146110900101180002,경기도 용인시 처인구 호동 118-2,2026-03-11
4146110800104330000,경기도 용인시 처인구 운학동 433,2026-03-11
4146110800106170003,경기도 용인시 처인구 운학동 617-3,2026-03-11
4146110800105240001,경기도 용인시 처인구 운학동 524-1,2026-03-11
4146110800104110005,경기도 용인시 처인구 운학동 411-5,2026-03-11
4146110800104120000,경기도 용인시 처인구 운학동 412,2026-03-11
4146110800106080000,경기도 용인시 처인구 운학동 608,2026-03-11
4146110400102880003,경기도 용인시 처인구 남동 288-3,2026-03-11
4146110800104320003,경기도 용인시 처인구 운학동 432-3,2026-03-11
4146110800104320002,경기도 용인시 처인구 운학동 432-2,2026-03-11
4146111000102740000,경기도 용인시 처인구 해곡동 274,2026-03-11
4146111000103040001,경기도 용인시 처인구 해곡동 304-1,2026-03-11
4146110900103590002,경기도 용인시 처인구 호동 359-2,2026-03-11
4146110900103590001,경기도 용인시 처인구 호동 359-1,2026-03-11
4146110900103590003,경기도 용인시 처인구 호동 359-3,2026-03-11
4146110900103550000,경기도 용인시 처인구 호동 355,2026-03-11
4146110900103520004,경기도 용인시 처인구 호동 352-4,2026-03-11
4146110900103480023,경기도 용인시 처인구 호동 348-23,2026-03-11
4146110900102720000,경기도 용인시 처인구 호동 272,2026-03-11
4146111000103300000,경기도 용인시 처인구 해곡동 330,2026-03-11
4146110900100340000,경기도 용인시 처인구 호동 34,2026-03-11
4146110900100320004,경기도 용인시 처인구 호동 32-4,2026-03-11
4146110900100320003,경기도 용인시 처인구 호동 32-3,2026-03-11
4146111000103290003,경기도 용인시 처인구 해곡동 329-3,2026-03-11
4183031021110750025,경기도 양평군 강상면 병산리 1075-25,2026-03-11
4146110900102190000,경기도 용인시 처인구 호동 219,2026-03-11
4146110900100950000,경기도 용인시 처인구 호동 95,2026-03-11
4146111000102910003,경기도 용인시 처인구 해곡동 291-3,2026-03-11
4146110900102220003,경기도 용인시 처인구 호동 222-3,2026-03-11
4146110900102220002,경기도 용인시 처인구 호동 222-2,2026-03-11
4146110900102210000,경기도 용인시 처인구 호동 221,2026-03-11
4146110900102170000,경기도 용인시 처인구 호동 217,2026-03-11
4146110900100490002,경기도 용인시 처인구 호동 49-2,2026-03-11
4146125021102860002,경기도 용인시 처인구 포곡읍 삼계리 286-2,2026-03-11
4146110800105150001,경기도 용인시 처인구 운학동 515-1,2026-03-11
4146111000102550000,경기도 용인시 처인구 해곡동 255,2026-03-11
4146125023100150002,경기도 용인시 처인구 포곡읍 둔전리 15-2,2026-03-11
4146125024101000000,경기도 용인시 처인구 포곡읍 영문리 100,2026-03-11
4146125024100420002,경기도 용인시 처인구 포곡읍 영문리 42-2,2026-03-11
4146125024101070000,경기도 용인시 처인구 포곡읍 영문리 107,2026-03-11
4146125024101020000,경기도 용인시 처인구 포곡읍 영문리 102,2026-03-11
4146110900100990034,경기도 용인시 처인구 호동 99-34,2026-03-11
4146125024101010000,경기도 용인시 처인구 포곡읍 영문리 101,2026-03-11
4146125021106710012,경기도 용인시 처인구 포곡읍 삼계리 671-12,2026-03-11
4146110900102830000,경기도 용인시 처인구 호동 283,2026-03-11
4146125029100770001,경기도 용인시 처인구 포곡읍 신원리 77-1,2026-03-11
4146125322105620000,경기도 용인시 처인구 모현읍 갈담리 562,2026-03-11
4146125324104720007,경기도 용인시 처인구 모현면 일산리 472-7,2026-03-11
4146125324100180011,경기도 용인시 처인구 모현면 일산리 18-11,2026-03-11
4146125324103490001,경기도 용인시 처인구 모현면 일산리 349-1,2026-03-11
4146125324103700017,경기도 용인시 처인구 모현읍 일산리 370-17,2026-03-11
4146125324103700008,경기도 용인시 처인구 모현읍 일산리 370-8,2026-03-11
4146125323200870003,경기도 용인시 처인구 모현면 초부리 산87-3,2026-03-11
4146110500102060000,경기도 용인시 처인구 유방동 206,2026-03-11
4146125322105700001,경기도 용인시 처인구 모현면 갈담리 570-1,2026-03-11
4146110900102220001,경기도 용인시 처인구 호동 222-1,2026-03-11
4146110900100990029,경기도 용인시 처인구 호동 99-29,2026-03-11
4183031021101970002,경기도 양평군 강상면 병산리 197-2,2026-03-11
4146110800103330001,경기도 용인시 처인구 운학동 333-1,2026-03-11
4146110900102240003,경기도 용인시 처인구 호동 224-3,2026-03-11
4146110800104960006,경기도 용인시 처인구 운학동 496-6,2026-03-11
4146110800106010000,경기도 용인시 처인구 운학동 601,2026-03-11
4146110800106010008,경기도 용인시 처인구 운학동 601-8,2026-03-11
4146110800106010010,경기도 용인시 처인구 운학동 601-10,2026-03-11
4146110800106010009,경기도 용인시 처인구 운학동 601-9,2026-03-11
4146110800106010011,경기도 용인시 처인구 운학동 601-11,2026-03-11
4146110900102800000,경기도 용인시 처인구 호동 280,2026-03-11
4146125323108190008,경기도 용인시 처인구 모현면 초부리 819-8,2026-03-11
4146125024100680002,경기도 용인시 처인구 포곡읍 영문리 68-2,2026-03-11
4146125023103580001,경기도 용인시 처인구 포곡읍 둔전리 358-1,2026-03-11
4211035030105320003,강원도 춘천시 서면 안보리 532-3,2026-03-11
4146125021106710028,경기도 용인시 처인구 포곡읍 삼계리 671-28,2026-03-11
4146110800104650017,경기도 용인시 처인구 운학동 465-17,2026-03-11
4146125324101810005,경기도 용인시 처인구 모현면 일산리 181-5,2026-03-11
4146110900102330001,경기도 용인시 처인구 호동 233-1,2026-03-11
4146110900102330000,경기도 용인시 처인구 호동 233,2026-03-11
4146110900101290000,경기도 용인시 처인구 호동 129,2026-03-11
4146125023100420002,경기도 용인시 처인구 포곡읍 둔전리 42-2,2026-03-11
4146110800104010002,경기도 용인시 처인구 운학동 401-2,2026-03-11
4146125023100310001,경기도 용인시 처인구 포곡읍 둔전리 31-1,2026-03-11
4146110900100350001,경기도 용인시 처인구 호동 35-1,2026-03-11
4146110800103440000,경기도 용인시 처인구 운학동 344,2026-03-11
4146110900100350004,경기도 용인시 처인구 호동 35-4,2026-03-11
4146110800104650006,경기도 용인시 처인구 운학동 465-6,2026-03-11
4146110800105970002,경기도 용인시 처인구 운학동 597-2,2026-03-11
4146110900100990038,경기도 용인시 처인구 호동 99-38,2026-03-11
4146110800106010015,경기도 용인시 처인구 운학동 601-15,2026-03-11
4146125024100930001,경기도 용인시 처인구 포곡읍 영문리 93-1,2026-03-11
4146110800102830002,경기도 용인시 처인구 운학동 283-2,2026-03-11
4146110800104110008,경기도 용인시 처인구 운학동 411-8,2026-03-11
4146111000103400000,경기도 용인시 처인구 해곡동 340,2026-03-11
4146125324103740000,경기도 용인시 처인구 모현면 일산리 374,2026-03-11
4146110500101970009,경기도 용인시 처인구 유방동 197-9,2026-03-11
4146110800105850001,경기도 용인시 처인구 운학동 585-1,2026-03-11
4146125322105300002,경기도 용인시 처인구 모현면 갈담리 530-2,2026-03-11
4146110800104780022,경기도 용인시 처인구 운학동 478-22,2026-03-11
4146110500101910000,경기도 용인시 처인구 유방동 191,2026-03-11
4146125028100360005,경기도 용인시 처인구 포곡읍 유운리 36-5,2026-03-11
4146125028101050007,경기도 용인시 처인구 포곡읍 유운리 105-7,2026-03-11
4146125028101050006,경기도 용인시 처인구 포곡읍 유운리 105-6,2026-03-11
4146125321108560000,경기도 용인시 처인구 모현면 왕산리 856,2026-03-11
4146110900101920003,경기도 용인시 처인구 호동 192-3,2026-03-11
4146125023100240000,경기도 용인시 처인구 포곡읍 둔전리 24,2026-03-11
4146125324101820001,경기도 용인시 처인구 모현면 일산리 182-1,2026-03-11
4146125324101810003,경기도 용인시 처인구 모현면 일산리 181-3,2026-03-11
4146125321108580000,경기도 용인시 처인구 모현읍 왕산리 858,2026-03-11
4146125323108190026,경기도 용인시 처인구 모현면 초부리 819-26,2026-03-11
4146125324100380015,경기도 용인시 처인구 모현면 일산리 38-15,2026-03-11
4146110800104650005,경기도 용인시 처인구 운학동 465-5,2026-03-11
4146110800103430001,경기도 용인시 처인구 운학동 343-1,2026-03-11
4146110900100980002,경기도 용인시 처인구 호동 98-2,2026-03-11
4146110900102920002,경기도 용인시 처인구 호동 292-2,2026-03-11
4146110900200320005,경기도 용인시 처인구 호동 산32-5,2026-03-11
4146110900102510004,경기도 용인시 처인구 호동 251-4,2026-03-11
4146110900101410014,경기도 용인시 처인구 호동 141-14,2026-03-11
4146110900100710002,경기도 용인시 처인구 호동 71-2,2026-03-11
4146110900100710004,경기도 용인시 처인구 호동 71-4,2026-03-11
4146110900100400000,경기도 용인시 처인구 호동 40,2026-03-11
4146110900100400002,경기도 용인시 처인구 호동 40-2,2026-03-11
4146110800104210007,경기도 용인시 처인구 운학동 421-7,2026-03-11
4146111000103040000,경기도 용인시 처인구 해곡동 304,2026-03-11
4146125322105820011,경기도 용인시 처인구 모현읍 갈담리 582-11,2026-03-11
4146110800104960005,경기도 용인시 처인구 운학동 496-5,2026-03-11
4146110900100750000,경기도 용인시 처인구 호동 75,2026-03-11
4146110900100490004,경기도 용인시 처인구 호동 49-4,2026-03-11
4146110900102240004,경기도 용인시 처인구 호동 224-4,2026-03-11
4146110900101180001,경기도 용인시 처인구 호동 118-1,2026-03-11
4146110900101180003,경기도 용인시 처인구 호동 118-3,2026-03-11
4146110900103130000,경기도 용인시 처인구 호동 313,2026-03-11
4146110900102150000,경기도 용인시 처인구 호동 215,2026-03-11
4146110900102150001,경기도 용인시 처인구 호동 215-1,2026-03-11
4167035022100350002,경기도 여주시 대신면 당산리 35-2,2026-03-11
4146125021103560001,경기도 용인시 처인구 포곡읍 삼계리 356-1,2026-03-11
4146110900103120000,경기도 용인시 처인구 호동 312,2026-03-11
4146110900103120003,경기도 용인시 처인구 호동 312-3,2026-03-11
4146110900103120002,경기도 용인시 처인구 호동 312-2,2026-03-11
4146125323105070004,경기도 용인시 처인구 모현면 초부리 507-4,2026-03-11
4161025026107150016,경기도 광주시 오포읍 매산리 715-16,2026-03-11
4161025026107150017,경기도 광주시 오포읍 매산리 715-17,2026-03-11
4161025026107150018,경기도 광주시 오포읍 매산리 715-18,2026-03-11
4161025025101190001,경기도 광주시 오포읍 추자리 119-1,2026-03-11
4161025025101270001,경기도 광주시 오포읍 추자리 127-1,2026-03-11
4161025025101550012,경기도 광주시 오포읍 추자리 155-12,2026-03-11
4161035021104430004,경기도 광주시 남종면 분원리 443-4,2026-03-11
4161035027100470002,경기도 광주시 남종면 수청리 47-2,2026-03-11
4161035027103490001,경기도 광주시 남종면 수청리 349-1,2026-03-11
4161035021101120002,경기도 광주시 남종면 분원리 112-2,2026-03-11
4161035021101120001,경기도 광주시 남종면 분원리 112-1,2026-03-11
4161035021101130002,경기도 광주시 남종면 분원리 113-2,2026-03-11
4161035021200140001,경기도 광주시 남종면 분원리 산 14-1,2026-03-11
4161035021104300011,경기도 광주시 남종면 분원리 430-11,2026-03-11
4161035021200170014,경기도 광주시 남종면 분원리 산 17-14,2026-03-11
4161035027106850000,경기도 광주시 남종면 수청리 685,2026-03-11
4161025025101760002,경기도 광주시 오포읍 추자리 176-2,2026-03-11
4161035027106860000,경기도 광주시 남종면 수청리 686,2026-03-11
4161035027106860001,경기도 광주시 남종면 수청리 686-1,2026-03-11
4161025025101740001,경기도 광주시 오포읍 추자리 174-1,2026-03-11
4161025025101740002,경기도 광주시 오포읍 추자리 174-2,2026-03-11
4167032021101700000,경기도 여주시 흥천면 복대리 170,2026-03-11
4161025025101730001,경기도 광주시 오포읍 추자리 173-1,2026-03-11
4161025025101710003,경기도 광주시 오포읍 추자리 171-3,2026-03-11
4161025025101550018,경기도 광주시 오포읍 추자리 155-18,2026-03-11
4161035026105630000,경기도 광주시 남종면 검천리 563,2026-03-11
4161037025100380010,경기도 광주시 남한산성면 하번천리 38-10,2026-03-11
4161037025100370000,경기도 광주시 남한산성면 하번천리 37,2026-03-11
4161025025101290000,경기도 광주시 오포읍 추자리 129,2026-03-11
4161025025101280001,경기도 광주시 오포읍 추자리 128-1,2026-03-11
4161025330106310004,경기도 광주시 초월읍 무갑리 631-4,2026-03-11
4161025330106310005,경기도 광주시 초월읍 무갑리 631-5,2026-03-11
4161025330106320000,경기도 광주시 초월읍 무갑리 632,2026-03-11
4161025330106330005,경기도 광주시 초월읍 무갑리 633-5,2026-03-11
4161025330106340003,경기도 광주시 초월읍 무갑리 634-3,2026-03-11
4161035021101090018,경기도 광주시 남종면 분원리 109-18,2026-03-11
4161035026107230003,경기도 광주시 남종면 검천리 723-3,2026-03-11
4161035027107730000,경기도 광주시 남종면 수청리 773,2026-03-11
4161035023101180001,경기도 광주시 남종면 이석리 118-1,2026-03-11
4161035021200140002,경기도 광주시 남종면 분원리 산 14-2,2026-03-11
4161035026107230002,경기도 광주시 남종면 검천리 723-2,2026-03-11
4167035039103430000,경기도 여주시 대신면 양촌리 343,2026-03-11
4167033026100840000,경기도 여주시 금사면 전북리 84,2026-03-11
4167033026101150000,경기도 여주시 금사면 전북리 115,2026-03-11
4167033026100540005,경기도 여주시 금사면 전북리 54-5,2026-03-11
4167033026100540003,경기도 여주시 금사면 전북리 54-3,2026-03-11
4167034024104460001,경기도 여주시 능서면 백석리 446-1,2026-03-11
4167010500101170002,경기도 여주시 단현동 117-2,2026-03-11
4167010500101150000,경기도 여주시 단현동 115,2026-03-11
4167010500101170001,경기도 여주시 단현동 117-1,2026-03-11
4167010500101180000,경기도 여주시 단현동 118,2026-03-11
4167010500101170003,경기도 여주시 단현동 117-3,2026-03-11
4167010500100690003,경기도 여주시 단현동 69-3,2026-03-11
4167031033100220002,경기도 여주시 점동면 도리 22-2,2026-03-11
4167032021100750009,경기도 여주시 흥천면 복대리 75-9,2026-03-11
4167032021100750008,경기도 여주시 흥천면 복대리 75-8,2026-03-11
4183031021110750023,경기도 양평군 강상면 병산리 1075-23,2026-03-11
4167035022101230000,경기도 여주시 대신면 당산리 123,2026-03-11
4167035022101410000,경기도 여주시 대신면 당산리 141,2026-03-11
4167035022101360000,경기도 여주시 대신면 당산리 136,2026-03-11
4167035022101100080,경기도 여주시 대신면 당산리 110-80,2026-03-11
4167035022100350001,경기도 여주시 대신면 당산리 35-1,2026-03-11
4167032022101750002,경기도 여주시 흥천면 계신리 175-2,2026-03-11
4167032022101670001,경기도 여주시 흥천면 계신리 167-1,2026-03-11
4167032022101670002,경기도 여주시 흥천면 계신리 167-2,2026-03-11
4167032022101710002,경기도 여주시 흥천면 계신리 171-2,2026-03-11
4167032021101680001,경기도 여주시 흥천면 복대리 168-1,2026-03-11
4167032021101680000,경기도 여주시 흥천면 복대리 168,2026-03-11
4167032022101710000,경기도 여주시 흥천면 계신리 171,2026-03-11
4167032022101680002,경기도 여주시 흥천면 계신리 168-2,2026-03-11
4167032022101680001,경기도 여주시 흥천면 계신리 168-1,2026-03-11
4167032022101680000,경기도 여주시 흥천면 계신리 168,2026-03-11
4167035039101470000,경기도 여주시 대신면 양촌리 147,2026-03-11
4167035036105800001,경기도 여주시 대신면 보통리 580-1,2026-03-11
4167035039100250000,경기도 여주시 대신면 양촌리 25,2026-03-11
4167035039102870000,경기도 여주시 대신면 양촌리 287,2026-03-11
4167035039102880000,경기도 여주시 대신면 양촌리 288,2026-03-11
4167035039100260001,경기도 여주시 대신면 양촌리 26-1,2026-03-11
4167035039100360000,경기도 여주시 대신면 양촌리 36,2026-03-11
4167035039100370000,경기도 여주시 대신면 양촌리 37,2026-03-11
4167035036106180002,경기도 여주시 대신면 보통리 618-2,2026-03-11
4167035036106180005,경기도 여주시 대신면 보통리 618-5,2026-03-11
4167035039101480000,경기도 여주시 대신면 양촌리 148,2026-03-11
4167035039103050001,경기도 여주시 대신면 양촌리 305-1,2026-03-11
4167035039100430000,경기도 여주시 대신면 양촌리 43,2026-03-11
4167035039100430001,경기도 여주시 대신면 양촌리 43-1,2026-03-11
4167032022101760013,경기도 여주시 흥천면 계신리 176-13,2026-03-11
4167032021100440000,경기도 여주시 흥천면 복대리 44,2026-03-11
4167010500100650000,경기도 여주시 단현동 65,2026-03-11
4167033026102710000,경기도 여주시 금사면 전북리 271,2026-03-11
4167010400100910022,경기도 여주시 우만동 91-22,2026-03-11
4167010400100910023,경기도 여주시 우만동 91-23,2026-03-11
4167035039100440001,경기도 여주시 대신면 양촌리 44-1,2026-03-11
4167035039100440007,경기도 여주시 대신면 양촌리 44-7,2026-03-11
4167035039100380000,경기도 여주시 대신면 양촌리 38,2026-03-11
4167031033100220003,경기도 여주시 점동면 도리 22-3,2026-03-11
4167010400200030000,경기도 여주시 우만동 산3,2026-03-11
4167035022100350000,경기도 여주시 대신면 당산리 35,2026-03-11
4167032022101750003,경기도 여주시 흥천면 계신리 175-3,2026-03-11
4167010400100080044,경기도 여주시 우만동 8-44,2026-03-11
4167010400100080045,경기도 여주시 우만동 8-45,2026-03-11
4182032527200540009,경기도 가평군 청평면 삼회리 산54-9,2026-03-11
4182025034101450002,경기도 가평군 가평읍 금대리 145-2,2026-03-11
4182032524102820000,경기도 가평군 청평면 대성리 282,2026-03-11
4182032527103290016,경기도 가평군 청평면 삼회리 329-16,2026-03-11
4182032527103290018,경기도 가평군 청평면 삼회리 329-18,2026-03-11
4182032527103290017,경기도 가평군 청평면 삼회리 329-17,2026-03-11
4182032527103300000,경기도 가평군 청평면 삼회리 330,2026-03-11
4182032527103290003,경기도 가평군 청평면 삼회리 329-3,2026-03-11
4182032527103290019,경기도 가평군 청평면 삼회리 329-19,2026-03-11
4182032527103990000,경기도 가평군 청평면 삼회리 399,2026-03-11
4182032527104660002,경기도 가평군 청평면 삼회리 466-2,2026-03-11
4182032527103980001,경기도 가평군 청평면 삼회리 398-1,2026-03-11
4182032527104660003,경기도 가평군 청평면 삼회리 466-3,2026-03-11
4182031023107450007,경기도 가평군 설악면 회곡리 745-7,2026-03-11
4182031023105060000,경기도 가평군 설악면 회곡리 506,2026-03-11
4182031023105070000,경기도 가평군 설악면 회곡리 507,2026-03-11
4182032524103890024,경기도 가평군 청평면 대성리 389-24,2026-03-11
4182032524102810000,경기도 가평군 청평면 대성리 281,2026-03-11
4182032524103890003,경기도 가평군 청평면 대성리 389-3,2026-03-11
4182032524103890015,경기도 가평군 청평면 대성리 389-15,2026-03-11
4182032524103210116,경기도 가평군 청평면 대성리 321-116,2026-03-11
4182032524103210043,경기도 가평군 청평면 대성리 321-43,2026-03-11
4182032524102710003,경기도 가평군 청평면 대성리 271-3,2026-03-11
4182032524102710004,경기도 가평군 청평면 대성리 271-4,2026-03-11
4182032526103840000,경기도 가평군 청평면 고성리 384,2026-03-11
4182032526107200015,경기도 가평군 청평면 고성리 720-15,2026-03-11
4182032526103860000,경기도 가평군 청평면 고성리 386,2026-03-11
4182032526201770019,경기도 가평군 청평면 고성리 산177-19,2026-03-11
4182025034101390020,경기도 가평군 가평읍 금대리 139-20,2026-03-11
4182032527103310002,경기도 가평군 청평면 삼회리 331-2,2026-03-11
4182031023105730003,경기도 가평군 설악면 회곡리 573-3,2026-03-11
4182031023105800000,경기도 가평군 설악면 회곡리 580,2026-03-11
4182032527103290002,경기도 가평군 청평면 삼회리 329-2,2026-03-11
4211035030101710014,강원도 춘천시 서면 안보리 171-14,2026-03-11
4182032526201770007,경기도 가평군 청평면 고성리 산177-7,2026-03-11
4182032527101910013,경기도 가평군 청평면 삼회리 191-13,2026-03-11
4182032527103290015,경기도 가평군 청평면 삼회리 329-15,2026-03-11
4182032527103310007,경기도 가평군 청평면 삼회리 331-7,2026-03-11
4182032527101170006,경기도 가평군 청평면 삼회리 117-6,2026-03-11
4182025033104450005,경기도 가평군 가평읍 복장리 445-5,2026-03-11
4182032527101020012,경기도 가평군 청평면 삼회리 102-12,2026-03-11
4182025034100550035,경기도 가평군 가평읍 금대리 55-35,2026-03-11
4182032526107820004,경기도 가평군 청평면 고성리 782-4,2026-03-11
4182032527103310003,경기도 가평군 청평면 삼회리 331-3,2026-03-11
4182025033103510002,경기도 가평군 가평읍 복장리 351-2,2026-03-11
4182025033103510007,경기도 가평군 가평읍 복장리 351-7,2026-03-11
4182025033103510008,경기도 가평군 가평읍 복장리 351-8,2026-03-11
4182025034101350001,경기도 가평군 가평읍 금대리 135-1,2026-03-11
4182025034100550059,경기도 가평군 가평읍 금대리 55-59,2026-03-11
4182025034100550063,경기도 가평군 가평읍 금대리 55-63,2026-03-11
4182025034100550015,경기도 가평군 가평읍 금대리 55-15,2026-03-11
4182025034100550045,경기도 가평군 가평읍 금대리 55-45,2026-03-11
4182025034104760001,경기도 가평군 가평읍 금대리 476-1,2026-03-11
4182025034104820000,경기도 가평군 가평읍 금대리 482,2026-03-11
4182025034104830000,경기도 가평군 가평읍 금대리 483,2026-03-11
4182025034104890002,경기도 가평군 가평읍 금대리 489-2,2026-03-11
4182025033104620002,경기도 가평군 가평읍 복장리 462-2,2026-03-11
4182032527103310004,경기도 가평군 청평면 삼회리 331-4,2026-03-11
4182025034104800000,경기도 가평군 가평읍 금대리 480,2026-03-11
4183031021110750024,경기도 양평군 강상면 병산리 1075-24,2026-03-11
4182032526107100001,경기도 가평군 청평면 고성리 710-1,2026-03-11
4182031023105080000,경기도 가평군 설악면 회곡리 508,2026-03-11
4182031023105090000,경기도 가평군 설악면 회곡리 509,2026-03-11
4182025034104810000,경기도 가평군 가평읍 금대리 481,2026-03-11
4182032527103950001,경기도 가평군 청평면 삼회리 395-1,2026-03-11
4182032527103800000,경기도 가평군 청평면 삼회리 380,2026-03-11
4182032526103470004,경기도 가평군 청평면 고성리 347-4,2026-03-11
4182025030106550000,경기도 가평군 가평읍 개곡리 655,2026-03-11
4182032524102710000,경기도 가평군 청평면 대성리 271,2026-03-11
4182032524102710001,경기도 가평군 청평면 대성리 271-1,2026-03-11
4182032527200540001,경기도 가평군 청평면 삼회리 산54-1,2026-03-11
4182032524103890009,경기도 가평군 청평면 대성리 389-9,2026-03-11
4182032527103790001,경기도 가평군 청평면 삼회리 379-1,2026-03-11
4182032524103890000,경기도 가평군 청평면 대성리 389,2026-03-11
4183025031105460002,경기도 양평군 양평읍 회현리 546-2,2026-03-11
4183025031106100139,경기도 양평군 양평읍 회현리 610-139,2026-03-11
4183025031104280000,경기도 양평군 양평읍 회현리 428,2026-03-11
4183025031105890001,경기도 양평군 양평읍 회현리 589-1,2026-03-11
4183041022100310000,경기도 양평군 개군면 구미리 31,2026-03-11
4183025031104290001,경기도 양평군 양평읍 회현리 429-1,2026-03-11
4183041023100840001,경기도 양평군 개군면 앙덕리 84-1,2026-03-11
4183041023101250000,경기도 양평군 개군면 앙덕리 125,2026-03-11
4183025031104890001,경기도 양평군 양평읍 회현리 489-1,2026-03-11
4183025031104870002,경기도 양평군 양평읍 회현리 487-2,2026-03-11
4183041022101140014,경기도 양평군 개군면 구미리 114-14,2026-03-11
4183041022101140019,경기도 양평군 개군면 구미리 114-19,2026-03-11
4183041022101130005,경기도 양평군 개군면 구미리 113-5,2026-03-11
4183041021102400001,경기도 양평군 개군면 하자포리 240-1,2026-03-11
4183041022100250002,경기도 양평군 개군면 구미리 25-2,2026-03-11
4183025031106080001,경기도 양평군 양평읍 회현리 608-1,2026-03-11
4183025031104190002,경기도 양평군 양평읍 회현리 419-2,2026-03-11
4183025031104290002,경기도 양평군 양평읍 회현리 429-2,2026-03-11
4183033027100300003,경기도 양평군 양서면 대심리 30-3,2026-03-11
4183031023102120006,경기도 양평군 강상면 교평리 212-6,2026-03-11
4183035028106440001,경기도 양평군 서종면 수입리 644-1,2026-03-11
4183041021102390001,경기도 양평군 개군면 하자포리 239-1,2026-03-11
4183033029102140006,경기도 양평군 양서면 복포리 214-6,2026-03-11
4183033029102140007,경기도 양평군 양서면 복포리 214-7,2026-03-11
4183035021201510006,경기도 양평군 서종면 문호리 산151-6,2026-03-11
4183035028107900005,경기도 양평군 서종면 수입리 790-5,2026-03-11
4183035028107890008,경기도 양평군 서종면 수입리 789-8,2026-03-11
4183031023100500000,경기도 양평군 강상면 교평리 50,2026-03-11
4183031023100500098,경기도 양평군 강상면 교평리 50-98,2026-03-11
4183031021201490005,경기도 양평군 강상면 병산리 산149-5,2026-03-11
4183041033103140016,경기도 양평군 개군면 상자포리 314-16,2026-03-11
4183041033103140001,경기도 양평군 개군면 상자포리 314-1,2026-03-11
4183035028107890007,경기도 양평군 서종면 수입리 789-7,2026-03-11
4183035028106700002,경기도 양평군 서종면 수입리 670-2,2026-03-11
4183034024105190001,경기도 양평군 옥천면 아신리 519-1,2026-03-11
4183033027101080003,경기도 양평군 양서면 대심리 108-3,2026-03-11
4183033027101230023,경기도 양평군 양서면 대심리 123-23,2026-03-11
4183033027100780003,경기도 양평군 양서면 대심리 78-3,2026-03-11
4183033027102560000,경기도 양평군 양서면 대심리 256,2026-03-11
4183033027100690046,경기도 양평군 양서면 대심리 69-46,2026-03-11
4183033027101660000,경기도 양평군 양서면 대심리 166,2026-03-11
4183033027100770040,경기도 양평군 양서면 대심리 77-40,2026-03-11
4183033027100770042,경기도 양평군 양서면 대심리 77-42,2026-03-11
4183033027101230024,경기도 양평군 양서면 대심리 123-24,2026-03-11
4183035028107890014,경기도 양평군 서종면 수입리 789-14,2026-03-11
4183035028107890009,경기도 양평군 서종면 수입리 789-9,2026-03-11
4183025022102100043,경기도 양평군 양평읍 오빈리 210-43,2026-03-11
4183035028106700011,경기도 양평군 서종면 수입리 670-11,2026-03-11
4183035028107900002,경기도 양평군 서종면 수입리 790-2,2026-03-11
4183035028107900001,경기도 양평군 서종면 수입리 790-1,2026-03-11
4183031021102080001,경기도 양평군 강상면 병산리 208-1,2026-03-11
4183031021101970003,경기도 양평군 강상면 병산리 197-3,2026-03-11
4183031021201610005,경기도 양평군 강상면 병산리 산161-5,2026-03-11
4183033027100590058,경기도 양평군 양서면 대심리 59-58,2026-03-11
4183033027100010025,경기도 양평군 양서면 대심리 1-25,2026-03-11
4183033027100010023,경기도 양평군 양서면 대심리 1-23,2026-03-11
4183033027100780006,경기도 양평군 양서면 대심리 78-6,2026-03-11
4183032026100010002,경기도 양평군 강하면 전수리 1-2,2026-03-11
4183033027100770043,경기도 양평군 양서면 대심리 77-43,2026-03-11
4183033027100770049,경기도 양평군 양서면 대심리 77-49,2026-03-11
4183033027100780005,경기도 양평군 양서면 대심리 78-5,2026-03-11
4183033027100770002,경기도 양평군 양서면 대심리 77-2,2026-03-11
4183033027100770048,경기도 양평군 양서면 대심리 77-48,2026-03-11
4183033027100770038,경기도 양평군 양서면 대심리 77-38,2026-03-11
4183033027100810009,경기도 양평군 양서면 대심리 81-9,2026-03-11
4183033027100780004,경기도 양평군 양서면 대심리 78-4,2026-03-11
4183033027100970022,경기도 양평군 양서면 대심리 97-22,2026-03-11
4183033027100770047,경기도 양평군 양서면 대심리 77-47,2026-03-11
4183033027100960000,경기도 양평군 양서면 대심리 96,2026-03-11
4183033027100530015,경기도 양평군 양서면 대심리 53-15,2026-03-11
4183033027100970011,경기도 양평군 양서면 대심리 97-11,2026-03-11
4183033027100670010,경기도 양평군 양서면 대심리 67-10,2026-03-11
4183033027100970024,경기도 양평군 양서면 대심리 97-24,2026-03-11
4183033027100970023,경기도 양평군 양서면 대심리 97-23,2026-03-11
4183033027100650008,경기도 양평군 양서면 대심리 65-8,2026-03-11
4183033029102140001,경기도 양평군 양서면 복포리 214-1,2026-03-11
4183033027100970047,경기도 양평군 양서면 대심리 97-47,2026-03-11
4183033027100970021,경기도 양평군 양서면 대심리 97-21,2026-03-11
4183033027100970020,경기도 양평군 양서면 대심리 97-20,2026-03-11
4183033027100650009,경기도 양평군 양서면 대심리 65-9,2026-03-11
4183033027100650007,경기도 양평군 양서면 대심리 65-7,2026-03-11
4183033027100780001,경기도 양평군 양서면 대심리 78-1,2026-03-11
4183033027100770041,경기도 양평군 양서면 대심리 77-41,2026-03-11
4183025031106100174,경기도 양평군 양평읍 회현리 610-174,2026-03-11
4183025031104280001,경기도 양평군 양평읍 회현리 428-1,2026-03-11
4183041022101130009,경기도 양평군 개군면 구미리 113-9,2026-03-11
4183041023100890000,경기도 양평군 개군면 앙덕리 89,2026-03-11
4183041021200280005,경기도 양평군 개군면 하자포리 산28-5,2026-03-11
4183041021200290000,경기도 양평군 개군면 하자포리 산29,2026-03-11
4183041021104090007,경기도 양평군 개군면 하자포리 409-7,2026-03-11
4183025031105880001,경기도 양평군 양평읍 회현리 588-1,2026-03-11
4183025031105890004,경기도 양평군 양평읍 회현리 589-4,2026-03-11
4183041023101260004,경기도 양평군 개군면 앙덕리 126-4,2026-03-11
4183035028107900004,경기도 양평군 서종면 수입리 790-4,2026-03-11
4183025031105890005,경기도 양평군 양평읍 회현리 589-5,2026-03-11
4183041023101260000,경기도 양평군 개군면 앙덕리 126,2026-03-11
4183025031104970001,경기도 양평군 양평읍 회현리 497-1,2026-03-11
4183025031104960001,경기도 양평군 양평읍 회현리 496-1,2026-03-11
4183025031106070000,경기도 양평군 양평읍 회현리 607,2026-03-11
4183025031103610003,경기도 양평군 양평읍 회현리 361-3,2026-03-11
4183041023101240000,경기도 양평군 개군면 앙덕리 124,2026-03-11
4183031023102120004,경기도 양평군 강상면 교평리 212-4,2026-03-11
4183031023102210002,경기도 양평군 강상면 교평리 221-2,2026-03-11
4183031023102240001,경기도 양평군 강상면 교평리 224-1,2026-03-11
4183031023102210001,경기도 양평군 강상면 교평리 221-1,2026-03-11
4183031023101870001,경기도 양평군 강상면 교평리 187-1,2026-03-11
4183031021102080002,경기도 양평군 강상면 병산리 208-2,2026-03-11
4183032022103630000,경기도 양평군 강하면 왕창리 363,2026-03-11
4183031021110750021,경기도 양평군 강상면 병산리 1075-21,2026-03-11
4183031023104820000,경기도 양평군 강상면 교평리 482,2026-03-11
4183025031105420000,경기도 양평군 양평읍 회현리 542,2026-03-11
4183025031105480000,경기도 양평군 양평읍 회현리 548,2026-03-11
4183025031200440004,경기도 양평군 양평읍 회현리 산44-4,2026-03-11
4183033027100690098,경기도 양평군 양서면 대심리 69-98,2026-03-11
4183025031103590000,경기도 양평군 양평읍 회현리 359,2026-03-11
4183041021101420000,경기도 양평군 개군면 하자포리 142,2026-03-11
4183025031104270001,경기도 양평군 양평읍 회현리 427-1,2026-03-11
4183025031105770002,경기도 양평군 양평읍 회현리 577-2,2026-03-11
4183025031105770001,경기도 양평군 양평읍 회현리 577-1,2026-03-11
4183031026100090026,경기도 양평군 강상면 세월리 9-26,2026-03-11
4183025031105920000,경기도 양평군 양평읍 회현리 592,2026-03-11
4183033027101080001,경기도 양평군 양서면 대심리 108-1,2026-03-11
4183025031104190003,경기도 양평군 양평읍 회현리 419-3,2026-03-11
4183025031104600000,경기도 양평군 양평읍 회현리 460,2026-03-11
4183025022103820023,경기도 양평군 양평읍 오빈리 382-23,2026-03-11
4183025031105770003,경기도 양평군 양평읍 회현리 577-3,2026-03-11
4183025022103820054,경기도 양평군 양평읍 오빈리 382-54,2026-03-11
4183033027102470001,경기도 양평군 양서면 대심리 247-1,2026-03-11
4183033027100850028,경기도 양평군 양서면 대심리 85-28,2026-03-11
4183033029102360002,경기도 양평군 양서면 복포리 236-2,2026-03-11
4183031021102370001,경기도 양평군 강상면 병산리 237-1,2026-03-11
4183031021102370000,경기도 양평군 강상면 병산리 237,2026-03-11
4183025031106100175,경기도 양평군 양평읍 회현리 610-175,2026-03-11
4183035028107640005,경기도 양평군 서종면 수입리 764-5,2026-03-11
4183032026110270020,경기도 양평군 강하면 전수리 1027-20,2026-03-11
4183033027101230022,경기도 양평군 양서면 대심리 123-22,2026-03-11
4183033027100810003,경기도 양평군 양서면 대심리 81-3,2026-03-11
4183033027100810035,경기도 양평군 양서면 대심리 81-35,2026-03-11
4183025031105530004,경기도 양평군 양평읍 회현리 553-4,2026-03-11
4183033027100300060,경기도 양평군 양서면 대심리 30-60,2026-03-11
4183025031105410000,경기도 양평군 양평읍 회현리 541,2026-03-11
4183025031105400001,경기도 양평군 양평읍 회현리 540-1,2026-03-11
4183025031104280003,경기도 양평군 양평읍 회현리 428-3,2026-03-11
4183033027100690100,경기도 양평군 양서면 대심리 69-100,2026-03-11
4183033027100760000,경기도 양평군 양서면 대심리 76,2026-03-11
4183033028103720030,경기도 양평군 양서면 국수리 372-30,2026-03-11
4183025031105770000,경기도 양평군 양평읍 회현리 577,2026-03-11
4183025031105340004,경기도 양평군 양평읍 회현리 534-4,2026-03-11
4183025031105340005,경기도 양평군 양평읍 회현리 534-5,2026-03-11
4183035028104420016,경기도 양평군 서종면 수입리 442-16,2026-03-11
4183031026100060011,경기도 양평군 강상면 세월리 6-11,2026-03-11
4183033021105570018,경기도 양평군 양서면 양수리 557-18,2026-03-11
4183025031105890006,경기도 양평군 양평읍 회현리 589-6,2026-03-11
4183035028107890015,경기도 양평군 서종면 수입리 789-15,2026-03-11
4183031023100500100,경기도 양평군 강상면 교평리 50-100,2026-03-11
4183033029102050024,경기도 양평군 양서면 복포리 205-24,2026-03-11
4183033027100300052,경기도 양평군 양서면 대심리 30-52,2026-03-11
4183025031104960002,경기도 양평군 양평읍 회현리 496-2,2026-03-11
4183033027100960001,경기도 양평군 양서면 대심리 96-1,2026-03-11
4183041022100130000,경기도 양평군 개군면 구미리 13,2026-03-11
4183041021101720000,경기도 양평군 개군면 하자포리 172,2026-03-11
4183025022103770019,경기도 양평군 양평읍 오빈리 377-19,2026-03-11
4183035028107860000,경기도 양평군 서종면 수입리 786,2026-03-11
4183041021102400000,경기도 양평군 개군면 하자포리 240,2026-03-11
4183041021102390004,경기도 양평군 개군면 하자포리 239-4,2026-03-11
4183033027101040008,경기도 양평군 양서면 대심리 104-8,2026-03-11
4183033027101040007,경기도 양평군 양서면 대심리 104-7,2026-03-11
4183033027101040019,경기도 양평군 양서면 대심리 104-19,2026-03-11
4183031023102120003,경기도 양평군 강상면 교평리 212-3,2026-03-11
4211035029103110004,강원도 춘천시 서면 당림리 311-4,2026-03-11
4211034021100270001,강원도 춘천시 남면 관천리 27-1,2026-03-11
4211035029103150009,강원도 춘천시 서면 당림리 315-9,2026-03-11
4211035029103220000,강원도 춘천시 서면 당림리 322,2026-03-11
4211040030101790001,강원도 춘천시 남산면 방하리 179-1,2026-03-11
4211040030102020021,강원도 춘천시 남산면 방하리 202-21,2026-03-11
4211040028103070022,강원도 춘천시 남산면 서천리 307-22,2026-03-11
4211040028105590010,강원도 춘천시 남산면 서천리 559-10,2026-03-11
4211040028100460003,강원도 춘천시 남산면 서천리 46-3,2026-03-11
4211040028105960015,강원도 춘천시 남산면 서천리 596-15,2026-03-11
4211040028105110000,강원도 춘천시 남산면 서천리 511,2026-03-11
4211040028105060000,강원도 춘천시 남산면 서천리 506,2026-03-11
4211040028106500016,강원도 춘천시 남산면 서천리 650-16,2026-03-11
4211035029103220003,강원도 춘천시 서면 당림리 322-3,2026-03-11
4211035029104030055,강원도 춘천시 서면 당림리 403-55,2026-03-11
4211034021100200003,강원도 춘천시 남면 관천리 20-3,2026-03-11
4211040027105400000,강원도 춘천시 남산면 강촌리 540,2026-03-11
4211040028105320012,강원도 춘천시 남산면 서천리 532-12,2026-03-11
4211040027106070004,강원도 춘천시 남산면 강촌리 607-4,2026-03-11
4211040027106070005,강원도 춘천시 남산면 강촌리 607-5,2026-03-11
4211035029104030052,강원도 춘천시 서면 당림리 403-52,2026-03-11
4211035029104030053,강원도 춘천시 서면 당림리 403-53,2026-03-11
4211035030100440001,강원도 춘천시 서면 안보리 44-1,2026-03-11
4211035030107380011,강원도 춘천시 서면 안보리 738-11,2026-03-11
4211035030107700000,강원도 춘천시 서면 안보리 770,2026-03-11
4211040030104880004,강원도 춘천시 남산면 방하리 488-4,2026-03-11
4211040028105950001,강원도 춘천시 남산면 서천리 595-1,2026-03-11
4211040028105100000,강원도 춘천시 남산면 서천리 510,2026-03-11
4211040027105240000,강원도 춘천시 남산면 강촌리 524,2026-03-11
4211040028105960012,강원도 춘천시 남산면 서천리 596-12,2026-03-11
4211040028105960014,강원도 춘천시 남산면 서천리 596-14,2026-03-11
4211035030107370004,강원도 춘천시 서면 안보리 737-4,2026-03-11
4211040028104870000,강원도 춘천시 남산면 서천리 487,2026-03-11
4211040028105250002,강원도 춘천시 남산면 서천리 525-2,2026-03-11
4211040028105320010,강원도 춘천시 남산면 서천리 532-10,2026-03-11
4211040028105590016,강원도 춘천시 남산면 서천리 559-16,2026-03-11
4211040028105590003,강원도 춘천시 남산면 서천리 559-3,2026-03-11
4211040028105950000,강원도 춘천시 남산면 서천리 595,2026-03-11
4211040028105960013,강원도 춘천시 남산면 서천리 596-13,2026-03-11
4211040030101790002,강원도 춘천시 남산면 방하리 179-2,2026-03-11
4211040028100200015,강원도 춘천시 남산면 서천리 20-15,2026-03-11
4211040028100500004,강원도 춘천시 남산면 서천리 50-4,2026-03-11
4211040028105960011,강원도 춘천시 남산면 서천리 596-11,2026-03-11
4211040028102750004,강원도 춘천시 남산면 서천리 275-4,2026-03-11
4211040028105980013,강원도 춘천시 남산면 서천리 598-13,2026-03-11
4211040028105240005,강원도 춘천시 남산면 서천리 524-5,2026-03-11
4211035029104030054,강원도 춘천시 서면 당림리 403-54,2026-03-11
4211040028105960008,강원도 춘천시 남산면 서천리 596-8,2026-03-11
4211040028106200001,강원도 춘천시 남산면 서천리 620-1,2026-03-11
4211040030104970002,강원도 춘천시 남산면 방하리 497-2,2026-03-11
4211040028103560010,강원도 춘천시 남산면 서천리 356-10,2026-03-11
4211040028102680007,강원도 춘천시 남산면 서천리 268-7,2026-03-11
4211040027105570007,강원도 춘천시 남산면 강촌리 557-7,2026-03-11
4211040030102010005,강원도 춘천시 남산면 방하리 201-5,2026-03-11
4211040028103300001,강원도 춘천시 남산면 서천리 330-1,2026-03-11
4211040028100200001,강원도 춘천시 남산면 서천리 20-1,2026-03-11
4211040028105320006,강원도 춘천시 남산면 서천리 532-6,2026-03-11
4211035030100870013,강원도 춘천시 서면 안보리 87-13,2026-03-11
4211040028102710005,강원도 춘천시 남산면 서천리 271-5,2026-03-11
4211035028101080007,강원도 춘천시 서면 덕두원리 108-7,2026-03-11
4211035030105300001,강원도 춘천시 서면 안보리 530-1,2026-03-11
4211035030105320004,강원도 춘천시 서면 안보리 532-4,2026-03-11
4211035030105370001,강원도 춘천시 서면 안보리 537-1,2026-03-11
4211035030105290002,강원도 춘천시 서면 안보리 529-2,2026-03-11
4211040030100860002,강원도 춘천시 남산면 방하리 86-2,2026-03-11
4211040030104970003,강원도 춘천시 남산면 방하리 497-3,2026-03-11
4211040028106500013,강원도 춘천시 남산면 서천리 650-13,2026-03-11
4211040027105340007,강원도 춘천시 남산면 강촌리 534-7,2026-03-11
4211040028105040002,강원도 춘천시 남산면 서천리 504-2,2026-03-11
4211035029104030002,강원도 춘천시 서면 당림리 403-2,2026-03-11
4211035029103810001,강원도 춘천시 서면 당림리 381-1,2026-03-11
4211035030100430005,강원도 춘천시 서면 안보리 43-5,2026-03-11
4211035030101880000,강원도 춘천시 서면 안보리 188,2026-03-11
4211040028103460000,강원도 춘천시 남산면 서천리 346,2026-03-11
4211040028100200013,강원도 춘천시 남산면 서천리 20-13,2026-03-11
4211035030107280001,강원도 춘천시 서면 안보리 728-1,2026-03-11
4211035030107710000,강원도 춘천시 서면 안보리 771,2026-03-11
4211035030107270001,강원도 춘천시 서면 안보리 727-1,2026-03-11
4211040028200050002,강원도 춘천시 남산면 서천리 산 5-2,2026-03-11
4211040028200100004,강원도 춘천시 남산면 서천리 산 10-4,2026-03-11
4211040027105570000,강원도 춘천시 남산면 강촌리 557,2026-03-11
4211040027105420001,강원도 춘천시 남산면 강촌리 542-1,2026-03-11
4211040028200030003,강원도 춘천시 남산면 서천리 산 3-3,2026-03-11
4211040028200020003,강원도 춘천시 남산면 서천리 산 2-3,2026-03-11
4211040028200040003,강원도 춘천시 남산면 서천리 산 4-3,2026-03-11
4211034021100240000,강원도 춘천시 남면 관천리 24,2026-03-11
4211040027105570004,강원도 춘천시 남산면 강촌리 557-4,2026-03-11
4211040028105960002,강원도 춘천시 남산면 서천리 596-2,2026-03-11
4211040028105320009,강원도 춘천시 남산면 서천리 532-9,2026-03-11
4211040028103010003,강원도 춘천시 남산면 서천리 301-3,2026-03-11
4211035030107380016,강원도 춘천시 서면 안보리 738-16,2026-03-11
4211040028106500004,강원도 춘천시 남산면 서천리 650-4,2026-03-11
4211040028105590015,강원도 춘천시 남산면 서천리 559-15,2026-03-11
4211040028105320007,강원도 춘천시 남산면 서천리 532-7,2026-03-11
4211035030105570000,강원도 춘천시 서면 안보리 557,2026-03-11
4211040028100200011,강원도 춘천시 남산면 서천리 20-11,2026-03-11
4211040028102690000,강원도 춘천시 남산면 서천리 269,2026-03-11
4211040030102020000,강원도 춘천시 남산면 방하리 202,2026-03-11
4211035029103220007,강원도 춘천시 서면 당림리 322-7,2026-03-11
4211035028101080008,강원도 춘천시 서면 덕두원리 108-8,2026-03-11
4211035028101080002,강원도 춘천시 서면 덕두원리 108-2,2026-03-11
4211040030104970001,강원도 춘천시 남산면 방하리 497-1,2026-03-11
4211040028106200005,강원도 춘천시 남산면 서천리 620-5,2026-03-11
4211035030101710015,강원도 춘천시 서면 안보리 171-15,2026-03-11
4211040028105250003,강원도 춘천시 남산면 서천리 525-3,2026-03-11
4211040028105120000,강원도 춘천시 남산면 서천리 512,2026-03-11
4211040028105320001,강원도 춘천시 남산면 서천리 532-1,2026-03-11
4211040028105320011,강원도 춘천시 남산면 서천리 532-11,2026-03-11
4211040028103730004,강원도 춘천시 남산면 서천리 373-4,2026-03-11
4211040028105980010,강원도 춘천시 남산면 서천리 598-10,2026-03-11
4211040028105980014,강원도 춘천시 남산면 서천리 598-14,2026-03-11
4211040028105410027,강원도 춘천시 남산면 서천리 541-27,2026-03-11
4211035030105180001,강원도 춘천시 서면 안보리 518-1,2026-03-11
4211035029103220001,강원도 춘천시 서면 당림리 322-1,2026-03-11
4211040028100200014,강원도 춘천시 남산면 서천리 20-14,2026-03-11
4211040028105250004,강원도 춘천시 남산면 서천리 525-4,2026-03-11
4211040028100660000,강원도 춘천시 남산면 서천리 66,2026-03-11
4211035029103220005,강원도 춘천시 서면 당림리 322-5,2026-03-11
4211040028102760004,강원도 춘천시 남산면 서천리 276-4,2026-03-11
4211040030100540001,강원도 춘천시 남산면 방하리 54-1,2026-03-11
4211040030104880005,강원도 춘천시 남산면 방하리 488-5,2026-03-11
4211040030104970000,강원도 춘천시 남산면 방하리 497,2026-03-11
4211035030100430002,강원도 춘천시 서면 안보리 43-2,2026-03-11
4211040028104720020,강원도 춘천시 남산면 서천리 472-20,2026-03-11
4211040028106500026,강원도 춘천시 남산면 서천리 650-26,2026-03-11
4211035030101710009,강원도 춘천시 서면 안보리 171-9,2026-03-11
4211035030101710010,강원도 춘천시 서면 안보리 171-10,2026-03-11
4211035030101710007,강원도 춘천시 서면 안보리 171-7,2026-03-11
4211035030101710008,강원도 춘천시 서면 안보리 171-8,2026-03-11
4211035030101710011,강원도 춘천시 서면 안보리 171-11,2026-03-11
4211035030101710012,강원도 춘천시 서면 안보리 171-12,2026-03-11
4211035030101710013,강원도 춘천시 서면 안보리 171-13,2026-03-11
4211035030101710005,강원도 춘천시 서면 안보리 171-5,2026-03-11
4211040027105420006,강원도 춘천시 남산면 강촌리 542-6,2026-03-11
4211035028101090001,강원도 춘천시 서면 덕두원리 109-1,2026-03-11
4211035028101090003,강원도 춘천시 서면 덕두원리 109-3,2026-03-11
4211035028101080001,강원도 춘천시 서면 덕두원리 108-1,2026-03-11
4211035028101080004,강원도 춘천시 서면 덕두원리 108-4,2026-03-11
4211035030106280005,강원도 춘천시 서면 안보리 628-5,2026-03-11
4211040027105340009,강원도 춘천시 남산면 강촌리 534-9,2026-03-11
4211035030105570004,강원도 춘천시 서면 안보리 557-4,2026-03-11
4211035030105610001,강원도 춘천시 서면 안보리 561-1,2026-03-11
4211035030107280006,강원도 춘천시 서면 안보리 728-6,2026-03-11
4211035028101090004,강원도 춘천시 서면 덕두원리 109-4,2026-03-11
4211035028100980003,강원도 춘천시 서면 덕두원리 98-3,2026-03-11
4211033021102310004,강원도 춘천시 신동면 의암리 231-4,2026-03-11
4211035028101080006,강원도 춘천시 서면 덕두원리 108-6,2026-03-11
4211040030102020016,강원도 춘천시 남산면 방하리 202-16,2026-03-11
4211040028103630000,강원도 춘천시 남산면 서천리 363,2026-03-11
4211040028100670000,강원도 춘천시 남산면 서천리 67,2026-03-11
4211040027105240002,강원도 춘천시 남산면 강촌리 524-2,2026-03-11
4211040027105240003,강원도 춘천시 남산면 강촌리 524-3,2026-03-11
4211040028102680004,강원도 춘천시 남산면 서천리 268-4,2026-03-11
4211040030100550006,강원도 춘천시 남산면 방하리 55-6,2026-03-11
4211040028104720019,강원도 춘천시 남산면 서천리 472-19,2026-03-11
4211040028106500029,강원도 춘천시 남산면 서천리 650-29,2026-03-11
4211040028106500030,강원도 춘천시 남산면 서천리 650-30,2026-03-11
4146110900100010001,경기도 용인시 처인구 호동 1-1,2026-03-11
4211040027200020004,강원도 춘천시 남산면 강촌리 산 2-4,2026-03-11
4211040027105710007,강원도 춘천시 남산면 강촌리 571-7,2026-03-11
4211040030102580000,강원도 춘천시 남산면 방하리 258,2026-03-11
4211040028102730006,강원도 춘천시 남산면 서천리 273-6,2026-03-11
4213035023121330000,강원도 원주시 부론면 정산리 2133,2026-03-11
4213035023121440000,강원도 원주시 부론면 정산리 2144,2026-03-11
4313039021103240002,충북 충주시 금가면 하담리 324-2,2026-03-11
4313039021103260000,충북 충주시 금가면 하담리 326,2026-03-11
4313039021103290000,충북 충주시 금가면 하담리 329,2026-03-11
4313039021103280000,충북 충주시 금가면 하담리 328,2026-03-11
4313039021103190000,충북 충주시 금가면 하담리 319,2026-03-11
4146110500101490004,경기도 용인시 처인구 유방동 149-4,2026-03-11
4146110500101490001,경기도 용인시 처인구 유방동 149-1,2026-03-11
4146110500101470001,경기도 용인시 처인구 유방동 147-1,2026-03-11
4146110500101480000,경기도 용인시 처인구 유방동 148,2026-03-11
4146110900100040000,경기도 용인시 처인구 호동 4,2026-03-11
4146110900100290000,경기도 용인시 처인구 호동 29,2026-03-11
4146110900100310002,경기도 용인시 처인구 호동 31-2,2026-03-11
4146110900100090000,경기도 용인시 처인구 호동 9,2026-03-11
4146110900100270001,경기도 용인시 처인구 호동 27-1,2026-03-11
4146110800107010012,경기도 용인시 처인구 운학동 701-12,2026-03-11
4146125322106510000,경기도 용인시 처인구 모현면 갈담리 651,2026-03-11
4183033021105230003,경기도 양평군 양서면 양수리 523-3,2026-03-11
4183033021105790013,경기도 양평군 양서면 양수리 579-13,2026-03-11
4183033021105520006,경기도 양평군 양서면 양수리 552-6,2026-03-11
4313037035102190001,충청북도 충주시 앙성면 조천리 219-1,2026-03-11
4161035027102940002,경기도 광주시 남종면 수청리 294-2,2026-03-11
4183041021101420000,경기도 양평군 개군면 하자포리 142,2026-03-11
4182025034104760000,경기도 가평군 가평읍 금대리 476,2026-03-11
4182031023103310007,경기도 가평군 설악면 회곡리 331-7,2026-03-11
4182031023103320001,경기도 가평군 설악면 회곡리 332-1,2026-03-11
4161025025101370012,경기도 광주시 오포읍 추자리 137-12,2026-03-11
4161025025101370013,경기도 광주시 오포읍 추자리 137-13,2026-03-11
4161035027103660002,경기도 광주시 남종면 수청리 366-2,2026-03-11
4146110800104980000,경기도 용인시 처인구 운학동 498,2026-03-11
4146110800104990000,경기도 용인시 처인구 운학동 499,2026-03-11
4146110900102530000,경기도 용인시 처인구 호동 253,2026-03-11
4146110900103350013,경기도 용인시 처인구 호동 335-13,2026-03-11
4146125028100370000,경기도 용인시 처인구 포곡읍 유운리 37,2026-03-11
4313043023103390000,충청북도 충주시 소태면 덕은리 339,2026-03-11
4313043023103400000,충청북도 충주시 소태면 덕은리 340,2026-03-11
4313043023103400001,충청북도 충주시 소태면 덕은리 340-1,2026-03-11
4313043023103410007,충청북도 충주시 소태면 덕은리 341-7,2026-03-11
4183033027100300004,경기도 양평군 양서면 대심리 30-4,2026-03-11
4183033027100300054,경기도 양평군 양서면 대심리 30-54,2026-03-11
4183033027100600013,경기도 양평군 양서면 대심리 60-13,2026-03-11
4183033027100850025,경기도 양평군 양서면 대심리 85-25,2026-03-11
4183033027101680000,경기도 양평군 양서면 대심리 168,2026-03-11
4183033027101800000,경기도 양평군 양서면 대심리 180,2026-03-11
4183033027101800002,경기도 양평군 양서면 대심리 180-2,2026-03-11
4183033029100620001,경기도 양평군 양서면 복포리 62-1,2026-03-11
4183033029200090031,경기도 양평군 양서면 복포리 산9-31,2026-03-11
4161025025101550035,경기도 광주시 오포읍 추자리 155-35,2026-03-11
4161025025101680001,경기도 광주시 오포읍 추자리 168-1,2026-03-11
4161025025101690001,경기도 광주시 오포읍 추자리 169-1,2026-03-11
4161025025102500000,경기도 광주시 오포읍 추자리 250,2026-03-11
4161025025102520003,경기도 광주시 오포읍 추자리 252-3,2026-03-11
4161034030103090004,경기도 광주시 퇴촌면 정지리 309-4,2026-03-11
4161034030103090006,경기도 광주시 퇴촌면 정지리 309-6,2026-03-11
4161035026105640000,경기도 광주시 남종면 검천리 564,2026-03-11
4161035026105650000,경기도 광주시 남종면 검천리 565,2026-03-11
4146110500101490002,경기도 용인시 처인구 유방동 149-2,2026-03-11
4146110500101530000,경기도 용인시 처인구 유방동 153,2026-03-11
4146110500101570002,경기도 용인시 처인구 유방동 157-2,2026-03-11
4146110500104070002,경기도 용인시 처인구 유방동 407-2,2026-03-11
4146110900100830000,경기도 용인시 처인구 호동 83,2026-03-11
4146110900100850000,경기도 용인시 처인구 호동 85,2026-03-11
4146110900102310000,경기도 용인시 처인구 호동 231,2026-03-11
4146110900102310002,경기도 용인시 처인구 호동 231-2,2026-03-11
4146125324103560000,경기도 용인시 처인구 모현읍 일산리 356,2026-03-11
4167011800100360000,경기도 여주시 연양동 36,2026-03-11
4167032021103410000,경기도 여주시 흥천면 복대리 341,2026-03-11
4167032021103410001,경기도 여주시 흥천면 복대리 341-1,2026-03-11
4167033030100860000,경기도 여주시 금사면 금사리 86,2026-03-11
4167033030100860001,경기도 여주시 금사면 금사리 86-1,2026-03-11
4167033030100860002,경기도 여주시 금사면 금사리 86-2,2026-03-11
4167033030100860003,경기도 여주시 금사면 금사리 86-3,2026-03-11
4167033030100860004,경기도 여주시 금사면 금사리 86-4,2026-03-11
4167033030101930003,경기도 여주시 금사면 금사리 193-3,2026-03-11
4167033030101930013,경기도 여주시 금사면 금사리 193-13,2026-03-11
4167035022100970002,경기도 여주시 대신면 당산리 97-2,2026-03-11
4167035022100980002,경기도 여주시 대신면 당산리 98-2,2026-03-11
4167035022100980005,경기도 여주시 대신면 당산리 98-5,2026-03-11
4167035022101100079,경기도 여주시 대신면 당산리 110-79,2026-03-11
4167035022100980017,경기도 여주시 대신면 당산리 98-17,2026-03-11
4167035022101100088,경기도 여주시 대신면 당산리 110-88,2026-03-11
4167035022101100091,경기도 여주시 대신면 당산리 110-91,2026-03-11
4167035022101100092,경기도 여주시 대신면 당산리 110-92,2026-03-11
4167035022101100093,경기도 여주시 대신면 당산리 110-93,2026-03-11
4167035022101100094,경기도 여주시 대신면 당산리 110-94,2026-03-11
4167035022101100095,경기도 여주시 대신면 당산리 110-95,2026-03-11
4167035022101100174,경기도 여주시 대신면 당산리 110-174,2026-03-11
4167035022101100335,경기도 여주시 대신면 당산리 110-335,2026-03-11
4167035022101100336,경기도 여주시 대신면 당산리 110-336,2026-03-11
4167035022101100338,경기도 여주시 대신면 당산리 110-338,2026-03-11
4167035022102760085,경기도 여주시 대신면 당산리 276-85,2026-03-11
4167035022102760086,경기도 여주시 대신면 당산리 276-86,2026-03-11
4167035022103880001,경기도 여주시 대신면 당산리 388-1,2026-03-11
4167035036105800002,경기도 여주시 대신면 보통리 580-2,2026-03-11
4167035039102920000,경기도 여주시 대신면 양촌리 292,2026-03-11
4167035039102920001,경기도 여주시 대신면 양촌리 292-1,2026-03-11
4167035039103050000,경기도 여주시 대신면 양촌리 305,2026-03-11
4183025031103610002,경기도 양평군 양평읍 회현리 361-2,2026-03-11
4183031021110750043,경기도 양평군 강상면 병산리 1075-43,2026-03-11
4182025034100550018,경기도 가평군 가평읍 금대리 55-18,2026-03-11
4182025034100550050,경기도 가평군 가평읍 금대리 55-50,2026-03-11
4182025034101300001,경기도 가평군 가평읍 금대리 130-1,2026-03-11
4211035030100410001,강원도 춘천시 서면 안보리 41-1,2026-03-11
4211035030100410002,강원도 춘천시 서면 안보리 41-2,2026-03-11
4211035030100410003,강원도 춘천시 서면 안보리 41-3,2026-03-11
4211035030100410004,강원도 춘천시 서면 안보리 41-4,2026-03-11
4211040028102430000,강원도 춘천시 남산면 서천리 243,2026-03-11
4211040028105750003,강원도 춘천시 남산면 서천리 575-3,2026-03-11
4211040028106530002,강원도 춘천시 남산면 서천리 653-2,2026-03-11
4211040030100540002,강원도 춘천시 남산면 방하리 54-2,2026-03-11
4146125021101940003,경기도 용인시 처인구 포곡읍 삼계리 194-3,2026-03-11
4146125021101940004,경기도 용인시 처인구 포곡읍 삼계리 194-4,2026-03-11
4146125029102090000,경기도 용인시 처인구 포곡읍 신원리 209,2026-03-11
4211035029103820000,강원도 춘천시 서면 당림리 382,2026-03-11
4211035029103830001,강원도 춘천시 서면 당림리 383-1,2026-03-11
4211035030105180005,강원도 춘천시 서면 안보리 518-5,2026-03-11
4211040027105910003,강원도 춘천시 남산면 강촌리 591-3,2026-03-11
4211040027106450010,강원도 춘천시 남산면 강촌리 645-10,2026-03-11
4211040027106450011,강원도 춘천시 남산면 강촌리 645-11,2026-03-11
4211040027106450012,강원도 춘천시 남산면 강촌리 645-12,2026-03-11
4211040030102670003,강원도 춘천시 남산면 방하리 267-3,2026-03-11
4211040030102670009,강원도 춘천시 남산면 방하리 267-9,2026-03-11
4211040030102670010,강원도 춘천시 남산면 방하리 267-10,2026-03-11
4161025025101190003,경기도 광주시 오포읍 추자리 119-3,2026-03-11
4161025025101780002,경기도 광주시 오포읍 추자리 178-2,2026-03-11
4136036021105530003,경기도 남양주시 조안면 능내리 553-3,2026-03-11
4146110500101490003,경기도 용인시 처인구 유방동 149-3,2026-03-11
4146110800105000000,경기도 용인시 처인구 운학동 500,2026-03-11
4167032021100930001,경기도 여주시 흥천면 복대리 93-1,2026-03-11
4167032021100950000,경기도 여주시 흥천면 복대리 95,2026-03-11
4167033030100350000,경기도 여주시 금사면 금사리 35,2026-03-11
4167033030101030000,경기도 여주시 금사면 금사리 103,2026-03-11
4167033030101430000,경기도 여주시 금사면 금사리 143,2026-03-11
4167033030101440000,경기도 여주시 금사면 금사리 144,2026-03-11
4167033030101510000,경기도 여주시 금사면 금사리 151,2026-03-11
4167035022100970001,경기도 여주시 대신면 당산리 97-1,2026-03-11
4167035022100990001,경기도 여주시 대신면 당산리 99-1,2026-03-11
4167035022100990002,경기도 여주시 대신면 당산리 99-2,2026-03-11
4167035022101030002,경기도 여주시 대신면 당산리 103-2,2026-03-11
4167035034105000000,경기도 여주시 대신면 천서리 500,2026-03-11
4183025022103490020,경기도 양평군 양평읍 오빈리 349-20,2026-03-11
4183025022103490022,경기도 양평군 양평읍 오빈리 349-22,2026-03-11
4183025031103640034,경기도 양평군 양평읍 회현리 364-34,2026-03-11
4183025031105630000,경기도 양평군 양평읍 회현리 563,2026-03-11
4183025031105960004,경기도 양평군 양평읍 회현리 596-4,2026-03-11
4183031023102550000,경기도 양평군 강상면 교평리 255,2026-03-11
4183041022101000015,경기도 양평군 개군면 구미리 100-15,2026-03-11
4183041022101140022,경기도 양평군 개군면 구미리 114-22,2026-03-11
4182032524103210159,경기도 가평군 청평면 대성리 321-159,2026-03-11
4182032527102600059,경기도 가평군 청평면 삼회리 260-59,2026-03-11
4182032527102620003,경기도 가평군 청평면 삼회리 262-3,2026-03-11
4182032527103400001,경기도 가평군 청평면 삼회리 340-1,2026-03-11
4182032527103400002,경기도 가평군 청평면 삼회리 340-2,2026-03-11
4182032527103400003,경기도 가평군 청평면 삼회리 340-3,2026-03-11
4182032527104080001,경기도 가평군 청평면 삼회리 408-1,2026-03-11
4182032527104080005,경기도 가평군 청평면 삼회리 408-5,2026-03-11
4182032527104080006,경기도 가평군 청평면 삼회리 408-6,2026-03-11
4182032527104080008,경기도 가평군 청평면 삼회리 408-8,2026-03-11
4136025625100380004,경기도 남양주시 화도읍 금남리 38-4,2026-03-11
4136025625100380013,경기도 남양주시 화도읍 금남리 38-13,2026-03-11
4136025625106300008,경기도 남양주시 화도읍 금남리 630-8,2026-03-11
4136036025104100001,경기도 남양주시 조안면 삼봉리 410-1,2026-03-11
4136036025104110001,경기도 남양주시 조안면 삼봉리 411-1,2026-03-11
4136036025104110002,경기도 남양주시 조안면 삼봉리 411-2,2026-03-11
4136036025104470002,경기도 남양주시 조안면 삼봉리 447-2,2026-03-11
4182025031100520002,경기도 가평군 가평읍 이화리 52-2,2026-03-11
4182025031100520004,경기도 가평군 가평읍 이화리 52-4,2026-03-11
4182025031100520005,경기도 가평군 가평읍 이화리 52-5,2026-03-11
4182025031100520006,경기도 가평군 가평읍 이화리 52-6,2026-03-11
4182025031100520007,경기도 가평군 가평읍 이화리 52-7,2026-03-11
4182025031100520008,경기도 가평군 가평읍 이화리 52-8,2026-03-11
4182025031100520009,경기도 가평군 가평읍 이화리 52-9,2026-03-11
4182025031100520010,경기도 가평군 가평읍 이화리 52-10,2026-03-11
4182025034101400001,경기도 가평군 가평읍 금대리 140-1,2026-03-11
4182032525103400018,경기도 가평군 청평면 호명리 340-18,2026-03-11
4182032525103400051,경기도 가평군 청평면 호명리 340-51,2026-03-11
4211040028102980003,강원도 춘천시 남산면 서천리 298-3,2026-03-11
4211035030100310001,강원도 춘천시 서면 안보리 31-1,2026-03-11
4211035030105810006,강원도 춘천시 서면 안보리 581-6,2026-03-11
4211035030105870001,강원도 춘천시 서면 안보리 587-1,2026-03-11
4211035030105870002,강원도 춘천시 서면 안보리 587-2,2026-03-11
4211035030105870003,강원도 춘천시 서면 안보리 587-3,2026-03-11
4211035030105880000,강원도 춘천시 서면 안보리 588,2026-03-11
4211040028102970009,강원도 춘천시 남산면 서천리 297-9,2026-03-11
4211040028102980003,강원도 춘천시 남산면 서천리 298-3,2026-03-11
4211040028102980021,강원도 춘천시 남산면 서천리 298-21,2026-03-11
4211040028102980023,강원도 춘천시 남산면 서천리 298-23,2026-03-11
4211040028104670001,강원도 춘천시 남산면 서천리 467-1,2026-03-11
4211040028104670003,강원도 춘천시 남산면 서천리 467-3,2026-03-11
4211040028104670004,강원도 춘천시 남산면 서천리 467-4,2026-03-11
4211040028104730000,강원도 춘천시 남산면 서천리 473,2026-03-11
4183033021107400002,경기도 양평군 양서면 양수리 740-2,2026-03-11
4183033027100600011,경기도 양평군 양서면 대심리 60-11,2026-03-11
4183033027100600016,경기도 양평군 양서면 대심리 60-16,2026-03-11
4183033027100600023,경기도 양평군 양서면 대심리 60-23,2026-03-11
4183033027100600024,경기도 양평군 양서면 대심리 60-24,2026-03-11
4183033027100770003,경기도 양평군 양서면 대심리 77-3,2026-03-11
4183033027100770005,경기도 양평군 양서면 대심리 77-5,2026-03-11
4183033027100770044,경기도 양평군 양서면 대심리 77-44,2026-03-11
4183033027100770045,경기도 양평군 양서면 대심리 77-45,2026-03-11
4183033027100770046,경기도 양평군 양서면 대심리 77-46,2026-03-11
4183033027100770051,경기도 양평군 양서면 대심리 77-51,2026-03-11
4183033027100770052,경기도 양평군 양서면 대심리 77-52,2026-03-11
4183033027100770053,경기도 양평군 양서면 대심리 77-53,2026-03-11
4183033027100770054,경기도 양평군 양서면 대심리 77-54,2026-03-11
4183033027100770055,경기도 양평군 양서면 대심리 77-55,2026-03-11
4183033027100770056,경기도 양평군 양서면 대심리 77-56,2026-03-11
4183033027100770057,경기도 양평군 양서면 대심리 77-57,2026-03-11
4183033027100770058,경기도 양평군 양서면 대심리 77-58,2026-03-11
4183033027100780007,경기도 양평군 양서면 대심리 78-7,2026-03-11
4183033027101220001,경기도 양평군 양서면 대심리 122-1,2026-03-11
4183033027101220002,경기도 양평군 양서면 대심리 122-2,2026-03-11
4183033027101220004,경기도 양평군 양서면 대심리 122-4,2026-03-11
4183033027101220005,경기도 양평군 양서면 대심리 122-5,2026-03-11
4183031026102560003,경기도 양평군 강상면 세월리 256-3,2026-03-11
4183033029100480000,경기도 양평군 양서면 복포리 48,2026-03-11
4183033029100480004,경기도 양평군 양서면 복포리 48-4,2026-03-11
4183033029101520004,경기도 양평군 양서면 복포리 152-4,2026-03-11
4161025025101730005,경기도 광주시 오포읍 추자리 173-5,2026-03-11
4161025025101740006,경기도 광주시 오포읍 추자리 174-6,2026-03-11
4161025025101750001,경기도 광주시 오포읍 추자리 175-1,2026-03-11
4161025025101760006,경기도 광주시 오포읍 추자리 176-6,2026-03-11
4161035022100970002,경기도 광주시 남종면 금사리 97-2,2026-03-11
4161035026107200000,경기도 광주시 남종면 검천리 720,2026-03-11
4136036021105270004,경기도 남양주시 조안면 능내리 527-4,2026-03-11
4136036021105320000,경기도 남양주시 조안면 능내리 532,2026-03-11
4136036021105520001,경기도 남양주시 조안면 능내리 552-1,2026-03-11
4136036021105520002,경기도 남양주시 조안면 능내리 552-2,2026-03-11
4146110400100020002,경기도 용인시 처인구 남동 2-2,2026-03-11
4146110400100020003,경기도 용인시 처인구 남동 2-3,2026-03-11
4146110400102130002,경기도 용인시 처인구 남동 213-2,2026-03-11
4146110500101470004,경기도 용인시 처인구 유방동 147-4,2026-03-11
4146110500101570001,경기도 용인시 처인구 유방동 157-1,2026-03-11
4146110500101580000,경기도 용인시 처인구 유방동 158,2026-03-11
4146110500101600000,경기도 용인시 처인구 유방동 160,2026-03-11
4146110900100720004,경기도 용인시 처인구 호동 72-4,2026-03-11
4146110900100730002,경기도 용인시 처인구 호동 73-2,2026-03-11
4146110900100820003,경기도 용인시 처인구 호동 82-3,2026-03-11
4146110900102030000,경기도 용인시 처인구 호동 203,2026-03-11
4146110900102320000,경기도 용인시 처인구 호동 232,2026-03-11
4146110900102930001,경기도 용인시 처인구 호동 293-1,2026-03-11
4146110900102930002,경기도 용인시 처인구 호동 293-2,2026-03-11
4146110900102930005,경기도 용인시 처인구 호동 293-5,2026-03-11
4146110900102930006,경기도 용인시 처인구 호동 293-6,2026-03-11
4146110900103080001,경기도 용인시 처인구 호동 308-1,2026-03-11
4146110900103080002,경기도 용인시 처인구 호동 308-2,2026-03-11
4146110900103490001,경기도 용인시 처인구 호동 349-1,2026-03-11
4146110900103490002,경기도 용인시 처인구 호동 349-2,2026-03-11
4146110900103490003,경기도 용인시 처인구 호동 349-3,2026-03-11
4167032021100190002,경기도 여주시 흥천면 복대리 19-2,2026-03-11
4146110900103490004,경기도 용인시 처인구 호동 349-4,2026-03-11
4146110900103490005,경기도 용인시 처인구 호동 349-5,2026-03-11
4146110900103490006,경기도 용인시 처인구 호동 349-6,2026-03-11
4146110900103490007,경기도 용인시 처인구 호동 349-7,2026-03-11
4146125021102330002,경기도 용인시 처인구 포곡읍 삼계리 233-2,2026-03-11
4146125023100550003,경기도 용인시 처인구 포곡읍 둔전리 55-3,2026-03-11
4146125028101050002,경기도 용인시 처인구 포곡읍 유운리 105-2,2026-03-11
4146125028101050003,경기도 용인시 처인구 포곡읍 유운리 105-3,2026-03-11
4146125028101050004,경기도 용인시 처인구 포곡읍 유운리 105-4,2026-03-11
4146125322106100001,경기도 용인시 처인구 모현읍 갈담리 610-1,2026-03-11
4146125322106100002,경기도 용인시 처인구 모현읍 갈담리 610-2,2026-03-11
4146125323200870011,경기도 용인시 처인구 모현읍 초부리 산87-11,2026-03-11
4167031033101370003,경기도 여주시 점동면 도리 137-3,2026-03-11
4167031033101370004,경기도 여주시 점동면 도리 137-4,2026-03-11
4167032021100190001,경기도 여주시 흥천면 복대리 19-1,2026-03-11
4167032021100980001,경기도 여주시 흥천면 복대리 98-1,2026-03-11
4167032021100990002,경기도 여주시 흥천면 복대리 99-2,2026-03-11
4167032021101320000,경기도 여주시 흥천면 복대리 132,2026-03-11
4167032021101330000,경기도 여주시 흥천면 복대리 133,2026-03-11
4167032021101330002,경기도 여주시 흥천면 복대리 133-2,2026-03-11
4167032021101330008,경기도 여주시 흥천면 복대리 133-8,2026-03-11
4167032021105480001,경기도 여주시 흥천면 복대리 548-1,2026-03-11
4167032021105490000,경기도 여주시 흥천면 복대리 549,2026-03-11
4167032021105500000,경기도 여주시 흥천면 복대리 550,2026-03-11
4167032021105500001,경기도 여주시 흥천면 복대리 550-1,2026-03-11
4167032021105790000,경기도 여주시 흥천면 복대리 579,2026-03-11
4167032021105790002,경기도 여주시 흥천면 복대리 579-2,2026-03-11
4167032022101630004,경기도 여주시 흥천면 계신리 163-4,2026-03-11
4167032022101630008,경기도 여주시 흥천면 계신리 163-8,2026-03-11
4167033026102570000,경기도 여주시 금사면 전북리 257,2026-03-11
4167033026102700003,경기도 여주시 금사면 전북리 270-3,2026-03-11
4167033030100020005,경기도 여주시 금사면 금사리 2-5,2026-03-11
4167033030100040003,경기도 여주시 금사면 금사리 4-3,2026-03-11
4167033030100040005,경기도 여주시 금사면 금사리 4-5,2026-03-11
4167033030100530000,경기도 여주시 금사면 금사리 53,2026-03-11
4167033031100080004,경기도 여주시 금사면 외평리 8-4,2026-03-11
4167033031102390004,경기도 여주시 금사면 외평리 239-4,2026-03-11
4167033031102390009,경기도 여주시 금사면 외평리 239-9,2026-03-11
4167035022101030001,경기도 여주시 대신면 당산리 103-1,2026-03-11
4167035022101030003,경기도 여주시 대신면 당산리 103-3,2026-03-11
4167035022101030004,경기도 여주시 대신면 당산리 103-4,2026-03-11
4167035022103500008,경기도 여주시 대신면 당산리 350-8,2026-03-11
4167035022103530007,경기도 여주시 대신면 당산리 353-7,2026-03-11
4167035034105260000,경기도 여주시 대신면 천서리 526,2026-03-11
4167035039100190000,경기도 여주시 대신면 양촌리 19,2026-03-11
4167035039100410000,경기도 여주시 대신면 양촌리 41,2026-03-11
4183025022101980014,경기도 양평군 양평읍 오빈리 198-14,2026-03-11
4183025022101980019,경기도 양평군 양평읍 오빈리 198-19,2026-03-11
4183025031103150003,경기도 양평군 양평읍 회현리 315-3,2026-03-11
4183025031103150004,경기도 양평군 양평읍 회현리 315-4,2026-03-11
4183025031105260001,경기도 양평군 양평읍 회현리 526-1,2026-03-11
4183025031105700000,경기도 양평군 양평읍 회현리 570,2026-03-11
4183025031105960006,경기도 양평군 양평읍 회현리 596-6,2026-03-11
4183031023102840005,경기도 양평군 강상면 교평리 284-5,2026-03-11
4183031026102540000,경기도 양평군 강상면 세월리 254,2026-03-11
4183031026102560005,경기도 양평군 강상면 세월리 256-5,2026-03-11
4183034021200180003,경기도 양평군 옥천면 옥천리 산18-3,2026-03-11
4183041021102380000,경기도 양평군 개군면 하자포리 238,2026-03-11
4183041023100310011,경기도 양평군 개군면 앙덕리 31-11,2026-03-11
4183041023101220001,경기도 양평군 개군면 앙덕리 122-1,2026-03-11
4183041024104670003,경기도 양평군 개군면 석장리 467-3,2026-03-11
4183041024104670007,경기도 양평군 개군면 석장리 467-7,2026-03-11
4183041024104670008,경기도 양평군 개군면 석장리 467-8,2026-03-11
4183041033102490003,경기도 양평군 개군면 상자포리 249-3,2026-03-11
4183041033103040001,경기도 양평군 개군면 상자포리 304-1,2026-03-11
4183041033103040002,경기도 양평군 개군면 상자포리 304-2,2026-03-11
4136025625100380014,경기도 남양주시 화도읍 금남리 38-14,2026-03-11
4182025034100550038,경기도 가평군 가평읍 금대리 55-38,2026-03-11
4182025034100560012,경기도 가평군 가평읍 금대리 56-12,2026-03-11
4182025034104760003,경기도 가평군 가평읍 금대리 476-3,2026-03-11
4182031024100870002,경기도 가평군 설악면 사룡리 87-2,2026-03-11
4182031024100870003,경기도 가평군 설악면 사룡리 87-3,2026-03-11
4182031024100880000,경기도 가평군 설악면 사룡리 88,2026-03-11
4182031024100880001,경기도 가평군 설악면 사룡리 88-1,2026-03-11
4182031024100880005,경기도 가평군 설악면 사룡리 88-5,2026-03-11
4182031024100880006,경기도 가평군 설악면 사룡리 88-6,2026-03-11
4182031024100880007,경기도 가평군 설악면 사룡리 88-7,2026-03-11
4182031024100880008,경기도 가평군 설악면 사룡리 88-8,2026-03-11
4182031024100890000,경기도 가평군 설악면 사룡리 89,2026-03-11
4182031024100890001,경기도 가평군 설악면 사룡리 89-1,2026-03-11
4182031024100890002,경기도 가평군 설악면 사룡리 89-2,2026-03-11
4182031024100910000,경기도 가평군 설악면 사룡리 91,2026-03-11
4182031024100910002,경기도 가평군 설악면 사룡리 91-2,2026-03-11
4182031024100910003,경기도 가평군 설악면 사룡리 91-3,2026-03-11
4182031024100920001,경기도 가평군 설악면 사룡리 92-1,2026-03-11
4182031024100980001,경기도 가평군 설악면 사룡리 98-1,2026-03-11
4182031024100980002,경기도 가평군 설악면 사룡리 98-2,2026-03-11
4182031024100980004,경기도 가평군 설악면 사룡리 98-4,2026-03-11
4182031024100980005,경기도 가평군 설악면 사룡리 98-5,2026-03-11
4182031024100980006,경기도 가평군 설악면 사룡리 98-6,2026-03-11
4182031024100980008,경기도 가평군 설악면 사룡리 98-8,2026-03-11
4182031024100980009,경기도 가평군 설악면 사룡리 98-9,2026-03-11
4182031024100990001,경기도 가평군 설악면 사룡리 99-1,2026-03-11
4182031024100990004,경기도 가평군 설악면 사룡리 99-4,2026-03-11
4182032526103710000,경기도 가평군 청평면 고성리 371,2026-03-11
4182032526103710001,경기도 가평군 청평면 고성리 371-1,2026-03-11
4182032526103710002,경기도 가평군 청평면 고성리 371-2,2026-03-11
4182032526103710003,경기도 가평군 청평면 고성리 371-3,2026-03-11
4182032526103710004,경기도 가평군 청평면 고성리 371-4,2026-03-11
4182032526103710005,경기도 가평군 청평면 고성리 371-5,2026-03-11
4182032526103730000,경기도 가평군 청평면 고성리 373,2026-03-11
4182032526103740000,경기도 가평군 청평면 고성리 374,2026-03-11
4182032526103750000,경기도 가평군 청평면 고성리 375,2026-03-11
4182032526103750001,경기도 가평군 청평면 고성리 375-1,2026-03-11
4182032526103750002,경기도 가평군 청평면 고성리 375-2,2026-03-11
4182032526103750003,경기도 가평군 청평면 고성리 375-3,2026-03-11
4182032526103750004,경기도 가평군 청평면 고성리 375-4,2026-03-11
4182032526103750005,경기도 가평군 청평면 고성리 375-5,2026-03-11
4182032526103750006,경기도 가평군 청평면 고성리 375-6,2026-03-11
4182032526103750007,경기도 가평군 청평면 고성리 375-7,2026-03-11
4182032526103750008,경기도 가평군 청평면 고성리 375-8,2026-03-11
4182032526103750009,경기도 가평군 청평면 고성리 375-9,2026-03-11
4182032526103750010,경기도 가평군 청평면 고성리 375-10,2026-03-11
4313038524105730000,충청북도 충주시 중앙탑면 장천리 573,2026-03-11
4313039021103210000,충청북도 충주시 금가면 하담리 321,2026-03-11
4211040028104720021,강원도 춘천시 남산면 서천리 472-21,2026-03-11
4211040028104720023,강원도 춘천시 남산면 서천리 472-23,2026-03-11
4211040028104720024,강원도 춘천시 남산면 서천리 472-24,2026-03-11
4183033027100530008,경기도 양평군 양서면 대심리 53-8,2026-03-11
4183033027101670000,경기도 양평군 양서면 대심리 167,2026-03-11
4183033027101670001,경기도 양평군 양서면 대심리 167-1,2026-03-11
4146110500101890002,경기도 용인시 처인구 유방동 189-2,2026-03-11
4146110900102070002,경기도 용인시 처인구 호동 207-2,2026-03-11
4146110900102110000,경기도 용인시 처인구 호동 211,2026-03-11
4146110900100320001,경기도 용인시 처인구 호동 32-1,2026-03-11
4146110900200810000,경기도 용인시 처인구 호동 산81,2026-03-11
4167032021100960005,경기도 여주시 흥천면 복대리 96-5,2026-03-11
4167032021100960007,경기도 여주시 흥천면 복대리 96-7,2026-03-11
4167035039102890003,경기도 여주시 대신면 양촌리 289-3,2026-03-11
4167035039102890004,경기도 여주시 대신면 양촌리 289-4,2026-03-11
4167035039102890005,경기도 여주시 대신면 양촌리 289-5,2026-03-11
4183041023100310010,경기도 양평군 개군면 앙덕리 31-10,2026-03-11
4146110400102740000,경기도 용인시 처인구 남동 274,2026-03-11
4146110400102650000,경기도 용인시 처인구 남동 265,2026-03-11
4146110400102730000,경기도 용인시 처인구 남동 273,2026-03-11
4146110500101540000,경기도 용인시 처인구 유방동 154,2026-03-11
4146110800102040002,경기도 용인시 처인구 운학동 204-2,2026-03-11
4146125323100270016,경기도 용인시 처인구 모현읍 초부리 27-16,2026-03-11
4146110900100430000,경기도 용인시 처인구 호동 43,2026-03-11
4146110800102040001,경기도 용인시 처인구 운학동 204-1,2026-03-11
4146110500101490005,경기도 용인시 처인구 유방동 149-5,2026-03-11
4146110900100010003,경기도 용인시 처인구 호동 1-3,2026-03-11
4146110800102040004,경기도 용인시 처인구 운학동 204-4,2026-03-11
4146125322105610000,경기도 용인시 처인구 모현읍 갈담리 561,2026-03-11
4146110900100590001,경기도 용인시 처인구 호동 59-1,2026-03-11
4161025025101190002,경기도 광주시 오포읍 추자리 119-2,2026-03-11
4161034030103090003,경기도 광주시 퇴촌면 정지리 309-3,2026-03-11
4167035022102760068,경기도 여주시 대신면 당산리 276-68,2026-03-11
4167035022102760049,경기도 여주시 대신면 당산리 276-49,2026-03-11
4167035022102760050,경기도 여주시 대신면 당산리 276-50,2026-03-11
4182032527103980004,경기도 가평군 청평면 삼회리 398-4,2026-03-11
4182032526103530003,경기도 가평군 청평면 고성리 353-3,2026-03-11
4182032526103790000,경기도 가평군 청평면 고성리 379,2026-03-11
4182032526103530001,경기도 가평군 청평면 고성리 353-1,2026-03-11
4182032526103770000,경기도 가평군 청평면 고성리 377,2026-03-11
4182032526103530004,경기도 가평군 청평면 고성리 353-4,2026-03-11
4182032526103530005,경기도 가평군 청평면 고성리 353-5,2026-03-11
4182032526103770002,경기도 가평군 청평면 고성리 377-2,2026-03-11
4182032526103770001,경기도 가평군 청평면 고성리 377-1,2026-03-11
4182025033104260003,경기도 가평군 가평읍 복장리 426-3,2026-03-11
4182032524103910041,경기도 가평군 청평면 대성리 391-41,2026-03-11
4182032526107630008,경기도 가평군 청평면 고성리 763-8,2026-03-11
4183041021100760008,경기도 양평군 개군면 하자포리 76-8,2026-03-11
4182025034101450004,경기도 가평군 가평읍 금대리 145-4,2026-03-11
4182032526103770003,경기도 가평군 청평면 고성리 377-3,2026-03-11
4182032526103800000,경기도 가평군 청평면 고성리 380,2026-03-11
4182032524103890006,경기도 가평군 청평면 대성리 389-6,2026-03-11
4183041023100670002,경기도 양평군 개군면 앙덕리 67-2,2026-03-11
4183025022103770020,경기도 양평군 양평읍 오빈리 377-20,2026-03-11
4183025022103770005,경기도 양평군 양평읍 오빈리 377-5,2026-03-11
4183033021108050002,경기도 양평군 양서면 양수리 805-2,2026-03-11
4183033021108040006,경기도 양평군 양서면 양수리 804-6,2026-03-11
4183033021108040004,경기도 양평군 양서면 양수리 804-4,2026-03-11
4183031021102440042,경기도 양평군 강상면 병산리 244-42,2026-03-11
4183031021102440032,경기도 양평군 강상면 병산리 244-32,2026-03-11
4183031021102440001,경기도 양평군 강상면 병산리 244-1,2026-03-11
4183031021102440034,경기도 양평군 강상면 병산리 244-34,2026-03-11
4183031021102440011,경기도 양평군 강상면 병산리 244-11,2026-03-11
4183031021102440041,경기도 양평군 강상면 병산리 244-41,2026-03-11
4183031021102440010,경기도 양평군 강상면 병산리 244-10,2026-03-11
4183025022102490004,경기도 양평군 양평읍 오빈리 249-4,2026-03-11
4183041021100770006,경기도 양평군 개군면 하자포리 77-6,2026-03-11
4183025022103820080,경기도 양평군 양평읍 오빈리 382-80,2026-03-11
4183041023101260002,경기도 양평군 개군면 앙덕리 126-2,2026-03-11
4183025022103820079,경기도 양평군 양평읍 오빈리 382-79,2026-03-11
4183033021108040001,경기도 양평군 양서면 양수리 804-1,2026-03-11
4211040028103720000,강원도 춘천시 남산면 서천리 372,2026-03-11
4211033021101970008,강원도 춘천시 신동면 의암리 197-8,2026-03-11
4136036021105350000,경기도 남양주시 조안면 능내리 535,2026-03-11
4136036021105330000,경기도 남양주시 조안면 능내리 533,2026-03-11
4136036021105340000,경기도 남양주시 조안면 능내리 534,2026-03-11
4167033026100440001,경기도 여주시 금사면 전북리 44-1,2026-03-11
4146110500100420000,경기도 용인시 처인구 유방동 42,2026-03-11
4146110500100420002,경기도 용인시 처인구 유방동 42-2,2026-03-11
4146110500101560002,경기도 용인시 처인구 유방동 156-2,2026-03-11
4146110500101560001,경기도 용인시 처인구 유방동 156-1,2026-03-11
4146110500100410000,경기도 용인시 처인구 유방동 41,2026-03-11
4146110500101560003,경기도 용인시 처인구 유방동 156-3,2026-03-11
4146110500101550000,경기도 용인시 처인구 유방동 155,2026-03-11
4161025025101720001,경기도 광주시 오포읍 추자리 172-1,2026-03-11
4161025025101710001,경기도 광주시 오포읍 추자리 171-1,2026-03-11
4161035026102370001,경기도 광주시 남종면 검천리 237-1,2026-03-11
4161035026102200000,경기도 광주시 남종면 검천리 220,2026-03-11
4161035026102390000,경기도 광주시 남종면 검천리 239,2026-03-11
4167033026100420000,경기도 여주시 금사면 전북리 42,2026-03-11
4167032021100970000,경기도 여주시 흥천면 복대리 97,2026-03-11
4167033026104080001,경기도 여주시 금사면 전북리 408-1,2026-03-11
4167035022101200004,경기도 여주시 대신면 당산리 120-4,2026-03-11
4167035022102780045,경기도 여주시 대신면 당산리 278-45,2026-03-11
4167032021102000000,경기도 여주시 흥천면 복대리 200,2026-03-11
4167032021102010000,경기도 여주시 흥천면 복대리 201,2026-03-11
4167032021105860000,경기도 여주시 흥천면 복대리 586,2026-03-11
4167032021102580001,경기도 여주시 흥천면 복대리 258-1,2026-03-11
4182025034100550033,경기도 가평군 가평읍 금대리 55-33,2026-03-11
4182025034100560015,경기도 가평군 가평읍 금대리 56-15,2026-03-11
4183041022100940021,경기도 양평군 개군면 구미리 94-21,2026-03-11
4183041033102590000,경기도 양평군 개군면 상자포리 259,2026-03-11
4183041033102620000,경기도 양평군 개군면 상자포리 262,2026-03-11
4183033027100530090,경기도 양평군 양서면 대심리 53-90,2026-03-11
4183033027100530094,경기도 양평군 양서면 대심리 53-94,2026-03-11
4183033027100530093,경기도 양평군 양서면 대심리 53-93,2026-03-11
4183033027100530092,경기도 양평군 양서면 대심리 53-92,2026-03-11
4183033027100530007,경기도 양평군 양서면 대심리 53-7,2026-03-11
4183033027100530091,경기도 양평군 양서면 대심리 53-91,2026-03-11
4183025031104790000,경기도 양평군 양평읍 회현리 479,2026-03-11
4211040027105710010,강원도 춘천시 남산면 강촌리 571-10,2026-03-11
4211040028105050000,강원도 춘천시 남산면 서천리 505,2026-03-11
4211040027105710014,강원도 춘천시 남산면 강촌리 571-14,2026-03-11
4211040027105710018,강원도 춘천시 남산면 강촌리 571-18,2026-03-11
4211035030105810005,강원도 춘천시 서면 안보리 581-5,2026-03-11
4211035028100650002,강원도 춘천시 서면 덕두원리 65-2,2026-03-11
4211035030105810001,강원도 춘천시 서면 안보리 581-1,2026-03-11
4183033021105520010,경기도 양평군 양서면 양수리 552-10,2026-03-11
4183033021105780003,경기도 양평군 양서면 양수리 578-3,2026-03-11
4183041021100750000,경기도 양평군 개군면 하자포리 75,2026-03-11
4136036025105630000,경기도 남양주시 조안면 삼봉리 563,2026-03-11
4167033026104260000,경기도 여주시 금사면 전북리 426,2026-03-11
4167033026102630003,경기도 여주시 금사면 전북리 263-3,2026-03-11
4167033026102630002,경기도 여주시 금사면 전북리 263-2,2026-03-11
4167035034106440004,경기도 여주시 대신면 천서리 644-4,2026-03-11
4183033027101100004,경기도 양평군 양서면 대심리 110-4,2026-03-11
4183031023102160000,경기도 양평군 강상면 교평리 216,2026-03-11
4211040028102870007,강원도 춘천시 남산면 서천리 287-7,2026-03-11
4211040028102870010,강원도 춘천시 남산면 서천리 287-10,2026-03-11
4211040027105710012,강원도 춘천시 남산면 강촌리 571-12,2026-03-11
4313039021101050001,충북 충주시 금가면 하담리 105-1,2026-03-11
4167035022102790002,경기도 여주시 대신면 당산리 279-2,2026-03-11
4167035022102780028,경기도 여주시 대신면 당산리 278-28,2026-03-11
4167035022102780094,경기도 여주시 대신면 당산리 278-94,2026-03-11
4167035022102790006,경기도 여주시 대신면 당산리 279-6,2026-03-11
4146110800103990002,경기도 용인시 처인구 운학동 399-2,2026-03-11
4146110800103990010,경기도 용인시 처인구 운학동 399-10,2026-03-11
4146110800103990022,경기도 용인시 처인구 운학동 399-22,2026-03-11
4146110800103990023,경기도 용인시 처인구 운학동 399-23,2026-03-11
4146110800103990024,경기도 용인시 처인구 운학동 399-24,2026-03-11
4146110800103990014,경기도 용인시 처인구 운학동 399-14,2026-03-11
4146110800103990025,경기도 용인시 처인구 운학동 399-25,2026-03-11
4146125322106060001,경기도 용인시 처인구 모현읍 갈담리 606-1,2026-03-11
4146110900200830001,경기도 용인시 처인구 호동 산83-1,2026-03-11
4146110900200860011,경기도 용인시 처인구 호동 산86-11,2026-03-11
4161035027109870000,경기도 광주시 남종면 수청리 987,2026-03-11
4161035027109880000,경기도 광주시 남종면 수청리 988,2026-03-11
4167010500101250000,경기도 여주시 단현동 125,2026-03-11
4167010500101260000,경기도 여주시 단현동 126,2026-03-11
4167035034105510003,경기도 여주시 대신면 천서리 551-3,2026-03-11
4182032526105030005,경기도 가평군 청평면 고성리 503-5,2026-03-11
4183031023101780001,경기도 양평군 강상면 교평리 178-1,2026-03-11
4183034024108820002,경기도 양평군 옥천면 아신리 882-2,2026-03-11
4183034024108850002,경기도 양평군 옥천면 아신리 885-2,2026-03-11
4183034024108850000,경기도 양평군 옥천면 아신리 885,2026-03-11
4183034024108850003,경기도 양평군 옥천면 아신리 885-3,2026-03-11
4183034024108820000,경기도 양평군 옥천면 아신리 882,2026-03-11
4183033029102140011,경기도 양평군 양서면 복포리 214-11,2026-03-11
4211040028106210008,강원도 춘천시 남산면 서천리 621-8,2026-03-11
4211040028106210011,강원도 춘천시 남산면 서천리 621-11,2026-03-11
4211040028104720025,강원도 춘천시 남산면 서천리 472-25,2026-03-11
4146110500100400001,경기도 용인시 처인구 유방동 40-1,2026-03-11
4146125322105550002,경기도 용인시 처인구 모현읍 갈담리 555-2,2026-03-11
4161035021200030027,경기도 광주시 남종면 분원리 산3-27,2026-03-11
4161035021102550029,경기도 광주시 남종면 분원리 255-29,2026-03-11
4161035021102550023,경기도 광주시 남종면 분원리 255-23,2026-03-11
4161035021101140004,경기도 광주시 남종면 분원리 114-4,2026-03-11
4161035021101140005,경기도 광주시 남종면 분원리 114-5,2026-03-11
4161025025101550034,경기도 광주시 오포읍 추자리 155-34,2026-03-11
4167032022101500003,경기도 여주시 흥천면 계신리 150-3,2026-03-11
4167032022101500002,경기도 여주시 흥천면 계신리 150-2,2026-03-11
4182025034104960007,경기도 가평군 가평읍 금대리 496-7,2026-03-11
4182025033104820000,경기도 가평군 가평읍 복장리 482,2026-03-11
4182025033104820001,경기도 가평군 가평읍 복장리 482-1,2026-03-11
4182025033104820006,경기도 가평군 가평읍 복장리 482-6,2026-03-11
4182025033104820008,경기도 가평군 가평읍 복장리 482-8,2026-03-11
4182025033104820002,경기도 가평군 가평읍 복장리 482-2,2026-03-11
4182032524103050008,경기도 가평군 청평면 대성리 305-8,2026-03-11
4183033022100280000,경기도 양평군 양서면 용담리 28,2026-03-11
4211040028103280000,강원도 춘천시 남산면 서천리 328,2026-03-11
4211040028103710000,강원도 춘천시 남산면 서천리 371,2026-03-11
4136036023100100005,경기도 남양주시 조안면 진중리 10-5,2026-03-11
4146125024100990000,경기도 용인시 처인구 포곡읍 영문리 99,2026-03-11
4146125024100980000,경기도 용인시 처인구 포곡읍 영문리 98,2026-03-11
4146125024100970000,경기도 용인시 처인구 포곡읍 영문리 97,2026-03-11
4146110900103670001,경기도 용인시 처인구 호동 367-1,2026-03-11
4146110900103640004,경기도 용인시 처인구 호동 364-4,2026-03-11
4167033030100030009,경기도 여주시 금사면 금사리 3-9,2026-03-11
4183025031105370000,경기도 양평군 양평읍 회현리 537,2026-03-11
4183025031106050002,경기도 양평군 양평읍 회현리 605-2,2026-03-11
4183025031105380000,경기도 양평군 양평읍 회현리 538,2026-03-11
4183034024105080011,경기도 양평군 옥천면 아신리 508-11,2026-03-11
4183025031106120021,경기도 양평군 양평읍 회현리 612-21,2026-03-11
4183025022102490026,경기도 양평군 양평읍 오빈리 249-26,2026-03-11
4183025031106100072,경기도 양평군 양평읍 회현리 610-72,2026-03-11
4183025031106100070,경기도 양평군 양평읍 회현리 610-70,2026-03-11
4211040028100120001,강원도 춘천시 남산면 서천리 12-1,2026-03-11
4211040028100090000,강원도 춘천시 남산면 서천리 9,2026-03-11
4211035029102970005,강원도 춘천시 서면 당림리 297-5,2026-03-11
4211040028100090006,강원도 춘천시 남산면 서천리 9-6,2026-03-11
4211035029102970010,강원도 춘천시 서면 당림리 297-10,2026-03-11
4211035029102970012,강원도 춘천시 서면 당림리 297-12,2026-03-11
4146110800105830000,경기도 용인시 처인구 운학동 583,2026-03-11
4161034030104110002,경기도 광주시 퇴촌면 정지리 411-2,2026-03-11
4161034030104110001,경기도 광주시 퇴촌면 정지리 411-1,2026-03-11
4167034023104430000,경기도 여주시 능서면 왕대리 443,2026-03-11
4167010500101190000,경기도 여주시 단현동 119,2026-03-11
4167032022103940000,경기도 여주시 흥천면 계신리 394,2026-03-11
4167032022102910000,경기도 여주시 흥천면 계신리 291,2026-03-11
4167032022102880000,경기도 여주시 흥천면 계신리 288,2026-03-11
4182025034100550047,경기도 가평군 가평읍 금대리 55-47,2026-03-11
4182025034101730001,경기도 가평군 가평읍 금대리 173-1,2026-03-11
4182032525102870021,경기도 가평군 청평면 호명리 287-21,2026-03-11
4182032526107200002,경기도 가평군 청평면 고성리 720-2,2026-03-11
4183041021101810001,경기도 양평군 개군면 하자포리 181-1,2026-03-11
4183033027100590034,경기도 양평군 양서면 대심리 59-34,2026-03-11
4183033029100460000,경기도 양평군 양서면 복포리 46,2026-03-11
4183025022102580007,경기도 양평군 양평읍 오빈리 258-7,2026-03-11
4183025031104810002,경기도 양평군 양평읍 회현리 481-2,2026-03-11
4183031023102560003,경기도 양평군 강상면 교평리 256-3,2026-03-11
4183033027100690095,경기도 양평군 양서면 대심리 69-95,2026-03-11
4183033027100690097,경기도 양평군 양서면 대심리 69-97,2026-03-11
4183033027100690099,경기도 양평군 양서면 대심리 69-99,2026-03-11
4183041021102530003,경기도 양평군 개군면 하자포리 253-3,2026-03-11
4183031023102540006,경기도 양평군 강상면 교평리 254-6,2026-03-11
4183041023100790003,경기도 양평군 개군면 앙덕리 79-3,2026-03-11
4183033027100690042,경기도 양평군 양서면 대심리 69-42,2026-03-11
4211040028105310010,강원도 춘천시 남산면 서천리 531-10,2026-03-11
4211040028106530006,강원도 춘천시 남산면 서천리 653-6,2026-03-11
4211040028104650001,강원도 춘천시 남산면 서천리 465-1,2026-03-11
4211040028105980011,강원도 춘천시 남산면 서천리 598-11,2026-03-11
4211040028104650000,강원도 춘천시 남산면 서천리 465,2026-03-11
4211040028103260009,강원도 춘천시 남산면 서천리 326-9,2026-03-11
4211040030100860000,강원도 춘천시 남산면 방하리 86,2026-03-11
4211040028105310012,강원도 춘천시 남산면 서천리 531-12,2026-03-11
4211040028103200007,강원도 춘천시 남산면 서천리 320-7,2026-03-11
4211040028105310009,강원도 춘천시 남산면 서천리 531-9,2026-03-11
4211040028105310007,강원도 춘천시 남산면 서천리 531-7,2026-03-11
4211040028104650004,강원도 춘천시 남산면 서천리 465-4,2026-03-11
4211040028104650007,강원도 춘천시 남산면 서천리 465-7,2026-03-11
4167010500101190001,경기도 여주시 단현동 119-1,2026-03-11
4183041022101140018,경기도 양평군 개군면 구미리 114-18,2026-03-11
4183041022100940019,경기도 양평군 개군면 구미리 94-19,2026-03-11
4183041022100250007,경기도 양평군 개군면 구미리 25-7,2026-03-11
4183041022101140017,경기도 양평군 개군면 구미리 114-17,2026-03-11
4146110900103300009,경기도 용인시 처인구 호동 330-9,2026-03-11
4146125323100630000,경기도 용인시 처인구 모현읍 초부리 63,2026-03-11
4146111000103540002,경기도 용인시 처인구 해곡동 354-2,2026-03-11
4146111000103540005,경기도 용인시 처인구 해곡동 354-5,2026-03-11
4161034028100080005,경기도 광주시 퇴촌면 무수리 8-5,2026-03-11
4161034021103570001,경기도 광주시 퇴촌면 광동리 357-1,2026-03-11
4161034021103440000,경기도 광주시 퇴촌면 광동리 344,2026-03-11
4167033031101140007,경기도 여주시 금사면 외평리 114-7,2026-03-11
4167033031101140004,경기도 여주시 금사면 외평리 114-4,2026-03-11
4167033031101140006,경기도 여주시 금사면 외평리 114-6,2026-03-11
4167033031101140000,경기도 여주시 금사면 외평리 114,2026-03-11
4167033031101130006,경기도 여주시 금사면 외평리 113-6,2026-03-11
4167035022103650005,경기도 여주시 대신면 당산리 365-5,2026-03-11
4167033030101880000,경기도 여주시 금사면 금사리 188,2026-03-11
4167033026102720000,경기도 여주시 금사면 전북리 272,2026-03-11
4182032527103560001,경기도 가평군 청평면 삼회리 356-1,2026-03-11
4182025034100550056,경기도 가평군 가평읍 금대리 55-56,2026-03-11
4182032527103640000,경기도 가평군 청평면 삼회리 364,2026-03-11
4182032524103750000,경기도 가평군 청평면 대성리 375,2026-03-11
4182032524103730000,경기도 가평군 청평면 대성리 373,2026-03-11
4182032527103600000,경기도 가평군 청평면 삼회리 360,2026-03-11
4182032527103580000,경기도 가평군 청평면 삼회리 358,2026-03-11
4182032526105780025,경기도 가평군 청평면 고성리 578-25,2026-03-11
4182032526105780001,경기도 가평군 청평면 고성리 578-1,2026-03-11
4183025022102100007,경기도 양평군 양평읍 오빈리 210-7,2026-03-11
4183033027101280007,경기도 양평군 양서면 대심리 128-7,2026-03-11
4183025031105020002,경기도 양평군 양평읍 회현리 502-2,2026-03-11
4183025031105020004,경기도 양평군 양평읍 회현리 502-4,2026-03-11
4183025031105020003,경기도 양평군 양평읍 회현리 502-3,2026-03-11
4183025031105020006,경기도 양평군 양평읍 회현리 502-6,2026-03-11
4183025031104970003,경기도 양평군 양평읍 회현리 497-3,2026-03-11
4183031023102540005,경기도 양평군 강상면 교평리 254-5,2026-03-11
4183033027100480000,경기도 양평군 양서면 대심리 48,2026-03-11
4183033027100480003,경기도 양평군 양서면 대심리 48-3,2026-03-11
4183041021101320002,경기도 양평군 개군면 하자포리 132-2,2026-03-11
4183025031105200005,경기도 양평군 양평읍 회현리 520-5,2026-03-11
4183025031105260003,경기도 양평군 양평읍 회현리 526-3,2026-03-11
4183033027100480002,경기도 양평군 양서면 대심리 48-2,2026-03-11
4183033027100530062,경기도 양평군 양서면 대심리 53-62,2026-03-11
4183031025100360001,경기도 양평군 강상면 화양리 36-1,2026-03-11
4183025031104890003,경기도 양평군 양평읍 회현리 489-3,2026-03-11
4183033027100970054,경기도 양평군 양서면 대심리 97-54,2026-03-11
4183025031105230000,경기도 양평군 양평읍 회현리 523,2026-03-11
4183025031104990001,경기도 양평군 양평읍 회현리 499-1,2026-03-11
4183025031104990006,경기도 양평군 양평읍 회현리 499-6,2026-03-11
4183031025100380000,경기도 양평군 강상면 화양리 38,2026-03-11
4183025031105260004,경기도 양평군 양평읍 회현리 526-4,2026-03-11
4183031025100350002,경기도 양평군 강상면 화양리 35-2,2026-03-11
4183025031105260002,경기도 양평군 양평읍 회현리 526-2,2026-03-11
4211040028103070008,강원도 춘천시 남산면 서천리 307-8,2026-03-11
4183025031104890004,경기도 양평군 양평읍 회현리 489-4,2026-03-11
4183025031105020005,경기도 양평군 양평읍 회현리 502-5,2026-03-11
4183025031104990003,경기도 양평군 양평읍 회현리 499-3,2026-03-11
4183033027101230020,경기도 양평군 양서면 대심리 123-20,2026-03-11
4183025031104920001,경기도 양평군 양평읍 회현리 492-1,2026-03-11
4183033027102630005,경기도 양평군 양서면 대심리 263-5,2026-03-11
4183033027100510012,경기도 양평군 양서면 대심리 51-12,2026-03-11
4183031023102250005,경기도 양평군 강상면 교평리 225-5,2026-03-11
4183025031105190001,경기도 양평군 양평읍 회현리 519-1,2026-03-11
4183031023102250006,경기도 양평군 강상면 교평리 225-6,2026-03-11
4183041022100410000,경기도 양평군 개군면 구미리 41,2026-03-11
4183025022102100060,경기도 양평군 양평읍 오빈리 210-60,2026-03-11
4183025022102090006,경기도 양평군 양평읍 오빈리 209-6,2026-03-11
4313043022101650000,충청북도 충주시 소태면 복탄리 165,2026-03-11
4313043022101650001,충청북도 충주시 소태면 복탄리 165-1,2026-03-11
4136036021105270052,경기도 남양주시 조안면 능내리 527-52,2026-03-11
4136036021105520003,경기도 남양주시 조안면 능내리 552-3,2026-03-11
4136036021105270001,경기도 남양주시 조안면 능내리 527-1,2026-03-11
4136036021105270002,경기도 남양주시 조안면 능내리 527-2,2026-03-11
4211040028106840002,강원도 춘천시 남산면 서천리 684-2,2026-03-11
4211035030105510001,강원도 춘천시 서면 안보리 551-1,2026-03-11
4211040030103730000,강원도 춘천시 남산면 방하리 373,2026-03-11
4211035030105510000,강원도 춘천시 서면 안보리 551,2026-03-11
4211035030105520000,강원도 춘천시 서면 안보리 552,2026-03-11
4211040030101520000,강원도 춘천시 남산면 방하리 152,2026-03-11
4211040030101520005,강원도 춘천시 남산면 방하리 152-5,2026-03-11
4211040030103730002,강원도 춘천시 남산면 방하리 373-2,2026-03-11
4211040028106840003,강원도 춘천시 남산면 서천리 684-3,2026-03-11
4211040028106840005,강원도 춘천시 남산면 서천리 684-5,2026-03-11
4211040030103740001,강원도 춘천시 남산면 방하리 374-1,2026-03-11
4211040028103730002,강원도 춘천시 남산면 서천리 373-2,2026-03-11
4211035030106620000,강원도 춘천시 서면 안보리 662,2026-03-11
4211040028106840006,강원도 춘천시 남산면 서천리 684-6,2026-03-11
4211040028106840009,강원도 춘천시 남산면 서천리 684-9,2026-03-11
4136036021105980002,경기도 남양주시 조안면 능내리 598-2,2026-03-11
4136036021105910000,경기도 남양주시 조안면 능내리 591,2026-03-11
4136036021105920003,경기도 남양주시 조안면 능내리 592-3,2026-03-11
4136036021105920001,경기도 남양주시 조안면 능내리 592-1,2026-03-11
4146110900102060004,경기도 용인시 처인구 호동 206-4,2026-03-11
4146110800103530000,경기도 용인시 처인구 운학동 353,2026-03-11
4146110900102920000,경기도 용인시 처인구 호동 292,2026-03-11
4183033027100170032,경기도 양평군 양서면 대심리 17-32,2026-03-11
4146110800103500000,경기도 용인시 처인구 운학동 350,2026-03-11
4146110400102880018,경기도 용인시 처인구 남동 288-18,2026-03-11
4146110800105290003,경기도 용인시 처인구 운학동 529-3,2026-03-11
4161034028101040001,경기도 광주시 퇴촌면 무수리 104-1,2026-03-11
4161034028101030000,경기도 광주시 퇴촌면 무수리 103,2026-03-11
4161034028101030001,경기도 광주시 퇴촌면 무수리 103-1,2026-03-11
4167033031101140002,경기도 여주시 금사면 외평리 114-2,2026-03-11
4167033030100020017,경기도 여주시 금사면 금사리 2-17,2026-03-11
4167033030100020004,경기도 여주시 금사면 금사리 2-4,2026-03-11
4167033021101780004,경기도 여주시 금사면 이포리 178-4,2026-03-11
4167033021101780006,경기도 여주시 금사면 이포리 178-6,2026-03-11
4167035034102110001,경기도 여주시 대신면 천서리 211-1,2026-03-11
4183033027100530099,경기도 양평군 양서면 대심리 53-99,2026-03-11
4167035034102130002,경기도 여주시 대신면 천서리 213-2,2026-03-11
4167035022100380005,경기도 여주시 대신면 당산리 38-5,2026-03-11
4167035039102990001,경기도 여주시 대신면 양촌리 299-1,2026-03-11
4167035022100730002,경기도 여주시 대신면 당산리 73-2,2026-03-11
4167035034102130000,경기도 여주시 대신면 천서리 213,2026-03-11
4167035034102130001,경기도 여주시 대신면 천서리 213-1,2026-03-11
4167035034106160000,경기도 여주시 대신면 천서리 616,2026-03-11
4182032527103310000,경기도 가평군 청평면 삼회리 331,2026-03-11
4182032524103210111,경기도 가평군 청평면 대성리 321-111,2026-03-11
4182032524103210138,경기도 가평군 청평면 대성리 321-138,2026-03-11
4182032524103210026,경기도 가평군 청평면 대성리 321-26,2026-03-11
4182032526105790002,경기도 가평군 청평면 고성리 579-2,2026-03-11
4182031023104710007,경기도 가평군 설악면 회곡리 471-7,2026-03-11
4182031023104710004,경기도 가평군 설악면 회곡리 471-4,2026-03-11
4182032524201100009,경기도 가평군 청평면 대성리 산110-9,2026-03-11
4182031023104710001,경기도 가평군 설악면 회곡리 471-1,2026-03-11
4182031023104710002,경기도 가평군 설악면 회곡리 471-2,2026-03-11
4182031023104710006,경기도 가평군 설악면 회곡리 471-6,2026-03-11
4182032524201110010,경기도 가평군 청평면 대성리 산111-10,2026-03-11
4182025034100550039,경기도 가평군 가평읍 금대리 55-39,2026-03-11
4182025033104690003,경기도 가평군 가평읍 복장리 469-3,2026-03-11
4182025033104690001,경기도 가평군 가평읍 복장리 469-1,2026-03-11
4182025033104690000,경기도 가평군 가평읍 복장리 469,2026-03-11
4182025033104690002,경기도 가평군 가평읍 복장리 469-2,2026-03-11
4182025034104890001,경기도 가평군 가평읍 금대리 489-1,2026-03-11
4182025034104890003,경기도 가평군 가평읍 금대리 489-3,2026-03-11
4182025034104900000,경기도 가평군 가평읍 금대리 490,2026-03-11
4183033027100170011,경기도 양평군 양서면 대심리 17-11,2026-03-11
4182025034104880000,경기도 가평군 가평읍 금대리 488,2026-03-11
4182025034104870000,경기도 가평군 가평읍 금대리 487,2026-03-11
4182032524103210018,경기도 가평군 청평면 대성리 321-18,2026-03-11
4182032524103210024,경기도 가평군 청평면 대성리 321-24,2026-03-11
4182032524103210211,경기도 가평군 청평면 대성리 321-211,2026-03-11
4182032524103210025,경기도 가평군 청평면 대성리 321-25,2026-03-11
4183025031103360000,경기도 양평군 양평읍 회현리 336,2026-03-11
4183025031103640048,경기도 양평군 양평읍 회현리 364-48,2026-03-11
4183025031103360001,경기도 양평군 양평읍 회현리 336-1,2026-03-11
4183025031105250000,경기도 양평군 양평읍 회현리 525,2026-03-11
4183025031103360002,경기도 양평군 양평읍 회현리 336-2,2026-03-11
4183033027100170024,경기도 양평군 양서면 대심리 17-24,2026-03-11
4183033027100170017,경기도 양평군 양서면 대심리 17-17,2026-03-11
4183033027100170033,경기도 양평군 양서면 대심리 17-33,2026-03-11
4183033027100170031,경기도 양평군 양서면 대심리 17-31,2026-03-11
4183035028106570001,경기도 양평군 서종면 수입리 657-1,2026-03-11
4183032026110270002,경기도 양평군 강하면 전수리 1027-2,2026-03-11
4183033027100170023,경기도 양평군 양서면 대심리 17-23,2026-03-11
4183033027100170010,경기도 양평군 양서면 대심리 17-10,2026-03-11
4183033027100170021,경기도 양평군 양서면 대심리 17-21,2026-03-11
4183033027100170007,경기도 양평군 양서면 대심리 17-7,2026-03-11
4183033027100170035,경기도 양평군 양서면 대심리 17-35,2026-03-11
4183033027100170036,경기도 양평군 양서면 대심리 17-36,2026-03-11
4183033027100170015,경기도 양평군 양서면 대심리 17-15,2026-03-11
4183033027100170005,경기도 양평군 양서면 대심리 17-5,2026-03-11
4183033027100170014,경기도 양평군 양서면 대심리 17-14,2026-03-11
4183033027100170026,경기도 양평군 양서면 대심리 17-26,2026-03-11
4183033027100170029,경기도 양평군 양서면 대심리 17-29,2026-03-11
4183033027100170038,경기도 양평군 양서면 대심리 17-38,2026-03-11
4183033027100530080,경기도 양평군 양서면 대심리 53-80,2026-03-11
4183025022102100033,경기도 양평군 양평읍 오빈리 210-33,2026-03-11
4183025031104830000,경기도 양평군 양평읍 회현리 483,2026-03-11
4183025031103640020,경기도 양평군 양평읍 회현리 364-20,2026-03-11
4183025031103640049,경기도 양평군 양평읍 회현리 364-49,2026-03-11
4183033027100170008,경기도 양평군 양서면 대심리 17-8,2026-03-11
4183025031104830007,경기도 양평군 양평읍 회현리 483-7,2026-03-11
4183035028107820011,경기도 양평군 서종면 수입리 782-11,2026-03-11
4183035028106580000,경기도 양평군 서종면 수입리 658,2026-03-11
4183035028107820002,경기도 양평군 서종면 수입리 782-2,2026-03-11
4183025031105250001,경기도 양평군 양평읍 회현리 525-1,2026-03-11
4183033021106400003,경기도 양평군 양서면 양수리 640-3,2026-03-11
4183033021106410001,경기도 양평군 양서면 양수리 641-1,2026-03-11
4183033027100690005,경기도 양평군 양서면 대심리 69-5,2026-03-11
4183033027100590023,경기도 양평군 양서면 대심리 59-23,2026-03-11
4183033027100470013,경기도 양평군 양서면 대심리 47-13,2026-03-11
4183032026110270028,경기도 양평군 강하면 전수리 1027-28,2026-03-11
4183033029102140010,경기도 양평군 양서면 복포리 214-10,2026-03-11
4183032026110270019,경기도 양평군 강하면 전수리 1027-19,2026-03-11
4183033027100690033,경기도 양평군 양서면 대심리 69-33,2026-03-11
4211040028105980006,강원도 춘천시 남산면 서천리 598-6,2026-03-11
4211035030106680001,강원도 춘천시 서면 안보리 668-1,2026-03-11
4211040030104110004,강원도 춘천시 남산면 방하리 411-4,2026-03-11
4211040030104110001,강원도 춘천시 남산면 방하리 411-1,2026-03-11
4211040030104110002,강원도 춘천시 남산면 방하리 411-2,2026-03-11
4211040030104110000,강원도 춘천시 남산면 방하리 411,2026-03-11
4211040027105350001,강원도 춘천시 남산면 강촌리 535-1,2026-03-11
4211035030106680002,강원도 춘천시 서면 안보리 668-2,2026-03-11
4211040027105350000,강원도 춘천시 남산면 강촌리 535,2026-03-11
4211040030104110006,강원도 춘천시 남산면 방하리 411-6,2026-03-11
4211035030200090001,강원도 춘천시 서면 안보리 산9-1,2026-03-11
4211040030104120000,강원도 춘천시 남산면 방하리 412,2026-03-11
4211040028105980000,강원도 춘천시 남산면 서천리 598,2026-03-11
4211035030106640000,강원도 춘천시 서면 안보리 664,2026-03-11
4211040030104110003,강원도 춘천시 남산면 방하리 411-3,2026-03-11
4211040030101670000,강원도 춘천시 남산면 방하리 167,2026-03-11
4211035030106600000,강원도 춘천시 서면 안보리 660,2026-03-11
4211040027105360001,강원도 춘천시 남산면 강촌리 536-1,2026-03-11
4211040030104110005,강원도 춘천시 남산면 방하리 411-5,2026-03-11
4211035030100340010,강원도 춘천시 서면 안보리 34-10,2026-03-11
4211035030100350001,강원도 춘천시 서면 안보리 35-1,2026-03-11
4211035030100340001,강원도 춘천시 서면 안보리 34-1,2026-03-11
4211040030101670001,강원도 춘천시 남산면 방하리 167-1,2026-03-11
4183033027100170003,경기도 양평군 양서면 대심리 17-3,2026-03-11
4136036021105540000,경기도 남양주시 조안면 능내리 554,2026-03-11
4136036021102660002,경기도 남양주시 조안면 능내리 266-2,2026-03-11
4136036021102660000,경기도 남양주시 조안면 능내리 266,2026-03-11
4136036021102660001,경기도 남양주시 조안면 능내리 266-1,2026-03-11
4136036021102720000,경기도 남양주시 조안면 능내리 272,2026-03-11
4136036025104040001,경기도 남양주시 조안면 삼봉리 404-1,2026-03-11
4136036021102710000,경기도 남양주시 조안면 능내리 271,2026-03-11
4136036021105030003,경기도 남양주시 조안면 능내리 503-3,2026-03-11
4146110500104070001,경기도 용인시 처인구 유방동 407-1,2026-03-11
4146110500104060002,경기도 용인시 처인구 유방동 406-2,2026-03-11
4146110500101910002,경기도 용인시 처인구 유방동 191-2,2026-03-11
4146110500101910003,경기도 용인시 처인구 유방동 191-3,2026-03-11
4146110500101910001,경기도 용인시 처인구 유방동 191-1,2026-03-11
4146110900103140005,경기도 용인시 처인구 호동 314-5,2026-03-11
4146110900103140001,경기도 용인시 처인구 호동 314-1,2026-03-11
4146110900103170000,경기도 용인시 처인구 호동 317,2026-03-11
4146110900100930010,경기도 용인시 처인구 호동 93-10,2026-03-11
4146110900102230000,경기도 용인시 처인구 호동 223,2026-03-11
4146110900102250006,경기도 용인시 처인구 호동 225-6,2026-03-11
4146110900100280000,경기도 용인시 처인구 호동 28,2026-03-11
4146110900102600003,경기도 용인시 처인구 호동 260-3,2026-03-11
4146110900102600004,경기도 용인시 처인구 호동 260-4,2026-03-11
4161034021101680003,경기도 광주시 퇴촌면 광동리 168-3,2026-03-11
4161034021101680004,경기도 광주시 퇴촌면 광동리 168-4,2026-03-11
4161034028100660000,경기도 광주시 퇴촌면 무수리 66,2026-03-11
4161034028101140000,경기도 광주시 퇴촌면 무수리 114,2026-03-11
4161034028101160000,경기도 광주시 퇴촌면 무수리 116,2026-03-11
4161034028101170000,경기도 광주시 퇴촌면 무수리 117,2026-03-11
4161034028101180002,경기도 광주시 퇴촌면 무수리 118-2,2026-03-11
4167033026104000000,경기도 여주시 금사면 전북리 400,2026-03-11
4167033030101910005,경기도 여주시 금사면 금사리 191-5,2026-03-11
4167033030101980004,경기도 여주시 금사면 금사리 198-4,2026-03-11
4167033030101980005,경기도 여주시 금사면 금사리 198-5,2026-03-11
4167033030101900003,경기도 여주시 금사면 금사리 190-3,2026-03-11
4167033030101890000,경기도 여주시 금사면 금사리 189,2026-03-11
4167033030101980003,경기도 여주시 금사면 금사리 198-3,2026-03-11
4167033030100340001,경기도 여주시 금사면 금사리 34-1,2026-03-11
4167033030100040000,경기도 여주시 금사면 금사리 4,2026-03-11
4167033031100620019,경기도 여주시 금사면 외평리 62-19,2026-03-11
4167035022102780091,경기도 여주시 대신면 당산리 278-91,2026-03-11
4167010500100010004,경기도 여주시 단현동 1-4,2026-03-11
4167010500101470000,경기도 여주시 단현동 147,2026-03-11
4167010600100100013,경기도 여주시 신진동 10-13,2026-03-11
4167031033101370002,경기도 여주시 점동면 도리 137-2,2026-03-11
4167035034102200000,경기도 여주시 대신면 천서리 220,2026-03-11
4167035034102120000,경기도 여주시 대신면 천서리 212,2026-03-11
4167035022103790002,경기도 여주시 대신면 당산리 379-2,2026-03-11
4167035022101380002,경기도 여주시 대신면 당산리 138-2,2026-03-11
4167035022102780042,경기도 여주시 대신면 당산리 278-42,2026-03-11
4167035023105710003,경기도 여주시 대신면 가산리 571-3,2026-03-11
4167035022102780043,경기도 여주시 대신면 당산리 278-43,2026-03-11
4167035022102780041,경기도 여주시 대신면 당산리 278-41,2026-03-11
4167035022101500003,경기도 여주시 대신면 당산리 150-3,2026-03-11
4167035022103810000,경기도 여주시 대신면 당산리 381,2026-03-11
4167032022101090001,경기도 여주시 흥천면 계신리 109-1,2026-03-11
4167032022101090002,경기도 여주시 흥천면 계신리 109-2,2026-03-11
4167032022101110000,경기도 여주시 흥천면 계신리 111,2026-03-11
4167032022101840002,경기도 여주시 흥천면 계신리 184-2,2026-03-11
4182025033100830006,경기도 가평군 가평읍 복장리 83-6,2026-03-11
4167033031200280008,경기도 여주시 금사면 외평리 산28-8,2026-03-11
4167033031200280007,경기도 여주시 금사면 외평리 산28-7,2026-03-11
4167035036103400000,경기도 여주시 대신면 보통리 340,2026-03-11
4167035036103420002,경기도 여주시 대신면 보통리 342-2,2026-03-11
4167035034105910002,경기도 여주시 대신면 천서리 591-2,2026-03-11
4167035034105910000,경기도 여주시 대신면 천서리 591,2026-03-11
4167035034105910001,경기도 여주시 대신면 천서리 591-1,2026-03-11
4167035034102090000,경기도 여주시 대신면 천서리 209,2026-03-11
4167035036104090000,경기도 여주시 대신면 보통리 409,2026-03-11
4167035034102100000,경기도 여주시 대신면 천서리 210,2026-03-11
4167032022103630000,경기도 여주시 흥천면 계신리 363,2026-03-11
4167031033101370006,경기도 여주시 점동면 도리 137-6,2026-03-11
4167035039102990003,경기도 여주시 대신면 양촌리 299-3,2026-03-11
4167035034102110000,경기도 여주시 대신면 천서리 211,2026-03-11
4167035039102990004,경기도 여주시 대신면 양촌리 299-4,2026-03-11
4182032525103400015,경기도 가평군 청평면 호명리 340-15,2026-03-11
4182032525102870012,경기도 가평군 청평면 호명리 287-12,2026-03-11
4182032525102870014,경기도 가평군 청평면 호명리 287-14,2026-03-11
4182032526107340000,경기도 가평군 청평면 고성리 734,2026-03-11
4182032526105030015,경기도 가평군 청평면 고성리 503-15,2026-03-11
4182032526105030014,경기도 가평군 청평면 고성리 503-14,2026-03-11
4182032524201120007,경기도 가평군 청평면 대성리 산112-7,2026-03-11
4182032526105030013,경기도 가평군 청평면 고성리 503-13,2026-03-11
4182031023103320003,경기도 가평군 설악면 회곡리 332-3,2026-03-11
4182031023103320002,경기도 가평군 설악면 회곡리 332-2,2026-03-11
4182025033100830001,경기도 가평군 가평읍 복장리 83-1,2026-03-11
4182025032100180004,경기도 가평군 가평읍 산유리 18-4,2026-03-11
4182025034101580000,경기도 가평군 가평읍 금대리 158,2026-03-11
4182025034200440000,경기도 가평군 가평읍 금대리 산44,2026-03-11
4183041021103190000,경기도 양평군 개군면 하자포리 319,2026-03-11
4183025031105020007,경기도 양평군 양평읍 회현리 502-7,2026-03-11
4183025031105020009,경기도 양평군 양평읍 회현리 502-9,2026-03-11
4183025031105030004,경기도 양평군 양평읍 회현리 503-4,2026-03-11
4183034024103580004,경기도 양평군 옥천면 아신리 358-4,2026-03-11
4183034024103580001,경기도 양평군 옥천면 아신리 358-1,2026-03-11
4183033027100530009,경기도 양평군 양서면 대심리 53-9,2026-03-11
4183033027100530051,경기도 양평군 양서면 대심리 53-51,2026-03-11
4183035021105920083,경기도 양평군 서종면 문호리 592-83,2026-03-11
4183033021103090001,경기도 양평군 양서면 양수리 309-1,2026-03-11
4183025022102580009,경기도 양평군 양평읍 오빈리 258-9,2026-03-11
4183033021103100001,경기도 양평군 양서면 양수리 310-1,2026-03-11
4183033021103100000,경기도 양평군 양서면 양수리 310,2026-03-11
4183033021103090000,경기도 양평군 양서면 양수리 309,2026-03-11
4183033027100590057,경기도 양평군 양서면 대심리 59-57,2026-03-11
4183033027100520001,경기도 양평군 양서면 대심리 52-1,2026-03-11
4183033029101910001,경기도 양평군 양서면 복포리 191-1,2026-03-11
4183033029101910002,경기도 양평군 양서면 복포리 191-2,2026-03-11
4183032026105300020,경기도 양평군 강하면 전수리 530-20,2026-03-11
4183033027100690060,경기도 양평군 양서면 대심리 69-60,2026-03-11
4183031023101910000,경기도 양평군 강상면 교평리 191,2026-03-11
4183041033103520000,경기도 양평군 개군면 상자포리 352,2026-03-11
4183034024103580003,경기도 양평군 옥천면 아신리 358-3,2026-03-11
4183041021103180000,경기도 양평군 개군면 하자포리 318,2026-03-11
4183041021103200000,경기도 양평군 개군면 하자포리 320,2026-03-11
4183025031105020008,경기도 양평군 양평읍 회현리 502-8,2026-03-11
4183033027100690124,경기도 양평군 양서면 대심리 69-124,2026-03-11
4183033027100970002,경기도 양평군 양서면 대심리 97-2,2026-03-11
4183031026100060004,경기도 양평군 강상면 세월리 6-4,2026-03-11
4211040030101490000,강원도 춘천시 남산면 방하리 149,2026-03-11
4211035029103160001,강원도 춘천시 서면 당림리 316-1,2026-03-11
4211040028103220003,강원도 춘천시 남산면 서천리 322-3,2026-03-11
4211040027106450009,강원도 춘천시 남산면 강촌리 645-9,2026-03-11
4211040028103060000,강원도 춘천시 남산면 서천리 306,2026-03-11
4211040028105410022,강원도 춘천시 남산면 서천리 541-22,2026-03-11
4211040028103220000,강원도 춘천시 남산면 서천리 322,2026-03-11
4211040030101490002,강원도 춘천시 남산면 방하리 149-2,2026-03-11
4211040028103220002,강원도 춘천시 남산면 서천리 322-2,2026-03-11
4211035030105180006,강원도 춘천시 서면 안보리 518-6,2026-03-11
4211040028103220004,강원도 춘천시 남산면 서천리 322-4,2026-03-11
4211035030101380003,강원도 춘천시 서면 안보리 138-3,2026-03-11
4211040028103730000,강원도 춘천시 남산면 서천리 373,2026-03-11
4211040028105410032,강원도 춘천시 남산면 서천리 541-32,2026-03-11
4211040028104780000,강원도 춘천시 남산면 서천리 478,2026-03-11
4211035030101430001,강원도 춘천시 서면 안보리 143-1,2026-03-11
4211035029103160004,강원도 춘천시 서면 당림리 316-4,2026-03-11
4211035030101430000,강원도 춘천시 서면 안보리 143,2026-03-11
4211040028106250014,강원도 춘천시 남산면 서천리 625-14,2026-03-11
4211040028106250003,강원도 춘천시 남산면 서천리 625-3,2026-03-11
4211040030101790014,강원도 춘천시 남산면 방하리 179-14,2026-03-11
4211040030101790015,강원도 춘천시 남산면 방하리 179-15,2026-03-11
4213035021115200013,강원도 원주시 부론면 법천리 1520-13,2026-03-11
4213035021115200014,강원도 원주시 부론면 법천리 1520-14,2026-03-11
4213035021111560000,강원도 원주시 부론면 법천리 1156,2026-03-11
4313038524105700000,충청북도 충주시 중앙탑면 장천리 570,2026-03-11
4182031023103310013,경기도 가평군 설악면 회곡리 331-13,2026-03-11
4146110400102830002,경기도 용인시 처인구 남동 283-2,2026-03-11
4146125323200870013,경기도 용인시 처인구 모현읍 초부리 산87-13,2026-03-11
4161025025101550019,경기도 광주시 오포읍 추자리 155-19,2026-03-11
4161025025101550011,경기도 광주시 오포읍 추자리 155-11,2026-03-11
4183035021105840002,경기도 양평군 서종면 문호리 584-2,2026-03-11
4183035021105840001,경기도 양평군 서종면 문호리 584-1,2026-03-11
4183035021105840010,경기도 양평군 서종면 문호리 584-10,2026-03-11
4183033027101230020,경기도 양평군 양서면 대심리 123-20,2026-03-11
4183033027101280007,경기도 양평군 양서면 대심리 128-7,2026-03-11
4183035021105840014,경기도 양평군 서종면 문호리 584-14,2026-03-11
4183035021105840004,경기도 양평군 서종면 문호리 584-4,2026-03-11
4183035021105840015,경기도 양평군 서종면 문호리 584-15,2026-03-11
4183031026100060025,경기도 양평군 강상면 세월리 6-25,2026-03-11
4211040028102870023,강원도 춘천시 남산면 서천리 287-23,2026-03-11
4211040028106390001,강원도 춘천시 남산면 서천리 639-1,2026-03-11
4211040028106380005,강원도 춘천시 남산면 서천리 638-5,2026-03-11
4211040028102870008,강원도 춘천시 남산면 서천리 287-8,2026-03-11
4211040027105270007,강원도 춘천시 남산면 강촌리 527-7,2026-03-11
4211040027105270011,강원도 춘천시 남산면 강촌리 527-11,2026-03-11
4211040027200850003,강원도 춘천시 남산면 강촌리 산85-3,2026-03-11
4211040027106990019,강원도 춘천시 남산면 강촌리 699-19,2026-03-11
4211040028106390003,강원도 춘천시 남산면 서천리 639-3,2026-03-11
4211040030103170000,강원도 춘천시 남산면 방하리 317,2026-03-11
4211035030101420003,강원도 춘천시 서면 안보리 142-3,2026-03-11
4211035030101570000,강원도 춘천시 서면 안보리 157,2026-03-11
4211035030101570005,강원도 춘천시 서면 안보리 157-5,2026-03-11
4211035030101200001,강원도 춘천시 서면 안보리 120-1,2026-03-11
4211040028105020000,강원도 춘천시 남산면 서천리 502,2026-03-11
4211040030103150000,강원도 춘천시 남산면 방하리 315,2026-03-11
4211040030103160000,강원도 춘천시 남산면 방하리 316,2026-03-11
4211035030106550000,강원도 춘천시 서면 안보리 655,2026-03-11
4211040027101680004,강원도 춘천시 남산면 강촌리 168-4,2026-03-11
4211035030101170000,강원도 춘천시 서면 안보리 117,2026-03-11
4211035030101420005,강원도 춘천시 서면 안보리 142-5,2026-03-11
4211040027105390004,강원도 춘천시 남산면 강촌리 539-4,2026-03-11
4211035030101190002,강원도 춘천시 서면 안보리 119-2,2026-03-11
4211040027105270010,강원도 춘천시 남산면 강촌리 527-10,2026-03-11
4211040028106850000,강원도 춘천시 남산면 서천리 685,2026-03-11
4211040027105330000,강원도 춘천시 남산면 강촌리 533,2026-03-11
4211040027105390005,강원도 춘천시 남산면 강촌리 539-5,2026-03-11
4211035030101370000,강원도 춘천시 서면 안보리 137,2026-03-11
4211035030101420004,강원도 춘천시 서면 안보리 142-4,2026-03-11
4211035030101380002,강원도 춘천시 서면 안보리 138-2,2026-03-11
4211035030107720001,강원도 춘천시 서면 안보리 772-1,2026-03-11
4211040028106390002,강원도 춘천시 남산면 서천리 639-2,2026-03-11
4211035030101380001,강원도 춘천시 서면 안보리 138-1,2026-03-11
4211035030101160003,강원도 춘천시 서면 안보리 116-3,2026-03-11
4211040027105280000,강원도 춘천시 남산면 강촌리 528,2026-03-11
4211040027105270009,강원도 춘천시 남산면 강촌리 527-9,2026-03-11
4211040027105300002,강원도 춘천시 남산면 강촌리 530-2,2026-03-11
4211040027105290000,강원도 춘천시 남산면 강촌리 529,2026-03-11
4211035030101190001,강원도 춘천시 서면 안보리 119-1,2026-03-11
4211040027105270008,강원도 춘천시 남산면 강촌리 527-8,2026-03-11
4211035030101150000,강원도 춘천시 서면 안보리 115,2026-03-11
4211040027106990018,강원도 춘천시 남산면 강촌리 699-18,2026-03-11
4211040030103770020,강원도 춘천시 남산면 방하리 377-20,2026-03-11
4211035030101370001,강원도 춘천시 서면 안보리 137-1,2026-03-11
4211040027200850004,강원도 춘천시 남산면 강촌리 산85-4,2026-03-11
4211040030103720012,강원도 춘천시 남산면 방하리 372-12,2026-03-11
4211040030103770001,강원도 춘천시 남산면 방하리 377-1,2026-03-11
4211040030103720013,강원도 춘천시 남산면 방하리 372-13,2026-03-11
4211040030103770019,강원도 춘천시 남산면 방하리 377-19,2026-03-11
4211040030103720011,강원도 춘천시 남산면 방하리 372-11,2026-03-11
4211040030103770022,강원도 춘천시 남산면 방하리 377-22,2026-03-11
4211040030103770003,강원도 춘천시 남산면 방하리 377-3,2026-03-11
4211040030103770012,강원도 춘천시 남산면 방하리 377-12,2026-03-11
4211040030103770021,강원도 춘천시 남산면 방하리 377-21,2026-03-11
4211040030103770011,강원도 춘천시 남산면 방하리 377-11,2026-03-11
4211040030103760001,강원도 춘천시 남산면 방하리 376-1,2026-03-11
4211040030103770002,강원도 춘천시 남산면 방하리 377-2,2026-03-11
4211040030103770015,강원도 춘천시 남산면 방하리 377-15,2026-03-11
4211040027105320000,강원도 춘천시 남산면 강촌리 532,2026-03-11
4211040027105300003,강원도 춘천시 남산면 강촌리 530-3,2026-03-11
4211040027105390001,강원도 춘천시 남산면 강촌리 539-1,2026-03-11
4211040027105390003,강원도 춘천시 남산면 강촌리 539-3,2026-03-11
4211040027105260000,강원도 춘천시 남산면 강촌리 526,2026-03-11
4211040027106990011,강원도 춘천시 남산면 강촌리 699-11,2026-03-11
4211040030100550001,강원도 춘천시 남산면 방하리 55-1,2026-03-11
4211040027105380001,강원도 춘천시 남산면 강촌리 538-1,2026-03-11
4211040028106160005,강원도 춘천시 남산면 서천리 616-5,2026-03-11
4211040027105270000,강원도 춘천시 남산면 강촌리 527,2026-03-11
4211040028103220005,강원도 춘천시 남산면 서천리 322-5,2026-03-11
4211040027105970002,강원도 춘천시 남산면 강촌리 597-2,2026-03-11
4211040027105910006,강원도 춘천시 남산면 강촌리 591-6,2026-03-11
4213035021115200012,강원도 원주시 부론면 법천리 1520-12,2026-03-11
4136036025106300002,경기도 남양주시 조안면 삼봉리 630-2,2026-03-11
4136036024109010000,경기도 남양주시 조안면 송촌리 901,2026-03-11
4136025625106300029,경기도 남양주시 화도읍 금남리 630-29,2026-03-11
4136036022101290000,경기도 남양주시 조안면 조안리 129,2026-03-11
4136025625106300032,경기도 남양주시 화도읍 금남리 630-32,2026-03-11
4136036025106300005,경기도 남양주시 조안면 삼봉리 630-5,2026-03-11
4136036025106300001,경기도 남양주시 조안면 삼봉리 630-1,2026-03-11
4146125024100920000,경기도 용인시 처인구 포곡읍 영문리 92,2026-03-11
4146125024100810001,경기도 용인시 처인구 포곡읍 영문리 81-1,2026-03-11
4146125024100800000,경기도 용인시 처인구 포곡읍 영문리 80,2026-03-11
4146125324100030005,경기도 용인시 처인구 모현읍 일산리 3-5,2026-03-11
4146110900103520006,경기도 용인시 처인구 호동 352-6,2026-03-11
4146110800104400000,경기도 용인시 처인구 운학동 440,2026-03-11
4146110800104390001,경기도 용인시 처인구 운학동 439-1,2026-03-11
4146110800106110000,경기도 용인시 처인구 운학동 611,2026-03-11
4146110900101270001,경기도 용인시 처인구 호동 127-1,2026-03-11
4146111000102710002,경기도 용인시 처인구 해곡동 271-2,2026-03-11
4146111000102760000,경기도 용인시 처인구 해곡동 276,2026-03-11
4146111000102750000,경기도 용인시 처인구 해곡동 275,2026-03-11
4146125024100930000,경기도 용인시 처인구 포곡읍 영문리 93,2026-03-11
4146110900200610000,경기도 용인시 처인구 호동 산61,2026-03-11
4146110800104110002,경기도 용인시 처인구 운학동 411-2,2026-03-11
4146110800104110007,경기도 용인시 처인구 운학동 411-7,2026-03-11
4146110900103520007,경기도 용인시 처인구 호동 352-7,2026-03-11
4146110900103520001,경기도 용인시 처인구 호동 352-1,2026-03-11
4146111000102830002,경기도 용인시 처인구 해곡동 283-2,2026-03-11
4146110800104310005,경기도 용인시 처인구 운학동 431-5,2026-03-11
4146110800104320001,경기도 용인시 처인구 운학동 432-1,2026-03-11
4161011800101700000,경기도 광주시 추자동 170,2026-03-11
4161011800102470000,경기도 광주시 오포읍 추자리 247,2026-03-11
4161025329100050001,경기도 광주시 초월읍 지월리 5-1,2026-03-11
4161025329100060000,경기도 광주시 초월읍 지월리 6,2026-03-11
4161025329100060001,경기도 광주시 초월읍 지월리 6-1,2026-03-11
4161025329100060002,경기도 광주시 초월읍 지월리 6-2,2026-03-11
4161025329100070000,경기도 광주시 초월읍 지월리 7,2026-03-11
4161025329100020001,경기도 광주시 초월읍 지월리 2-1,2026-03-11
4161025329100070001,경기도 광주시 초월읍 지월리 7-1,2026-03-11
4161025329100040000,경기도 광주시 초월읍 지월리 4,2026-03-11
4161025329100040001,경기도 광주시 초월읍 지월리 4-1,2026-03-11
4161025329100070002,경기도 광주시 초월읍 지월리 7-2,2026-03-11
4161025329100050000,경기도 광주시 초월읍 지월리 5,2026-03-11
4161025329100080000,경기도 광주시 초월읍 지월리 8,2026-03-11
4161034021101680010,경기도 광주시 퇴촌면 광동리 168-10,2026-03-11
4161034021101680002,경기도 광주시 퇴촌면 광동리 168-2,2026-03-11
4161035025101530000,경기도 광주시 남종면 귀여리 153,2026-03-11
4161035025106110002,경기도 광주시 남종면 귀여리 611-2,2026-03-11
4161034029200650000,경기도 광주시 퇴촌면 원당리 산65,2026-03-11
4161035022100960001,경기도 광주시 남종면 금사리 96-1,2026-03-11
4161035022100960002,경기도 광주시 남종면 금사리 96-2,2026-03-11
4161011800102580000,경기도 광주시 추자동 258,2026-03-11
4161011800101650003,경기도 광주시 오포읍 추자리 165-3,2026-03-11
4161035024101400000,경기도 광주시 남종면 삼성리 140,2026-03-11
4161034021101680006,경기도 광주시 퇴촌면 광동리 168-6,2026-03-11
4167010400101110005,경기도 여주시 우만동 111-5,2026-03-11
4167031032100100001,경기도 여주시 점동면 삼합리 10-1,2026-03-11
4167035022102800002,경기도 여주시 대신면 당산리 280-2,2026-03-11
4167035022102800000,경기도 여주시 대신면 당산리 280,2026-03-11
4167035022102800001,경기도 여주시 대신면 당산리 280-1,2026-03-11
4167035022102800004,경기도 여주시 대신면 당산리 280-4,2026-03-11
4167035022102760005,경기도 여주시 대신면 당산리 276-5,2026-03-11
4167035022102800010,경기도 여주시 대신면 당산리 280-10,2026-03-11
4167035022102800005,경기도 여주시 대신면 당산리 280-5,2026-03-11
4182032524102890005,경기도 가평군 청평면 대성리 289-5,2026-03-11
4167035022102800003,경기도 여주시 대신면 당산리 280-3,2026-03-11
4167035022101100140,경기도 여주시 대신면 당산리 110-140,2026-03-11
4167035022102800006,경기도 여주시 대신면 당산리 280-6,2026-03-11
4167035022102800008,경기도 여주시 대신면 당산리 280-8,2026-03-11
4167035022103670008,경기도 여주시 대신면 당산리 367-8,2026-03-11
4167032021103420001,경기도 여주시 흥천면 복대리 342-1,2026-03-11
4167032022101590000,경기도 여주시 흥천면 계신리 159,2026-03-11
4167032022101780000,경기도 여주시 흥천면 계신리 178,2026-03-11
4167032022101600001,경기도 여주시 흥천면 계신리 160-1,2026-03-11
4167035022100960002,경기도 여주시 대신면 당산리 96-2,2026-03-11
4167032022101090003,경기도 여주시 흥천면 계신리 109-3,2026-03-11
4167032021103420000,경기도 여주시 흥천면 복대리 342,2026-03-11
4167032022102590000,경기도 여주시 흥천면 계신리 259,2026-03-11
4167032022102580000,경기도 여주시 흥천면 계신리 258,2026-03-11
4167032022102210000,경기도 여주시 흥천면 계신리 221,2026-03-11
4167033026103530000,경기도 여주시 금사면 전북리 353,2026-03-11
4167035022102760055,경기도 여주시 대신면 당산리 276-55,2026-03-11
4167035039102990002,경기도 여주시 대신면 양촌리 299-2,2026-03-11
4167035034102720004,경기도 여주시 대신면 천서리 272-4,2026-03-11
4167033026102970014,경기도 여주시 금사면 전북리 297-14,2026-03-11
4167035022102800009,경기도 여주시 대신면 당산리 280-9,2026-03-11
4167010500100730025,경기도 여주시 단현동 73-25,2026-03-11
4167032022103120002,경기도 여주시 흥천면 계신리 312-2,2026-03-11
4167033030100470005,경기도 여주시 금사면 금사리 47-5,2026-03-11
4167035022102800011,경기도 여주시 대신면 당산리 280-11,2026-03-11
4167033026102980001,경기도 여주시 금사면 전북리 298-1,2026-03-11
4167010400101120000,경기도 여주시 우만동 112,2026-03-11
4167010400101140000,경기도 여주시 우만동 114,2026-03-11
4167010400101150000,경기도 여주시 우만동 115,2026-03-11
4167035022102760004,경기도 여주시 대신면 당산리 276-4,2026-03-11
4167035022100730001,경기도 여주시 대신면 당산리 73-1,2026-03-11
4182032527102600061,경기도 가평군 청평면 삼회리 260-61,2026-03-11
4182032527102600022,경기도 가평군 청평면 삼회리 260-22,2026-03-11
4182032527104700029,경기도 가평군 청평면 삼회리 470-29,2026-03-11
4182032527104700018,경기도 가평군 청평면 삼회리 470-18,2026-03-11
4182032524103210120,경기도 가평군 청평면 대성리 321-120,2026-03-11
4182032524103210119,경기도 가평군 청평면 대성리 321-119,2026-03-11
4182032524103210117,경기도 가평군 청평면 대성리 321-117,2026-03-11
4182032524103210079,경기도 가평군 청평면 대성리 321-79,2026-03-11
4182032524103210071,경기도 가평군 청평면 대성리 321-71,2026-03-11
4182032525201150000,경기도 가평군 청평면 호명리 산115,2026-03-11
4182032525201220002,경기도 가평군 청평면 호명리 산122-2,2026-03-11
4182032526103030000,경기도 가평군 청평면 고성리 303,2026-03-11
4182032526105780018,경기도 가평군 청평면 고성리 578-18,2026-03-11
4182032524103210078,경기도 가평군 청평면 대성리 321-78,2026-03-11
4182032526103630000,경기도 가평군 청평면 고성리 363,2026-03-11
4182032526105780017,경기도 가평군 청평면 고성리 578-17,2026-03-11
4182032527102600085,경기도 가평군 청평면 삼회리 260-85,2026-03-11
4182025034100560007,경기도 가평군 가평읍 금대리 56-7,2026-03-11
4182025033100800008,경기도 가평군 가평읍 복장리 80-8,2026-03-11
4182025034102850000,경기도 가평군 가평읍 금대리 285,2026-03-11
4182025034102850001,경기도 가평군 가평읍 금대리 285-1,2026-03-11
4182025034102850010,경기도 가평군 가평읍 금대리 285-10,2026-03-11
4182025034102850012,경기도 가평군 가평읍 금대리 285-12,2026-03-11
4182025034102850013,경기도 가평군 가평읍 금대리 285-13,2026-03-11
4182025034102850015,경기도 가평군 가평읍 금대리 285-15,2026-03-11
4182025034102850016,경기도 가평군 가평읍 금대리 285-16,2026-03-11
4182025034102520001,경기도 가평군 가평읍 금대리 252-1,2026-03-11
4182025034102520002,경기도 가평군 가평읍 금대리 252-2,2026-03-11
4182025034102520003,경기도 가평군 가평읍 금대리 252-3,2026-03-11
4182025034102850009,경기도 가평군 가평읍 금대리 285-9,2026-03-11
4182025034102850011,경기도 가평군 가평읍 금대리 285-11,2026-03-11
4182025034102850014,경기도 가평군 가평읍 금대리 285-14,2026-03-11
4182025034101810000,경기도 가평군 가평읍 금대리 181,2026-03-11
4182025034101740000,경기도 가평군 가평읍 금대리 174,2026-03-11
4182025034101760000,경기도 가평군 가평읍 금대리 176,2026-03-11
4182025034100550091,경기도 가평군 가평읍 금대리 55-91,2026-03-11
4182025034100550076,경기도 가평군 가평읍 금대리 55-76,2026-03-11
4182025034100550025,경기도 가평군 가평읍 금대리 55-25,2026-03-11
4182025034100550084,경기도 가평군 가평읍 금대리 55-84,2026-03-11
4182025034101040008,경기도 가평군 가평읍 금대리 104-8,2026-03-11
4182025034101050000,경기도 가평군 가평읍 금대리 105,2026-03-11
4182025034100550048,경기도 가평군 가평읍 금대리 55-48,2026-03-11
4182025034101730000,경기도 가평군 가평읍 금대리 173,2026-03-11
4182025034101770000,경기도 가평군 가평읍 금대리 177,2026-03-11
4182025034101010002,경기도 가평군 가평읍 금대리 101-2,2026-03-11
4182025034101010001,경기도 가평군 가평읍 금대리 101-1,2026-03-11
4182025034101010003,경기도 가평군 가평읍 금대리 101-3,2026-03-11
4182025034101040002,경기도 가평군 가평읍 금대리 104-2,2026-03-11
4182032527104700031,경기도 가평군 청평면 삼회리 470-31,2026-03-11
4182032527104700010,경기도 가평군 청평면 삼회리 470-10,2026-03-11
4182032527200390001,경기도 가평군 청평면 삼회리 산39-1,2026-03-11
4182025034100560011,경기도 가평군 가평읍 금대리 56-11,2026-03-11
4182025034101040001,경기도 가평군 가평읍 금대리 104-1,2026-03-11
4183025031200880003,경기도 양평군 양평읍 회현리 산88-3,2026-03-11
4183034024105110001,경기도 양평군 옥천면 아신리 511-1,2026-03-11
4183041033103320001,경기도 양평군 개군면 상자포리 332-1,2026-03-11
4183041021101080000,경기도 양평군 개군면 하자포리 108,2026-03-11
4183041033103320000,경기도 양평군 개군면 상자포리 332,2026-03-11
4183041033102600002,경기도 양평군 개군면 상자포리 260-2,2026-03-11
4183033022101450000,경기도 양평군 양서면 용담리 145,2026-03-11
4183025031104930010,경기도 양평군 양평읍 회현리 493-10,2026-03-11
4183025031102840000,경기도 양평군 양평읍 회현리 284,2026-03-11
4183035021105840012,경기도 양평군 서종면 문호리 584-12,2026-03-11
4183035028107570000,경기도 양평군 서종면 수입리 757,2026-03-11
4183031021100070004,경기도 양평군 강상면 병산리 7-4,2026-03-11
4183034024108490001,경기도 양평군 옥천면 아신리 849-1,2026-03-11
4183035021105920087,경기도 양평군 서종면 문호리 592-87,2026-03-11
4183035021105840011,경기도 양평군 서종면 문호리 584-11,2026-03-11
4183035021105840018,경기도 양평군 서종면 문호리 584-18,2026-03-11
4183033023106210004,경기도 양평군 양서면 부용리 621-4,2026-03-11
4183035021105840013,경기도 양평군 서종면 문호리 584-13,2026-03-11
4183033021101530002,경기도 양평군 양서면 양수리 153-2,2026-03-11
4183031021100120001,경기도 양평군 강상면 병산리 12-1,2026-03-11
4183041033103560005,경기도 양평군 개군면 상자포리 356-5,2026-03-11
4183033029100940002,경기도 양평군 양서면 복포리 94-2,2026-03-11
4183033029100930006,경기도 양평군 양서면 복포리 93-6,2026-03-11
4183033027102650001,경기도 양평군 양서면 대심리 265-1,2026-03-11
4183032026104760008,경기도 양평군 강하면 전수리 476-8,2026-03-11
4183041033102600003,경기도 양평군 개군면 상자포리 260-3,2026-03-11
4183025031106100120,경기도 양평군 양평읍 회현리 610-120,2026-03-11
4183025031102980002,경기도 양평군 양평읍 회현리 298-2,2026-03-11
4183025031103420000,경기도 양평군 양평읍 회현리 342,2026-03-11
4183041022100270004,경기도 양평군 개군면 구미리 27-4,2026-03-11
4183041022100270005,경기도 양평군 개군면 구미리 27-5,2026-03-11
4183025031105750004,경기도 양평군 양평읍 회현리 575-4,2026-03-11
4183025031102980001,경기도 양평군 양평읍 회현리 298-1,2026-03-11
4183025031102900000,경기도 양평군 양평읍 회현리 290,2026-03-11
4183041033102490010,경기도 양평군 개군면 상자포리 249-10,2026-03-11
4183031021102440035,경기도 양평군 강상면 병산리 244-35,2026-03-11
4183031023102040002,경기도 양평군 강상면 교평리 204-2,2026-03-11
4183031021100070006,경기도 양평군 강상면 병산리 7-6,2026-03-11
4183031021100120002,경기도 양평군 강상면 병산리 12-2,2026-03-11
4183031021100070001,경기도 양평군 강상면 병산리 7-1,2026-03-11
4183041033102890002,경기도 양평군 개군면 상자포리 289-2,2026-03-11
4183041021101430001,경기도 양평군 개군면 하자포리 143-1,2026-03-11
4183035021105840019,경기도 양평군 서종면 문호리 584-19,2026-03-11
4183035021105840020,경기도 양평군 서종면 문호리 584-20,2026-03-11
4183031026100050007,경기도 양평군 강상면 세월리 5-7,2026-03-11
4183031021102440008,경기도 양평군 강상면 병산리 244-8,2026-03-11
4183031023101870000,경기도 양평군 강상면 교평리 187,2026-03-11
4183025031102980004,경기도 양평군 양평읍 회현리 298-4,2026-03-11
4183025031102980003,경기도 양평군 양평읍 회현리 298-3,2026-03-11
4183033027100510035,경기도 양평군 양서면 대심리 51-35,2026-03-11
4183025031104930028,경기도 양평군 양평읍 회현리 493-28,2026-03-11
4313043023103090007,충북 충주시 소태면 덕은리 309-7,2026-03-11
4313043023103090016,충북 충주시 소태면 덕은리 309-16,2026-03-11
4313043023103090017,충북 충주시 소태면 덕은리 309-17,2026-03-11
4313043023103090018,충북 충주시 소태면 덕은리 309-18,2026-03-11
4313043023103090019,충북 충주시 소태면 덕은리 309-19,2026-03-11
4136036023100060002,경기도 남양주시 조안면 진중리 6-2,2026-03-11
4136036022104170000,경기도 남양주시 조안면 조안리 417,2026-03-11
4136036022104170001,경기도 남양주시 조안면 조안리 417-1,2026-03-11
4136036022103800000,경기도 남양주시 조안면 조안리 380,2026-03-11
4136036021102640000,경기도 남양주시 조안면 능내리 264,2026-03-11
4146110900200730000,경기도 용인시 처인구 호동 산73,2026-03-11
4146125023103500002,경기도 용인시 처인구 포곡읍 둔전리 350-2,2026-03-11
4146125324103860001,경기도 용인시 처인구 모현읍 일산리 386-1,2026-03-11
4146110900200890001,경기도 용인시 처인구 호동 산89-1,2026-03-11
4146110800104110004,경기도 용인시 처인구 운학동 411-4,2026-03-11
4146110800104080000,경기도 용인시 처인구 운학동 408,2026-03-11
4161025330106300012,경기도 광주시 초월읍 무갑리 630-12,2026-03-11
4161034021103540001,경기도 광주시 퇴촌면 광동리 354-1,2026-03-11
4161034021103420000,경기도 광주시 퇴촌면 광동리 342,2026-03-11
4161034028101050000,경기도 광주시 퇴촌면 무수리 105,2026-03-11
4161034028101040002,경기도 광주시 퇴촌면 무수리 104-2,2026-03-11
4161034028101150000,경기도 광주시 퇴촌면 무수리 115,2026-03-11
4161034028101150001,경기도 광주시 퇴촌면 무수리 115-1,2026-03-11
4161035022101730000,경기도 광주시 남종면 금사리 173,2026-03-11
4161025330106300013,경기도 광주시 초월읍 무갑리 630-13,2026-03-11
4161025330106300028,경기도 광주시 초월읍 무갑리 630-28,2026-03-11
4161025330106300034,경기도 광주시 초월읍 무갑리 630-34,2026-03-11
4161034021103600001,경기도 광주시 퇴촌면 광동리 360-1,2026-03-11
4161034028101060001,경기도 광주시 퇴촌면 무수리 106-1,2026-03-11
4161034028101060009,경기도 광주시 퇴촌면 무수리 106-9,2026-03-11
4161034028101060002,경기도 광주시 퇴촌면 무수리 106-2,2026-03-11
4167033030100850005,경기도 여주시 금사면 금사리 85-5,2026-03-11
4167033030100850004,경기도 여주시 금사면 금사리 85-4,2026-03-11
4167033030100850003,경기도 여주시 금사면 금사리 85-3,2026-03-11
4167033030100850002,경기도 여주시 금사면 금사리 85-2,2026-03-11
4167033030100850001,경기도 여주시 금사면 금사리 85-1,2026-03-11
4167033030100850000,경기도 여주시 금사면 금사리 85,2026-03-11
4167033030100830000,경기도 여주시 금사면 금사리 83,2026-03-11
4167033030100820004,경기도 여주시 금사면 금사리 82-4,2026-03-11
4167033030100820003,경기도 여주시 금사면 금사리 82-3,2026-03-11
4167033030100820002,경기도 여주시 금사면 금사리 82-2,2026-03-11
4167035022100390008,경기도 여주시 대신면 당산리 39-8,2026-03-11
4167035022100390010,경기도 여주시 대신면 당산리 39-10,2026-03-11
4167035039103370001,경기도 여주시 대신면 양촌리 337-1,2026-03-11
4182032524100650014,경기도 가평군 청평면 대성리 65-14,2026-03-11
4182032524102880005,경기도 가평군 청평면 대성리 288-5,2026-03-11
4182032524102880001,경기도 가평군 청평면 대성리 288-1,2026-03-11
4182032524102880002,경기도 가평군 청평면 대성리 288-2,2026-03-11
4182032524102900001,경기도 가평군 청평면 대성리 290-1,2026-03-11
4182032524102900002,경기도 가평군 청평면 대성리 290-2,2026-03-11
4182032524102890002,경기도 가평군 청평면 대성리 289-2,2026-03-11
4182032524102880006,경기도 가평군 청평면 대성리 288-6,2026-03-11
4182032524102880007,경기도 가평군 청평면 대성리 288-7,2026-03-11
4182032524102880000,경기도 가평군 청평면 대성리 288,2026-03-11
4182032524102880003,경기도 가평군 청평면 대성리 288-3,2026-03-11
4182032524102890001,경기도 가평군 청평면 대성리 289-1,2026-03-11
4182032524100650011,경기도 가평군 청평면 대성리 65-11,2026-03-11
4182032526102000001,경기도 가평군 청평면 고성리 200-1,2026-03-11
4182032524102880004,경기도 가평군 청평면 대성리 288-4,2026-03-11
4182032524102890004,경기도 가평군 청평면 대성리 289-4,2026-03-11
4182032524102890006,경기도 가평군 청평면 대성리 289-6,2026-03-11
4182032526105030010,경기도 가평군 청평면 고성리 503-10,2026-03-11
4182025033100800017,경기도 가평군 가평읍 복장리 80-17,2026-03-11
4182025033100800067,경기도 가평군 가평읍 복장리 80-67,2026-03-11
4182025033100800086,경기도 가평군 가평읍 복장리 80-86,2026-03-11
4182025034101300003,경기도 가평군 가평읍 금대리 130-3,2026-03-11
4182025033105300000,경기도 가평군 가평읍 복장리 530,2026-03-11
4182025034100220005,경기도 가평군 가평읍 금대리 22-5,2026-03-11
4182025033104410000,경기도 가평군 가평읍 복장리 441,2026-03-11
4182025033104460001,경기도 가평군 가평읍 복장리 446-1,2026-03-11
4182025034100230011,경기도 가평군 가평읍 금대리 23-11,2026-03-11
4182025034100230006,경기도 가평군 가평읍 금대리 23-6,2026-03-11
4182025034100560009,경기도 가평군 가평읍 금대리 56-9,2026-03-11
4182025034100550019,경기도 가평군 가평읍 금대리 55-19,2026-03-11
4182025034100550016,경기도 가평군 가평읍 금대리 55-16,2026-03-11
4182025034101390011,경기도 가평군 가평읍 금대리 139-11,2026-03-11
4182025033104460005,경기도 가평군 가평읍 복장리 446-5,2026-03-11
4182025034100460010,경기도 가평군 가평읍 금대리 46-10,2026-03-11
4182025034100460011,경기도 가평군 가평읍 금대리 46-11,2026-03-11
4182025034100230008,경기도 가평군 가평읍 금대리 23-8,2026-03-11
4182025034100550017,경기도 가평군 가평읍 금대리 55-17,2026-03-11
4182025034100230010,경기도 가평군 가평읍 금대리 23-10,2026-03-11
4182025034100460013,경기도 가평군 가평읍 금대리 46-13,2026-03-11
4182025034100230013,경기도 가평군 가평읍 금대리 23-13,2026-03-11
4182025034100460014,경기도 가평군 가평읍 금대리 46-14,2026-03-11
4182025034100550153,경기도 가평군 가평읍 금대리 55-153,2026-03-11
4182032524100650012,경기도 가평군 청평면 대성리 65-12,2026-03-11
4182032524100650013,경기도 가평군 청평면 대성리 65-13,2026-03-11
4182025034100230003,경기도 가평군 가평읍 금대리 23-3,2026-03-11
5111040028105800003,강원도 춘천시 남산면 서천리 580-3,2026-03-11
4182025034100220002,경기도 가평군 가평읍 금대리 22-2,2026-03-11
4183025022102100046,경기도 양평군 양평읍 오빈리 210-46,2026-03-11
4183041021101150000,경기도 양평군 개군면 하자포리 115,2026-03-11
4183031026100060017,경기도 양평군 강상면 세월리 6-17,2026-03-11
4183031026100060021,경기도 양평군 강상면 세월리 6-21,2026-03-11
4183031026100060030,경기도 양평군 강상면 세월리 6-30,2026-03-11
4313039021101050005,충청북도 충주시 금가면 하담리 105-5,2026-03-11
4313039021100900006,충청북도 충주시 금가면 하담리 90-6,2026-03-11
4313039021101050002,충청북도 충주시 금가면 하담리 105-2,2026-03-11
4313039021101050004,충청북도 충주시 금가면 하담리 105-4,2026-03-11
5111035029103710004,강원도 춘천시 서면 당림리 371-4,2026-03-11
5111035029103720003,강원도 춘천시 서면 당림리 372-3,2026-03-11
5111040028105800008,강원도 춘천시 남산면 서천리 580-8,2026-03-11
5111040028103200008,강원도 춘천시 남산면 서천리 320-8,2026-03-11
5111040028106530007,강원도 춘천시 남산면 서천리 653-7,2026-03-11
5111035030106290000,강원도 춘천시 서면 안보리 629,2026-03-11
5111040028103190000,강원도 춘천시 남산면 서천리 319,2026-03-11
5111035029103750000,강원도 춘천시 서면 당림리 375,2026-03-11
5111040028103200005,강원도 춘천시 남산면 서천리 320-5,2026-03-11
5111033021101900000,강원도 춘천시 신동면 의암리 190,2026-03-11
4161034021103410000,경기도 광주시 퇴촌면 광동리 341,2026-03-11
4161034021103430000,경기도 광주시 퇴촌면 광동리 343,2026-03-11
4136036024108200000,경기도 남양주시 조안면 송촌리 820,2026-03-11
4183041022101130027,경기도 양평군 개군면 구미리 113-27,2026-03-11
4183031021110820001,경기도 양평군 강상면 병산리 1082-1,2026-03-11
4183031026102750000,경기도 양평군 강상면 세월리 275,2026-03-11
4183031026100020004,경기도 양평군 강상면 세월리 2-4,2026-03-11
4183031026100050003,경기도 양평군 강상면 세월리 5-3,2026-03-11
4183031026100050004,경기도 양평군 강상면 세월리 5-4,2026-03-11
4183033029101880016,경기도 양평군 양서면 복포리 188-16,2026-03-11
4183025031104990002,경기도 양평군 양평읍 회현리 499-2,2026-03-11
4183035028106590000,경기도 양평군 서종면 수입리 659,2026-03-11
4183035028106600002,경기도 양평군 서종면 수입리 660-2,2026-03-11
4183031023101910001,경기도 양평군 강상면 교평리 191-1,2026-03-11
4183031023102420003,경기도 양평군 강상면 교평리 242-3,2026-03-11
4183031023102420004,경기도 양평군 강상면 교평리 242-4,2026-03-11
4183031021110960002,경기도 양평군 강상면 병산리 1096-2,2026-03-11
4167034523100720015,경기도 여주시 세종대왕면 왕대리 72-15,2026-03-11
4167034523100720010,경기도 여주시 세종대왕면 왕대리 72-10,2026-03-11
4167034523100720003,경기도 여주시 세종대왕면 왕대리 72-3,2026-03-11
4167034523100720002,경기도 여주시 세종대왕면 왕대리 72-2,2026-03-11
4167034523100720001,경기도 여주시 세종대왕면 왕대리 72-1,2026-03-11
4167034523100720005,경기도 여주시 세종대왕면 왕대리 72-5,2026-03-11
4167032022102090001,경기도 여주시 흥천면 계신리 209-1,2026-03-11
4167032022102070001,경기도 여주시 흥천면 계신리 207-1,2026-03-11
4167034523100720014,경기도 여주시 세종대왕면 왕대리 72-14,2026-03-11
4167032022102070002,경기도 여주시 흥천면 계신리 207-2,2026-03-11
4167034523100720011,경기도 여주시 세종대왕면 왕대리 72-11,2026-03-11
4167034523100720019,경기도 여주시 세종대왕면 왕대리 72-19,2026-03-11
4167034523100730010,경기도 여주시 세종대왕면 왕대리 73-10,2026-03-11
4146110900100300002,경기도 용인시 처인구 호동 30-2,2026-03-11
4146110900100300001,경기도 용인시 처인구 호동 30-1,2026-03-11
4146110900100010006,경기도 용인시 처인구 호동 1-6,2026-03-11
4146110900100010004,경기도 용인시 처인구 호동 1-4,2026-03-11
4146125024101080005,경기도 용인시 처인구 포곡읍 영문리 108-5,2026-03-11
4146110900102430000,경기도 용인시 처인구 호동 243,2026-03-11
4136036024101040004,경기도 남양주시 조안면 송촌리 104-4,2026-03-11
4136036024101740003,경기도 남양주시 조안면 송촌리 174-3,2026-03-11
4146125321108720002,경기도 용인시 처인구 모현읍 왕산리 872-2,2026-03-11
4146110900101410010,경기도 용인시 처인구 호동 141-10,2026-03-11
4146110800102120030,경기도 용인시 처인구 운학동 212-30,2026-03-11
4146110800102120019,경기도 용인시 처인구 운학동 212-19,2026-03-11
4146110800101990000,경기도 용인시 처인구 운학동 199,2026-03-11
4161035027105890001,경기도 광주시 남종면 수청리 589-1,2026-03-11
4161035027105880000,경기도 광주시 남종면 수청리 588,2026-03-11
4161035022102320002,경기도 광주시 금사면 금사리 232-2,2026-03-11
4167010500100730024,경기도 여주시 단현동 73-24,2026-03-11
4167035039103650001,경기도 여주시 대신면 양촌리 365-1,2026-03-11
4167035039103390000,경기도 여주시 대신면 양촌리 339,2026-03-11
4167035039102790000,경기도 여주시 대신면 양촌리 279,2026-03-11
4167035039102460000,경기도 여주시 대신면 양촌리 246,2026-03-11
4167035039103740000,경기도 여주시 대신면 양촌리 374,2026-03-11
4182032527102600051,경기도 가평군 청평면 삼회리 260-51,2026-03-11
4182032527102600070,경기도 가평군 청평면 삼회리 260-70,2026-03-11
4182025034100610003,경기도 가평군 가평읍 금대리 61-3,2026-03-11
4182025034100550094,경기도 가평군 가평읍 금대리 55-94,2026-03-11
4182025034100550104,경기도 가평군 가평읍 금대리 55-104,2026-03-11
4182025033100800009,경기도 가평군 가평읍 복장리 80-9,2026-03-11
4183025022102100062,경기도 양평군 양평읍 오빈리 210-62,2026-03-11
4183025022103700001,경기도 양평군 양평읍 오빈리 370-1,2026-03-11
4183031023102540003,경기도 양평군 강상면 교평리 254-3,2026-03-11
4183031023102540002,경기도 양평군 강상면 교평리 254-2,2026-03-11
4183033022100480002,경기도 양평군 양서면 용담리 48-2,2026-03-11
4183025022102100104,경기도 양평군 양평읍 오빈리 210-104,2026-03-11
4183025022102100056,경기도 양평군 양평읍 오빈리 210-56,2026-03-11
4183025022102100103,경기도 양평군 양평읍 오빈리 210-103,2026-03-11
4183025022103920007,경기도 양평군 양평읍 오빈리 392-7,2026-03-11
4183025022102100108,경기도 양평군 양평읍 오빈리 210-108,2026-03-11
4183033021103250003,경기도 양평군 양서면 양수리 325-3,2026-03-11
4183033021103270002,경기도 양평군 양서면 양수리 327-2,2026-03-11
4183033027100770075,경기도 양평군 양서면 대심리 77-75,2026-03-11
4183025022102100102,경기도 양평군 양평읍 오빈리 210-102,2026-03-11
4183025022103920001,경기도 양평군 양평읍 오빈리 392-1,2026-03-11
4183025022102100075,경기도 양평군 양평읍 오빈리 210-75,2026-03-11
4183025022103920008,경기도 양평군 양평읍 오빈리 392-8,2026-03-11
4183025022102100080,경기도 양평군 양평읍 오빈리 210-80,2026-03-11
4183025022103710003,경기도 양평군 양평읍 오빈리 371-3,2026-03-11
4183025022102100041,경기도 양평군 양평읍 오빈리 210-41,2026-03-11
4183025031106100169,경기도 양평군 양평읍 회현리 610-169,2026-03-11
4183025031103640050,경기도 양평군 양평읍 회현리 364-50,2026-03-11
4183031026102660000,경기도 양평군 강상면 세월리 266,2026-03-11
4183025022102100053,경기도 양평군 양평읍 오빈리 210-53,2026-03-11
4183025022102100015,경기도 양평군 양평읍 오빈리 210-15,2026-03-11
4183025022102100105,경기도 양평군 양평읍 오빈리 210-105,2026-03-11
4183025022102100032,경기도 양평군 양평읍 오빈리 210-32,2026-03-11
4183025022102100017,경기도 양평군 양평읍 오빈리 210-17,2026-03-11
4183031026100060012,경기도 양평군 강상면 세월리 6-12,2026-03-11
4183025022103710001,경기도 양평군 양평읍 오빈리 371-1,2026-03-11
4183025022103650012,경기도 양평군 양평읍 오빈리 365-12,2026-03-11
4183025022102100042,경기도 양평군 양평읍 오빈리 210-42,2026-03-11
4183025022102100058,경기도 양평군 양평읍 오빈리 210-58,2026-03-11
4183025022102100030,경기도 양평군 양평읍 오빈리 210-30,2026-03-11
4183025022102100092,경기도 양평군 양평읍 오빈리 210-92,2026-03-11
4183025022102100106,경기도 양평군 양평읍 오빈리 210-106,2026-03-11
4183025031103640041,경기도 양평군 양평읍 회현리 364-41,2026-03-11
4183025022103650008,경기도 양평군 양평읍 오빈리 365-8,2026-03-11
4183033027100530013,경기도 양평군 양서면 대심리 53-13,2026-03-11
4183033021103250004,경기도 양평군 양서면 양수리 325-4,2026-03-11
4183033021103250002,경기도 양평군 양서면 양수리 325-2,2026-03-11
4183031023102150000,경기도 양평군 강상면 교평리 215,2026-03-11
5111040028105140001,강원도 춘천시 남산면 서천리 514-1,2026-03-11
5111035030100270000,강원도 춘천시 서면 안보리 27,2026-03-11
5111035030100270001,강원도 춘천시 서면 안보리 27-1,2026-03-11
5111040028106210007,강원도 춘천시 남산면 서천리 621-7,2026-03-11
5111040028102970007,강원도 춘천시 남산면 서천리 297-7,2026-03-11
5111040028102970012,강원도 춘천시 남산면 서천리 297-12,2026-03-11
5111040028102980033,강원도 춘천시 남산면 서천리 298-33,2026-03-11
5111040028102980034,강원도 춘천시 남산면 서천리 298-34,2026-03-11
5111040028102980035,강원도 춘천시 남산면 서천리 298-35,2026-03-11
5111040028102980040,강원도 춘천시 남산면 서천리 298-40,2026-03-11
5111040027105360000,강원도 춘천시 남산면 강촌리 536,2026-03-11
5111040028103260014,강원도 춘천시 남산면 서천리 326-14,2026-03-11
5111040027105710001,강원도 춘천시 남산면 강촌리 571-1,2026-03-11
5111040027105710013,강원도 춘천시 남산면 강촌리 571-13,2026-03-11
5113035026107830003,강원도 원주시 부론면 단강리 783-3,2026-03-11
5113035023117420000,강원도 원주시 부론면 정산리 1742,2026-03-11
4161035022102450002,광주시 남종면 금사리 245-2,2026-03-11
4161035022102470002,광주시 남종면 금사리 247-2,2026-03-11
4136025625106300021,남양주시 화도읍 금남리 630-21,2026-03-11
4136025625200500010,남양주시 화도읍 금남리 산50-10,2026-03-11
4136025625200500044,남양주시 화도읍 금남리 산50-44,2026-03-11
4136025625200500021,남양주시 화도읍 금남리 산50-21,2026-03-11
4136025625200500029,남양주시 화도읍 금남리 산50-29,2026-03-11
4136025625200560268,남양주시 화도읍 금남리 산56-268,2026-03-11
4161035022102070003,광주시 남종면 금사리 207-3,2026-03-11
4183033027101970000,양평군 양서면 대심리 197,2026-03-11
4183033027101970002,양평군 양서면 대심리 197-2,2026-03-11
4183033027101980011,양평군 양서면 대심리 198-11,2026-03-11
4183033027100970043,양평군 양서면 대심리 97-43,2026-03-11
4136025625200500011,남양주시 화도읍 금남리 산50-11,2026-03-11
4136025625200500016,남양주시 화도읍 금남리 산50-16,2026-03-11
4136025625200500023,남양주시 화도읍 금남리 산50-23,2026-03-11
4136025625200500036,남양주시 화도읍 금남리 산50-36,2026-03-11
4183033027101140001,양평군 양서면 대심리 114-1,2026-03-11
4183033027101140004,양평군 양서면 대심리 114-4,2026-03-11
4183033027101140005,양평군 양서면 대심리 114-5,2026-03-11
5111040028103070002,춘천시 남산면 서천리 307-2,2026-03-11
5111040028103070017,춘천시 남산면 서천리 307-17,2026-03-11
4183033027101140006,양평군 양서면 대심리 114-6,2026-03-11
4183033027101140007,양평군 양서면 대심리 114-7,2026-03-11
5111035030101190010,춘천시 서면 안보리 119-10,2026-03-11
5111035030101220000,춘천시 서면 안보리 122,2026-03-11
4146125322105770001,용인시 처인구 모현읍 갈담리 577-1,2026-03-11
4146125324103700014,용인시 처인구 모현읍 일산리 370-14,2026-03-11
4136025625106300022,남양주시 화도읍 금남리 630-22,2026-03-11
4136025625106300027,남양주시 화도읍 금남리 630-27,2026-03-11
4161034021103480000,광주시 퇴촌면 광동리 348,2026-03-11
4161034029101670003,광주시 퇴촌면 원당리 167-3,2026-03-11
4136025625200500001,남양주시 화도읍 금남리 산50-1,2026-03-11
5111040028103070007,춘천시 남산면 서천리 307-7,2026-03-11
5111040028103070020,춘천시 남산면 서천리 307-20,2026-03-11
5111040028103070021,춘천시 남산면 서천리 307-21,2026-03-11
5111040028103050001,춘천시 남산면 서천리 305-1,2026-03-11
4136025625200500051,남양주시 화도읍 금남리 산50-51,2026-03-11
4136025625200500071,남양주시 화도읍 금남리 산50-71,2026-03-11
4136025625106300028,남양주시 화도읍 금남리 630-28,2026-03-11
4146125324100200001,용인시 처인구 모현읍 일산리 20-1,2026-03-11
4146125324100200003,용인시 처인구 모현읍 일산리 20-3,2026-03-11
4146125324100200004,용인시 처인구 모현읍 일산리 20-4,2026-03-11
4146125324100200005,용인시 처인구 모현읍 일산리 20-5,2026-03-11
4136025625200500052,남양주시 화도읍 금남리 산50-52,2026-03-11
4136025625200500056,남양주시 화도읍 금남리 산50-56,2026-03-11
4136025625200500018,남양주시 화도읍 금남리 산50-18,2026-03-11
4146125324100200002,용인시 처인구 모현읍 일산리 20-2,2026-03-11
4146125324100200011,용인시 처인구 모현읍 일산리 20-11,2026-03-11
4136036024103620000,남양주시 조안면 송촌리 362,2026-03-11
4136036024103580004,남양주시 조안면 송촌리 358-4,2026-03-11
4136036024103580005,남양주시 조안면 송촌리 358-5,2026-03-11
4183032026110270008,양평군 강하면 전수리 1027-8,2026-03-11
4183032026110270010,양평군 강하면 전수리 1027-10,2026-03-11
4182025034100550051,가평군 가평읍 금대리 55-51,2026-03-11
4182025034100550095,가평군 가평읍 금대리 55-95,2026-03-11
4183033027101110001,양평군 양서면 대심리 111-1,2026-03-11
4183035021105850003,양평군 서종면 문호리 585-3,2026-03-11
4183035021105850004,양평군 서종면 문호리 585-4,2026-03-11
4183035021105850005,양평군 서종면 문호리 585-5,2026-03-11
4161025330106300014,광주시 초월읍 무갑리 630-14,2026-03-11
4161025330106300010,광주시 초월읍 무갑리 630-10,2026-03-11
4161025330106300029,광주시 초월읍 무갑리 630-29,2026-03-11
5111040028105410046,춘천시 남산면 서천리 541-46,2026-03-11
5111040028105410029,춘천시 남산면 서천리 541-29,2026-03-11
5111040028105410047,춘천시 남산면 서천리 541-47,2026-03-11
4136025625200500057,남양주시 화도읍 금남리 산50-57,2026-03-11
4146110900201460003,용인시 처인구 호동 산146-3,2026-03-11
4161025330106300040,광주시 초월읍 무갑리 630-40,2026-03-11
4183031021102560000,경기도 양평군 강상면 병산리 256,2026-03-11
5111040028106900014,강원특별자치도 춘천시 남산면 서천리 690-14,2026-03-11
5111040028106900016,강원특별자치도 춘천시 남산면 서천리 690-16,2026-03-11
5111040028106530003,강원특별자치도 춘천시 남산면 서천리 653-3,2026-03-11
5111040028106530008,강원특별자치도 춘천시 남산면 서천리 653-8,2026-03-11
5111040028106530009,강원특별자치도 춘천시 남산면 서천리 653-9,2026-03-11
5111040028106530014,강원특별자치도 춘천시 남산면 서천리 653-14,2026-03-11
5111040028106530010,강원특별자치도 춘천시 남산면 서천리 653-10,2026-03-11
5111040028106530011,강원특별자치도 춘천시 남산면 서천리 653-11,2026-03-11
5111040028106530012,강원특별자치도 춘천시 남산면 서천리 653-12,2026-03-11
4183033027100680000,경기도 양평군 양서면 대심리 68,2026-03-11
4183031021102570001,경기도 양평군 강상면 병산리 257-1,2026-03-11
4183034024105090002,경기도 양평군 옥천면 아신리 509-2,2026-03-11
4183034024105080032,경기도 양평군 옥천면 아신리 508-32,2026-03-11
4183034024105080033,경기도 양평군 옥천면 아신리 508-33,2026-03-11
4182025033104460007,경기도 가평군 가평읍 복장리 446-7,2026-03-11
4183025031103640035,경기도 양평군 양평읍 회현리 364-35,2026-03-11
4183025031103640053,경기도 양평군 양평읍 회현리 364-53,2026-03-11
4146125324103210032,경기도 용인시 처인구 모현읍 일산리 321-32,2026-03-11
4167032029200360002,경기도 여주시 흥천면 상백리 36-2,2026-03-11
4167032029200360006,경기도 여주시 흥천면 상백리 36-6,2026-03-11
4167032029100370000,경기도 여주시 흥천면 상백리 37,2026-03-11
4167032029100360004,경기도 여주시 흥천면 상백리 36-4,2026-03-11
4182025034101280003,경기도 가평군 가평읍 금대리 128-3,2026-03-11
4182025034101300015,경기도 가평군 가평읍 금대리 130-15,2026-03-11
4182025034101300019,경기도 가평군 가평읍 금대리 130-19,2026-03-11
4182025034101300023,경기도 가평군 가평읍 금대리 130-23,2026-03-11
4182025034101280014,경기도 가평군 가평읍 금대리 128-14,2026-03-11
4182025034101280015,경기도 가평군 가평읍 금대리 128-15,2026-03-11
4136036023100140000,경기도 남양주시 조안면 진중리 14,2026-03-11
4167035034105120001,경기도 여주시 대신면 천서리 512-1,2026-03-11
4182032526105780002,경기도 가평군 청평면 고성리 578-2,2026-03-11
4136036021100970005,경기도 남양주시 조안면 능내리 97-5,2026-03-11
4183031021110820005,경기도 양평군 강상면 병산리 1082-5,2026-03-11
4183031021110820012,경기도 양평군 강상면 병산리 1082-12,2026-03-11
4183031021110820015,경기도 양평군 강상면 병산리 1082-15,2026-03-11
4183031021110820016,경기도 양평군 강상면 병산리 1082-16,2026-03-11
4183031021111000003,경기도 양평군 강상면 병산리 1100-3,2026-03-11
4183031021111010017,경기도 양평군 강상면 병산리 1101-17,2026-03-11
4183031021111010021,경기도 양평군 강상면 병산리 1101-21,2026-03-11
4183041023100290055,경기도 양평군 개군면 앙덕리 29-55,2026-03-11
4183041023100320001,경기도 양평군 개군면 앙덕리 32-1,2026-03-11
4183041023100320002,경기도 양평군 개군면 앙덕리 32-2,2026-03-11
4183041023100290014,경기도 양평군 개군면 앙덕리 29-14,2026-03-11
4183025022101980007,경기도 양평군 양평읍 오빈리 198-7,2026-03-11
4183041023101250004,경기도 양평군 개군면 앙덕리 125-4,2026-03-11
4183025022102100020,경기도 양평군 양평읍 오빈리 210-20,2026-03-11
4167033030100370000,경기도 여주시 금사면 금사리 37,2026-03-11
4136036024103230000,경기도 남양주시 조안면 송촌리 323,2026-03-11
4136036024103250000,경기도 남양주시 조안면 송촌리 325,2026-03-11
4136036024103240001,경기도 남양주시 조안면 송촌리 324-1,2026-03-11
4136036024103240002,경기도 남양주시 조안면 송촌리 324-2,2026-03-11
4182025033100230001,경기도 가평군 가평읍 복장리 23-1,2026-03-11
4182025033100230008,경기도 가평군 가평읍 복장리 23-8,2026-03-11
4182025033100240000,경기도 가평군 가평읍 복장리 24,2026-03-11
4182025033100250000,경기도 가평군 가평읍 복장리 25,2026-03-11
4161035024103090001,경기도 광주시 남종면 삼성리 309-1,2026-03-11
4136036023101900000,경기도 남양주시 조안면 진중리 190,2026-03-11
4167034524100270078,경기도 여주시 세종대왕면 백석리 27-78,2026-03-11
4167034524100270083,경기도 여주시 세종대왕면 백석리 27-83,2026-03-11
4167034524100270084,경기도 여주시 세종대왕면 백석리 27-84,2026-03-11
4167034524100270085,경기도 여주시 세종대왕면 백석리 27-85,2026-03-11
4167034524100270091,경기도 여주시 세종대왕면 백석리 27-91,2026-03-11
4167034524100270092,경기도 여주시 세종대왕면 백석리 27-92,2026-03-11
4167034524100270094,경기도 여주시 세종대왕면 백석리 27-94,2026-03-11
4146125324100430001,경기도 용인시 처인구 모현읍 일산리 43-1,2026-03-11
4183033027200030008,경기도 양평군 양서면 대심리 3-8,2026-03-11
4183033027100030013,경기도 양평군 양서면 대심리 3-13,2026-03-11
4183033027100030020,경기도 양평군 양서면 대심리 3-20,2026-03-11
4183033027100030021,경기도 양평군 양서면 대심리 3-21,2026-03-11
5111040027106310001,강원특별자치도 춘천시 남산면 강촌리 631-1,2026-03-11
4183033027100530081,경기도 양평군 양서면 대심리 53-81,2026-03-11
4161035026107320000,경기도 광주시 남종면 검천리 732,2026-03-11
4161011800101380001,경기도 광주시 추자동 138-1,2026-03-11
4167035039103360001,경기도 여주시 대신면 양촌리 336-1,2026-03-11
4167035039103360004,경기도 여주시 대신면 양촌리 336-4,2026-03-11
4136025625106280005,경기도 남양주시 화도읍 금남리 628-5,2026-03-11
4136025625106280006,경기도 남양주시 화도읍 금남리 628-6,2026-03-11
4136025625106280007,경기도 남양주시 화도읍 금남리 628-7,2026-03-11
4136025625200500047,경기도 남양주시 화도읍 금남리 산50-47,2026-03-11
4183034024105190003,경기도 양평군 옥천면 아신리 519-3,2026-03-11
4183034024105190008,경기도 양평군 옥천면 아신리 519-8,2026-03-11
4183034024105190004,경기도 양평군 옥천면 아신리 519-4,2026-03-11
4183034024105190011,경기도 양평군 옥천면 아신리 519-11,2026-03-11
4183034024105190005,경기도 양평군 옥천면 아신리 519-5,2026-03-11
4183034024105190013,경기도 양평군 옥천면 아신리 519-13,2026-03-11
4183041022101130001,경기도 양평군 개군면 구미리 113-1,2026-03-11
4183041022101130003,경기도 양평군 개군면 구미리 113-3,2026-03-11
4183033027100970046,경기도 양평군 양서면 대심리 97-46,2026-03-11
4183033027100970053,경기도 양평군 양서면 대심리 97-53,2026-03-11
4183031021101750000,경기도 양평군 강상면 병산리 175,2026-03-11
4146110900102730000,경기도 용인시 처인구 호동 273,2026-03-11
4146111000103290001,경기도 용인시 처인구 해곡동 329-1,2026-03-11
4146111000103290002,경기도 용인시 처인구 해곡동 329-2,2026-03-11
4167035039103650002,경기도 여주시 대신면 양촌리 365-2,2026-03-11
4167035039102210000,경기도 여주시 대신면 양촌리 221,2026-03-11
